CodInst,Data,NomeInstituicao,DataInicioAtividade,Tcb,Td,Tc,SegmentoTb,Atividade,Uf,Municipio,Sr,CodConglomeradoFinanceiro,CodConglomeradoPrudencial,CnpjInstituicaoLider,Situacao
C0080312,202506,ABC-BRASIL - PRUDENCIAL,180001,B1,I,3,,Crédito Atacado,SP,São Paulo,S3,,C0080312,28195667,A
C0083694,202506,AGIBANK - PRUDENCIAL,180001,B1,I,2,,Crédito Varejo,SP,Campinas,S3,,C0083694,10664513,A
01542356,202506,AGROBANCO-BANCO COMERCIAL S.A.,194602,B1,I,2,Banco Comercial,,GO,Goiânia,,,,,I
C0081256,202506,ANDBANK - PRUDENCIAL,180001,B1,I,3,,Crédito Varejo,SP,São Paulo,S4,,C0081256,48795256,A
09978168,202506,BANCA COMMERCIALE ITALIANA,197411,B1,I,3,Banco Comercial Estrangeiro - Filial no país,,SP,São Paulo,,,,,I
28195667,202506,BANCO ABC BRASIL S.A.,198312,B1,I,3,Banco Múltiplo,,SP,São Paulo,S3,,C0080312,28195667,A
03532415,202506,BANCO ABN AMRO CLEARING S.A.,199912,B1,I,3,Banco Múltiplo,,SP,São Paulo,S4,,C0081579,03532415,A
33066408,202506,BANCO ABN AMRO REAL S.A.,196703,B1,I,3,Banco Múltiplo,,SP,São Paulo,,,,,I
C0083539,202506,BANCO AFINZ BM - PRUDENCIAL,180001,B1,I,2,,Serviços,SP,Barueri,S4,,C0083539,60114865,A
04814563,202506,BANCO AFINZ S.A. - BANCO MÚLTIPLO,201007,B1,I,2,Banco Múltiplo,,SP,Barueri,S4,,C0083539,60114865,A
10664513,202506,BANCO AGIBANK S.A.,200903,B1,I,2,Banco Comercial,,SP,Campinas,S3,,C0083694,10664513,A
24986770,202506,BANCO AGRIMISA S.A.,193107,B1,I,2,Banco Múltiplo,,MG,Belo Horizonte,,,,,I
09777385,202506,BANCO AGROPASTORIL DE MINAS GERAIS S.A.,180001,B1,I,2,Banco Comercial,,,,,,,,I
03323840,202506,BANCO ALFA S.A.,199909,B1,I,2,Banco Comercial,,SP,São Paulo,S2,,C0080109,58160789,A
33870163,202506,BANCO ALVORADA S.A.,196810,B1,I,3,Banco Múltiplo,,BA,Salvador,S1,,,,I
48795256,202506,BANCO ANDBANK (BRASIL) S.A.,197708,B1,I,3,Banco Múltiplo,,SP,São Paulo,S4,,C0081256,48795256,A
33861840,202506,BANCO APLICAP S.A.,197903,B1,I,2,Banco Comercial,,RJ,Rio de Janeiro,,,,,LO
78336633,202506,BANCO ARAUCÁRIA S.A.,197912,B1,I,2,Banco Múltiplo,,PR,Curitiba,,,,,I
54403563,202506,BANCO ARBI S.A.,196910,B1,I,2,Banco Comercial,,RJ,Rio de Janeiro,S4,,C0081201,54403563,A
09777384,202506,BANCO AUTOCASTRO S.A.,180001,B1,I,2,Banco Comercial,,,,,,,,LO
60885100,202506,BANCO AUXILIAR S.A.,194301,B1,I,2,Banco Comercial,,SP,São Paulo,,,,,I
C0081225,202506,BANCO B3 - PRUDENCIAL,180001,B1,I,2,,Serviços,SP,São Paulo,S4,,C0081225,00997185,A
00997185,202506,BANCO B3 S.A.,199609,B1,I,2,Banco Comercial,,SP,São Paulo,S4,,C0081225,00997185,A
10866788,202506,BANCO BANDEPE S.A.,196402,B1,I,3,Banco Múltiplo,,SP,São Paulo,S1,,C0080185,90400888,A
15142490,202506,BANCO BANEB S.A.,193706,B1,I,2,Banco Múltiplo,,BA,Salvador,,,,,I
76492172,202506,BANCO BANESTADO S.A.,192811,B1,I,2,Banco Múltiplo,,PR,Curitiba,,,,,I
C0080893,202506,BANCO BARI DE INVESTIMENTO E FINANCI. - PRUDENCIAL,180001,B1,I,2,,Crédito Varejo,PR,Curitiba,S4,,C0080893,00556603,A
00556603,202506,BANCO BARI DE INVESTIMENTOS E FINANCIAMENTOS S.A.,199506,B1,I,2,Banco Múltiplo,,PR,Curitiba,S4,,C0080893,00556603,A
60898723,202506,BANCO BCN S.A.,194001,B1,I,2,Banco Múltiplo,,SP,São Paulo,,,,,I
04562120,202506,BANCO BEA S.A.,195805,B1,I,2,Banco Múltiplo,,AM,Manaus,,,,,I
07196934,202506,BANCO BEC S.A.,196406,B1,I,2,Banco Múltiplo,,SP,Osasco,,,,,I
01540541,202506,BANCO BEG S.A.,194607,B1,I,2,Banco Múltiplo,,GO,Goiânia,,,,,I
58497702,202506,BANCO BLUEBANK S.A.,198801,B1,I,2,Banco Múltiplo,,RJ,Rio de Janeiro,S3,,C0080367,33923798,A
50585090,202506,BANCO BMG CONSIGNADO S.A.,197805,B1,I,2,Banco Múltiplo,,SP,São Paulo,S3,,C0080178,61186680,A
61186680,202506,BANCO BMG S.A.,196504,B1,I,2,Banco Múltiplo,,SP,São Paulo,S3,,C0080178,61186680,A
62421979,202506,BANCO BMG SOLUÇÕES FINANCEIRAS S.A.,196810,B1,I,2,Banco Múltiplo,,SP,São Paulo,S3,,C0080178,61186680,A
01522368,202506,BANCO BNP PARIBAS BRASIL S.A.,199612,B1,I,3,Banco Múltiplo,,SP,São Paulo,S3,,C0080673,01522368,A
33485541,202506,BANCO BOAVISTA INTERATLANTICO S.A.,192401,B1,I,2,Banco Múltiplo,,SP,Osasco,,,,,I
15114366,202506,BANCO BOCOM BBM S.A.,196706,B1,I,3,Banco Múltiplo,,BA,Salvador,S3,,C0084624,15114366,A
61356762,202506,"BANCO BOZANO, SIMONSEN S.A.",192410,B1,I,2,Banco Comercial,,RJ,Rio de Janeiro,,,,,I
04184779,202506,BANCO BRADESCARD S.A.,200102,B1,I,2,Banco Múltiplo,,SP,Osasco,S1,,C0080075,60746948,A
06271464,202506,BANCO BRADESCO BBI S.A.,193906,B1,I,2,Banco Múltiplo,,SP,Osasco,S1,,C0080075,60746948,A
33147315,202506,BANCO BRADESCO BERJ S.A.,194503,B1,I,2,Banco Múltiplo,,SP,Osasco,S1,,C0080075,60746948,A
59438325,202506,BANCO BRADESCO CARTÕES S.A.,198902,B1,I,3,Banco Múltiplo,,SP,Osasco,S1,,,,I
07207996,202506,BANCO BRADESCO FINANCIAMENTOS S.A.,193907,B1,I,2,Banco Múltiplo,,SP,Osasco,S1,,C0080075,60746948,A
60746948,202506,BANCO BRADESCO S.A.,194303,B1,I,2,Banco Múltiplo,,SP,Osasco,S1,,C0080075,60746948,A
13004577,202506,BANCO BRASILEIRO COMERCIAL S.A.,193409,B1,I,2,Banco Múltiplo,,GO,Goiânia,,,,,I
09777383,202506,BANCO BRASILEIRO DE CREDITO S.A.,180001,B1,I,2,Banco Comercial,,,,,,,,LO
01852137,202506,BANCO BRASILEIRO DE CRÉDITO SOCIEDADE ANÔNIMA,199706,B1,I,2,Banco Múltiplo,,SP,São Paulo,S4,,C0084480,01852137,A
09777382,202506,BANCO BRASILEIRO DO COMERCIO S.A.,180001,B1,I,2,Banco Comercial,,,,,,,,F
09777381,202506,BANCO BRASILEIRO UNIDO S.A.,180001,B1,I,2,Banco Comercial,,,,,,,,F
27894443,202506,BANCO BRASILEIRO-IRAQUIANO S.A.,198210,B1,I,2,Banco Comercial,,RJ,Rio de Janeiro,,,,,I
28060929,202506,BANCO BRJ S.A.,198308,B1,I,2,Banco Comercial,,RJ,Rio de Janeiro,,,,,I
71027866,202506,BANCO BS2 S.A.,199305,B1,I,2,Banco Múltiplo,,MG,Belo Horizonte,S3,,C0080422,71027866,A
30306294,202506,BANCO BTG PACTUAL S.A.,198612,B1,I,2,Banco Múltiplo,,RJ,Rio de Janeiro,S1,,C0080336,30306294,A
01858774,202506,BANCO BV S.A.,199708,B1,I,2,Banco Múltiplo,,SP,São Paulo,S2,,C0080484,59588111,A
32254138,202506,BANCO BVA S.A.,198903,B1,I,2,Banco Múltiplo,,SP,São Paulo,,,,,I
C0084844,202506,BANCO C6 - PRUDENCIAL,180001,B1,I,2,,Crédito Varejo,SP,São Paulo,S3,,C0084844,31872495,A
61348538,202506,BANCO C6 CONSIGNADO S.A.,196502,B1,I,2,Banco Múltiplo,,SP,São Paulo,S3,,C0084844,31872495,A
31872495,202506,BANCO C6 S.A.,201901,B1,I,2,Banco Múltiplo,,SP,São Paulo,S3,,C0084844,31872495,A
33349358,202506,BANCO CACIQUE S.A.,196408,B1,I,3,Banco Múltiplo,,SP,São Paulo,,,,,I
33466988,202506,BANCO CAIXA GERAL - BRASIL S.A.,193810,B1,I,3,Banco Múltiplo,,SP,São Paulo,S4,,C0080927,33466988,A
27598994,202506,BANCO CAMBIAL S.A.,198109,B1,I,2,Banco Comercial,,RJ,Rio de Janeiro,,,,,I
03609817,202506,BANCO CARGILL S.A.,200002,B1,I,3,Banco Múltiplo,,SP,São Paulo,S4,,C0081414,03609817,A
33132044,202506,BANCO CEDULA S.A.,196506,B1,I,2,Banco Múltiplo,,RJ,Rio de Janeiro,S4,,C0081469,33132044,A
09777380,202506,BANCO CENTRAL BRASILEIRO S.A.,180001,B1,I,2,Banco Comercial,,,,,,,,I
09777379,202506,BANCO CENTRAL DO COMERCIO S.A.,180001,B1,I,2,Banco Comercial,,,,,,,,I
09777378,202506,BANCO CENTRAL DO PERNAMBUCO S.A.,180001,B1,I,2,Banco Comercial,,,,,,,,I
09777360,202506,BANCO CENTRAL MERCANTIL S.A.,180001,B1,I,2,Banco Comercial,,,,,,,,I
00558456,202506,BANCO CETELEM S.A.,199505,B1,I,3,Banco Múltiplo,,SP,Barueri,S3,,,,I
09777377,202506,BANCO CIDADE DE SALVADOR S.A.,180001,B1,I,2,Banco Comercial,,,,,,,,I
33479023,202506,BANCO CITIBANK S.A.,196602,B1,I,3,Banco Múltiplo,,SP,São Paulo,S2,,C0080192,33479023,A
31597552,202506,BANCO CLASSICO S.A.,198710,B1,I,2,Banco Múltiplo,,RJ,Rio de Janeiro,S3,,C0081665,31597552,A
09777376,202506,BANCO COMANDO S/A (EX-CIVIA),180001,B1,I,2,Banco Comercial,,,,,,,,I
60937877,202506,BANCO COMERCIAL BRASILEIRO S.A.,180001,B1,I,2,Banco Comercial,,,,,,,,LO
09777375,202506,BANCO COMERCIAL DA CAPITAL DA REPUBLICA S.A.,180001,B1,I,2,Banco Comercial,,,,,,,,I
09777374,202506,BANCO COMERCIAL DE DESCONTOS S.A.,180001,B1,I,2,Banco Comercial,,,,,,,,F
71705719,202506,BANCO COMERCIAL DE SÃO PAULO S.A.,199307,B1,I,2,Banco Comercial,,SP,São Paulo,,,,,I
09777373,202506,BANCO COMERCIAL DO ESTADO DA GUANABARA S.A.,180001,B1,I,2,Banco Comercial,,,,,,,,I
61230165,202506,BANCO COMERCIAL E DE INVESTIMENTO SUDAMERIS S.A.,194010,B1,I,3,Banco Múltiplo,,SP,São Paulo,,,,,I
33087594,202506,BANCO COMERCIAL IPIRANGA S.A.,180001,B1,I,2,Banco Comercial,,,,,,,,I
72971922,202506,BANCO COMERCIAL PARAGUAYO S.A.,198809,B1,I,3,Banco Comercial Estrangeiro - Filial no país,,SP,São Paulo,,,,,I
09777372,202506,BANCO COMERCIAL S.A.,180001,B1,I,2,Banco Comercial,,,,,,,,I
09777371,202506,BANCO COMERCIO DE SAO PAULO S.A.,180001,B1,I,2,Banco Comercial,,,,,,,,F
09777370,202506,BANCO COMERCIO E INDUSTRIA DO RIO DE JANEIRO S.A.,180001,B1,I,2,Banco Comercial,,,,,,,,I
09777369,202506,BANCO CONTINENTAL DE SAO PAULO S.A.,180001,B1,I,2,Banco Comercial,,,,,,,,I
02038232,202506,BANCO COOPERATIVO SICOOB S.A. - BANCO SICOOB,199709,B1,I,2,Banco Múltiplo Cooperativo,,DF,Brasília,S2,,C0080879,02038232,A
01181521,202506,BANCO COOPERATIVO SICREDI S.A.,199606,B1,I,2,Banco Múltiplo Cooperativo,,RS,Porto Alegre,S2,,C0080745,01181521,A
33461468,202506,BANCO CREDIBANCO S.A.,196706,B1,I,2,Banco Múltiplo,,SP,Barueri,,,,,I
13007703,202506,BANCO CREDIPLAN S.A.,194504,B1,I,2,Banco Comercial,,SE,Aracaju,,,,,I
75647891,202506,BANCO CRÉDIT AGRICOLE BRASIL S.A.,198107,B1,I,3,Banco Múltiplo,,SP,São Paulo,S3,,C0080491,75647891,A
09777366,202506,BANCO CREDITO GERAL S.A.,180001,B1,I,2,Banco Comercial,,,,,,,,I
09777365,202506,BANCO CREDITO MANILIO GOBBI S.A.,180001,B1,I,2,Banco Comercial,,,,,,,,I
09777364,202506,BANCO CREDITO MUTUO DE MINAS GERAIS S.A,180001,B1,I,2,Banco Comercial,,,,,,,,LO
61033106,202506,BANCO CREFISA S.A.,196703,B1,I,2,Banco Comercial,,SP,São Paulo,S4,,C0083632,60779196,A
62136254,202506,BANCO CRUZEIRO DO SUL S.A.,196807,B1,I,2,Banco Múltiplo,,SP,São Paulo,,,,,I
04902979,202506,BANCO DA AMAZONIA S.A.,194212,B1,I,1,Banco Comercial,,PA,Belém,S3,,C0081249,04902979,A
09777363,202506,BANCO DA BARRA DO PIRAI S.A.,180001,B1,I,2,Banco Comercial,,,,,,,,F
10690848,202506,BANCO DA CHINA BRASIL S.A.,200907,B1,I,3,Banco Múltiplo,,SP,São Paulo,S3,,C0080295,07450604,A
58138991,202506,BANCO DA ECONOMIA DE SAO PAULO S.A.,180001,B1,I,2,Banco Comercial,,,,,,,,I
60601234,202506,BANCO DAS NACOES S.A.,194307,B1,I,2,Banco Comercial,,SP,São Paulo,,,,,I
62232889,202506,BANCO DAYCOVAL S.A.,196810,B1,I,2,Banco Múltiplo,,SP,São Paulo,S3,,C0081744,62232889,A
09777367,202506,BANCO DE CREDITO COMERCIAL DE SAO PAULO S.A.,180001,B1,I,2,Banco Comercial,,,,,,,,F
60633294,202506,BANCO DE CREDITO COMERCIAL S/A,194612,B1,I,2,Banco Comercial,,RJ,Rio de Janeiro,,,,,LO
21562962,202506,BANCO DE CREDITO REAL DE MINAS GERAIS S.A.,188909,B1,I,2,Banco Múltiplo,,MG,Juiz de Fora,,,,,I
33042151,202506,BANCO DE LA NACION ARGENTINA,196002,B1,I,3,Banco Comercial Estrangeiro - Filial no país,,SP,São Paulo,S4,,C0081270,33042151,A
44189447,202506,BANCO DE LA PROVINCIA DE BUENOS AIRES,198011,B1,I,3,Banco Comercial Estrangeiro - Filial no país,,SP,São Paulo,S4,,C0081263,44189447,A
05938220,202506,BANCO DE RORAIMA S.A.,196901,B1,I,1,Banco Comercial,,RR,Boa Vista,,,,,A
62027453,202506,BANCO DESTAK S.A.,196712,B1,I,2,Banco Comercial,,RJ,Rio de Janeiro,,,,,I
61199881,202506,BANCO DIBENS S.A.,196806,B1,I,2,Banco Múltiplo,,SP,São Paulo,,,,,I
C0081799,202506,BANCO DIGIMAIS - PRUDENCIAL,180001,B1,I,3,,Crédito Varejo,SP,São Paulo,S4,,C0081799,92874270,A
92874270,202506,BANCO DIGIMAIS S.A.,198112,B1,I,3,Banco Múltiplo,,SP,São Paulo,S4,,C0081799,92874270,A
00000000,202506,BANCO DO BRASIL S.A.,190607,B1,I,1,Banco do Brasil - Banco Múltiplo,,DF,Brasília,S1,,C0080329,00000000,A
58129206,202506,BANCO DO COMERCIO S.A.,193901,B1,I,2,Banco Comercial,,SP,Santos,,,,,I
61364022,202506,BANCO DO COMMERCIO E INDUSTRIA DE SAO PAULO S.A.,189001,B1,I,2,Banco Comercial,,SP,São Paulo,,,,,I
09777362,202506,BANCO DO DISTRITO FEDERAL S.A.,180001,B1,I,2,Banco Comercial,,,,,,,,I
12275749,202506,BANCO DO ESTADO DE ALAGOAS S.A.,196307,B1,I,1,Banco Múltiplo,,AL,Maceió,,,,,I
03468907,202506,BANCO DO ESTADO DE MATO GROSSO S.A.,196401,B1,I,1,Banco Múltiplo,,MT,Cuiabá,,,,,LO
34794644,202506,BANCO DO ESTADO DE RORAIMA S.A.,199004,B1,I,1,Banco Comercial,,RR,Boa Vista,,,,,I
83876003,202506,BANCO DO ESTADO DE SANTA CATARINA S.A.,196207,B1,I,1,Banco Comercial,,SC,Florianópolis,,,,,I
61411633,202506,BANCO DO ESTADO DE SÃO PAULO S.A. - BANESPA,190909,B1,I,3,Banco Múltiplo,,SP,São Paulo,,,,,I
13009717,202506,BANCO DO ESTADO DE SERGIPE S.A.,196401,B1,I,1,Banco Múltiplo,,SE,Aracaju,S4,,C0081634,13009717,A
34943654,202506,BANCO DO ESTADO DO AMAPÁ S/A,199208,B1,I,1,Banco Múltiplo,,AP,Macapá,,,,,I
04913711,202506,BANCO DO ESTADO DO PARÁ S.A.,196110,B1,I,1,Banco Múltiplo,,PA,Belém,S3,,C0081586,04913711,A
06833131,202506,BANCO DO ESTADO DO PIAUÍ S.A. - BEP,194603,B1,I,1,Banco Múltiplo,,PI,Teresina,,,,,I
08321952,202506,BANCO DO ESTADO DO RIO GRANDE DO NORTE S.A.,190601,B1,I,1,Banco Comercial,,RN,Natal,,,,,I
92702067,202506,BANCO DO ESTADO DO RIO GRANDE DO SUL S.A.,192809,B1,I,1,Banco Múltiplo,,RS,Porto Alegre,S2,,C0080154,92702067,A
07237373,202506,BANCO DO NORDESTE DO BRASIL S.A.,195406,B1,I,1,Banco Múltiplo,,CE,Fortaleza,S2,,C0081593,07237373,A
09777361,202506,BANCO DOS ESTADOS S.A.,180001,B1,I,2,Banco Comercial,,,,,,,,F
32067787,202506,BANCO EMPRESARIAL S.A.,198808,B1,I,2,Banco Múltiplo,,SP,São José do Rio Preto,,,,,I
00675688,202506,BANCO EQUATORIAL S.A.,199507,B1,I,2,Banco Comercial,,CE,Fortaleza,,,,,I
52503596,202506,BANCO F. BARRETTO S.A.,192901,B1,I,2,Banco Comercial,,SP,São Paulo,,,,,I
33644196,202506,BANCO FATOR S.A.,196709,B1,I,2,Banco Múltiplo,,SP,São Paulo,S4,,C0080350,33644196,A
58616418,202506,BANCO FIBRA S.A.,198806,B1,I,2,Banco Múltiplo,,SP,São Paulo,S3,,C0081483,58616418,A
09777359,202506,BANCO FINANCIAL DA PRODUCAO S.A.,180001,B1,I,2,Banco Comercial,,,,,,,,I
09777358,202506,BANCO FINANCIAL DO BRASIL S.A.,180001,B1,I,2,Banco Comercial,,,,,,,,I
09777357,202506,BANCO FINANCIAL DO COMERCIO LIMITADO,180001,B1,I,2,Banco Comercial,,,,,,,,F
03377934,202506,BANCO FINANCIAL S.A.,193807,B1,I,2,Banco Comercial,,MS,Corumbá,,,,,I
57561615,202506,BANCO FINASA S.A.,198707,B1,I,2,Banco Múltiplo,,SP,Osasco,,,,,I
11758741,202506,BANCO FINAXIS S.A.,201008,B1,I,2,Banco Comercial,,PR,Curitiba,S4,,C0080790,11758741,A
33098518,202506,BANCO FININVEST S.A.,196111,B1,I,2,Banco Múltiplo,,RJ,Rio de Janeiro,,,,,I
42593459,202506,BANCO FRANCES INTERNACIONAL (BRASIL) S.A.,199902,B1,I,3,Banco Comercial,,SP,São Paulo,,,,,I
09978221,202506,BANCO FRANCES URUGUAY S.A.,197703,B1,I,3,Banco Comercial Estrangeiro - Filial no país,,SP,São Paulo,,,,,I
45246410,202506,BANCO GENIAL S.A.,198012,B1,I,2,Banco Múltiplo,,RJ,Rio de Janeiro,S4,,C0080941,45246410,A
09777356,202506,BANCO GERAL DO CREDITO COMERCIAL S.A.,180001,B1,I,2,Banco Comercial,,,,,,,,F
42159129,202506,BANCO GNPP S.A.,197205,B1,I,2,Banco Múltiplo,,RJ,Rio de Janeiro,,,,,I
31880826,202506,BANCO GUANABARA S.A.,198803,B1,I,2,Banco Múltiplo,,RJ,Rio de Janeiro,S4,,C0081672,31880826,A
92893411,202506,BANCO HABITASUL S.A.,198201,B1,I,2,Banco Comercial,,RS,Porto Alegre,,,,,I
33268434,202506,BANCO HALLES S.A.,180001,B1,I,2,Banco Comercial,,,,,,,,I
09777355,202506,BANCO HIPOTECARIO GRAMACHO S.A.,180001,B1,I,2,Banco Comercial,,,,,,,,I
45666609,202506,BANCO HISPANO AMERICANO S.A.,198107,B1,I,3,Banco Comercial Estrangeiro - Filial no país,,SP,São Paulo,,,,,I
33229113,202506,BANCO HOLANDES UNIDO S.A.,191702,B1,I,3,Banco Comercial Estrangeiro - Filial no país,,RJ,Rio de Janeiro,,,,,I
C0084741,202506,BANCO HSBC - PRUDENCIAL,180001,B1,I,3,,Tesouraria e Negócios,SP,São Paulo,S3,,C0084741,53518684,A
53518684,202506,BANCO HSBC S.A.,198405,B1,I,3,Banco Múltiplo,,SP,São Paulo,S3,,C0084741,53518684,A
09777354,202506,BANCO IMOBILIARIO BRASILEIRO S.A.,180001,B1,I,2,Banco Comercial,,,,,,,,I
04866275,202506,BANCO INBURSA S.A.,200202,B1,I,3,Banco Múltiplo,,SP,São Paulo,S4,,C0081335,04866275,A
09777353,202506,BANCO INDUSTRIAL BRASILEIRO S.A.,180001,B1,I,2,Banco Comercial,,,,,,,,I
10866333,202506,BANCO INDUSTRIAL DE PERNAMBUCO S.A.,194203,B1,I,2,Banco Comercial,,PE,Recife,,,,,I
31895683,202506,BANCO INDUSTRIAL DO BRASIL S.A.,198803,B1,I,2,Banco Múltiplo,,SP,São Paulo,S4,,C0080477,31895683,A
00416968,202506,BANCO INTER S.A.,199503,B1,I,2,Banco Múltiplo,,MG,Belo Horizonte,S3,,C0080996,00416968,A
47571625,202506,BANCO INTER-ATLÂNTICO S.A.,192109,B1,I,2,Banco Comercial,,RJ,Rio de Janeiro,,,,,I
69057453,202506,BANCO INTERIOR DE SÃO PAULO S.A.,199211,B1,I,2,Banco Múltiplo,,SP,São José do Rio Preto,,,,,I
33861907,202506,BANCO INTERUNION S.A,196812,B1,I,2,Banco Múltiplo,,RJ,Rio de Janeiro,,,,,LO
76642859,202506,BANCO INVESTCORP S.A.,196810,B1,I,2,Banco Comercial,,RJ,Rio de Janeiro,,,,,I
61182408,202506,BANCO INVESTCRED UNIBANCO S.A.,194908,B1,I,2,Banco Comercial,,SP,São Paulo,S1,,C0080099,60872504,A
09777352,202506,BANCO IPANEMA S.A.,180001,B1,I,2,Banco Comercial,,,,,,,,F
17298092,202506,BANCO ITAÚ BBA S.A.,196709,B1,I,3,Banco Múltiplo,,SP,São Paulo,S1,,,,I
33885724,202506,BANCO ITAÚ CONSIGNADO S.A.,196907,B1,I,2,Banco Múltiplo,,SP,São Paulo,S1,,C0080099,60872504,A
60394079,202506,BANCO ITAUBANK S.A.,196508,B1,I,2,Banco Múltiplo,,SP,São Paulo,S1,,C0080099,60872504,A
31516198,202506,BANCO ITAÚ-BBA S.A.,198810,B1,I,2,Banco Múltiplo,,SP,São Paulo,,,,,I
03017677,202506,BANCO J. SAFRA S.A.,199906,B1,I,2,Banco Múltiplo,,SP,São Paulo,S2,,C0080109,58160789,A
33172537,202506,BANCO J.P. MORGAN S.A.,192508,B1,I,3,Banco Múltiplo,,SP,São Paulo,S3,,C0080116,33172537,A
91884981,202506,BANCO JOHN DEERE S.A.,198711,B1,I,2,Banco Múltiplo,,SP,Osasco,S1,,C0080075,60746948,A
07656500,202506,BANCO KDB DO BRASIL S.A.,200604,B1,I,3,Banco Múltiplo,,SP,São Paulo,S4,,C0081603,07656500,A
02318507,202506,BANCO KEB HANA DO BRASIL S.A.,199805,B1,I,3,Banco Comercial,,SP,São Paulo,S4,,C0081232,02318507,A
09777351,202506,BANCO LATINO AMERICANO S.A.,180001,B1,I,2,Banco Comercial,,,,,,,,F
57950982,202506,BANCO LAVRA S.A.,198710,B1,I,2,Banco Múltiplo,,SP,São Paulo,,,,,I
59118133,202506,BANCO LUSO BRASILEIRO S.A.,198812,B1,I,3,Banco Múltiplo,,SP,São Paulo,S4,,C0081706,59118133,A
33074683,202506,BANCO MAIS S.A.,196706,B1,I,2,Banco Múltiplo,,MG,Belo Horizonte,,,,,I
89329379,202506,BANCO MAISONNAVE S.A.,197805,B1,I,2,Banco Comercial,,RS,Porto Alegre,,,,,LO
33884941,202506,BANCO MASTER MÚLTIPLO S.A.,196808,B1,I,2,Banco Múltiplo,,RJ,Rio de Janeiro,S3,,C0080367,33923798,A
33923798,202506,BANCO MASTER S/A,197803,B1,I,2,Banco Comercial,,RJ,Rio de Janeiro,S3,,C0080367,33923798,A
09777350,202506,BANCO MERCANTIL DA METROPOLE S.A.,180001,B1,I,2,Banco Comercial,,,,,,,,I
09777349,202506,BANCO MERCANTIL DE MINAS GERAIS S.A.,180001,B1,I,2,Banco Comercial,,,,,,,,I
61065421,202506,BANCO MERCANTIL DE SÃO PAULO S.A.,193901,B1,I,2,Banco Múltiplo,,SP,São Paulo,,,,,I
17184037,202506,BANCO MERCANTIL DO BRASIL S.A.,194102,B1,I,2,Banco Múltiplo,,MG,Belo Horizonte,S3,,C0080123,17184037,A
09777348,202506,BANCO MERCANTIL DO ESPIRITO SANTO S.A.,180001,B1,I,2,Banco Comercial,,,,,,,,F
09777337,202506,BANCO MERIDIONAL DE MINAS GERAIS S.A.,180001,B1,I,2,Banco Comercial,,,,,,,,I
09777347,202506,BANCO METROPOLITANO DO BRASIL S.A.,180001,B1,I,2,Banco Comercial,,,,,,,,I
25999707,202506,BANCO MINEIRO S.A.,192811,B1,I,2,Banco Comercial,,MG,Belo Horizonte,,,,,I
61088183,202506,BANCO MIZUHO DO BRASIL S.A.,197601,B1,I,3,Banco Múltiplo,,SP,São Paulo,S4,,C0080697,61088183,A
30723886,202506,BANCO MODAL S.A.,198007,B1,I,2,Banco Múltiplo,,RJ,Rio de Janeiro,S2,,C0082475,33264668,A
43717511,202506,BANCO MORADA S.A,197611,B1,I,2,Banco Múltiplo,,RJ,Rio de Janeiro,,,,,I
32504094,202506,BANCO MORADA S.A.,196903,B1,I,2,Banco Múltiplo,,RJ,Rio de Janeiro,,,,,I
02801938,202506,BANCO MORGAN STANLEY S.A.,199812,B1,I,3,Banco Múltiplo,,SP,São Paulo,S3,,C0080628,02801938,A
60498557,202506,BANCO MUFG BRASIL S.A.,195103,B1,I,3,Banco Múltiplo,,SP,São Paulo,S3,,C0081713,60498557,A
33880956,202506,BANCO MULTIPLIC S.A.,198507,B1,I,2,Banco Comercial,,SP,São Paulo,,,,,I
33302779,202506,BANCO NACIONAL BRASILEIRO S.A.,197801,B1,I,2,Banco Comercial,,RJ,Rio de Janeiro,,,,,I
09777345,202506,BANCO NACIONAL DA CIDADE DE SAO PAULO SA,180001,B1,I,2,Banco Comercial,,,,,,,,I
33618810,202506,BANCO NACIONAL DE CRÉDITO COOPERATIVO S.A.,195108,B1,I,1,Banco Comercial,,DF,Brasília,,,,,I
09777346,202506,BANCO NACIONAL DO COMERCIO DO RIO DE JANEIRO S.A.,180001,B1,I,2,Banco Comercial,,,,,,,,I
09777344,202506,BANCO NACIONAL INTERAMERICANO S.A.,180001,B1,I,2,Banco Comercial,,,,,,,,LO
43073394,202506,BANCO NOSSA CAIXA S.A.,191703,B1,I,1,Banco Múltiplo,,SP,São Paulo,,,,,I
42466284,202506,BANCO OPEN S.A,197506,B1,I,2,Banco Múltiplo,,RJ,Rio de Janeiro,,,,,I
92894922,202506,BANCO ORIGINAL S.A.,196808,B1,I,2,Banco Múltiplo,,SP,São Paulo,S3,,C0080903,92894922,A
09777343,202506,BANCO PAN AMERICANO S.A.,180001,B1,I,2,Banco Comercial,,,,,,,,I
59285411,202506,BANCO PAN S.A.,196402,B1,I,2,Banco Múltiplo,,RJ,Rio de Janeiro,S1,,C0080336,30306294,A
C0080381,202506,BANCO PAULISTA - PRUDENCIAL,180001,B1,I,2,,Crédito Diversificado,SP,São Paulo,S4,,C0080381,61820817,A
09777342,202506,BANCO PAULISTA DA PRODUCAO S.A.,180001,B1,I,2,Banco Comercial,,,,,,,,F
61820817,202506,BANCO PAULISTA S.A.,196709,B1,I,2,Banco Múltiplo,,SP,São Paulo,S4,,C0080381,61820817,A
09777341,202506,BANCO PAULISTA S.A.(2A.FASE-ANUL.CONCOR),180001,B1,I,2,Banco Comercial,,,,,,,,LO
62144175,202506,BANCO PINE S.A.,196805,B1,I,2,Banco Múltiplo,,SP,São Paulo,S3,,C0080374,62144175,A
33245333,202506,BANCO PINTO DE MAGALHAES S.A.,193702,B1,I,2,Banco Comercial,,RJ,Rio de Janeiro,,,,,I
06702112,202506,BANCO PONTUAL S.A.,194101,B1,I,2,Banco Múltiplo,,SP,São Paulo,,,,,I
09777340,202506,BANCO POPULAR DE MINAS GERAIS S.A.,180001,B1,I,2,Banco Comercial,,,,,,,,I
60946290,202506,BANCO POPULAR DO BRASIL S.A.,180001,B1,I,2,Banco Comercial,,,,,,,,I
09777338,202506,BANCO PROGRESSO DO BRASIL S.A.,180001,B1,I,2,Banco Comercial,,,,,,,,I
09777336,202506,BANCO PROLAR S.A. (2A. VEZ),180001,B1,I,2,Banco Comercial,,,,,,,,F
33876475,202506,BANCO PROSPER S.A.,196809,B1,I,2,Banco Múltiplo,,RJ,Rio de Janeiro,,,,,I
01023570,202506,BANCO RABOBANK INTERNATIONAL BRASIL S.A.,199602,B1,I,3,Banco Múltiplo,,SP,São Paulo,S3,,C0081555,01023570,A
60394061,202506,BANCO REAL DE SAO PAULO S.A.,193901,B1,I,2,Banco Comercial,,PR,Curitiba,,,,,I
61196713,202506,BANCO REGIONAL S.A.,192903,B1,I,2,Banco Comercial,,SP,São Paulo,,,,,LO
68900810,202506,BANCO RENDIMENTO S.A.,199209,B1,I,2,Banco Comercial,,SP,São Paulo,S4,,C0080659,68900810,A
42584466,202506,BANCO RESIDENCIA S.A.,197609,B1,I,2,Banco Comercial,,RJ,Rio de Janeiro,,,,,I
C0084349,202506,BANCO RIBEIRÃO PRETO - PRUDENCIAL,180001,B1,I,3,,Crédito Atacado,SP,Ribeirão Preto,S4,,C0084349,00517645,A
00517645,202506,BANCO RIBEIRAO PRETO S.A.,199504,B1,I,3,Banco Múltiplo,,SP,Ribeirão Preto,S4,,C0084349,00517645,A
33603457,202506,BANCO RODOBENS S.A.,196601,B1,I,2,Banco Múltiplo,,SP,São Paulo,S4,,C0080855,33603457,A
33124959,202506,BANCO RURAL S.A.,192801,B1,I,2,Banco Múltiplo,,MG,Belo Horizonte,,,,,LE
58160789,202506,BANCO SAFRA S.A.,194103,B1,I,2,Banco Múltiplo,,SP,São Paulo,S2,,C0080109,58160789,A
90400888,202506,BANCO SANTANDER (BRASIL) S.A.,198508,B1,I,3,Banco Múltiplo,,SP,São Paulo,S1,,C0080185,90400888,A
61472676,202506,BANCO SANTANDER BRASIL S.A.,194207,B1,I,3,Banco Múltiplo,,SP,São Paulo,,,,,I
45686953,202506,BANCO SANTANDER CENTRAL HISPANO,198105,B1,I,3,Banco Comercial Estrangeiro - Filial no país,,SP,São Paulo,,,,,I
51035004,202506,BANCO SANTANDER DE NEGOCIOS S.A.,198210,B1,I,3,Banco Comercial Estrangeiro - Filial no país,,SP,São Paulo,,,,,I
33517640,202506,BANCO SANTANDER S.A.,196709,B1,I,3,Banco Múltiplo,,SP,São Paulo,,,,,I
28157204,202506,BANCO SANTOS NEVES S.A.,196810,B1,I,2,Banco Múltiplo,,ES,Vitória,,,,,I
58257619,202506,BANCO SANTOS S.A.,197010,B1,I,2,Banco Múltiplo,,SP,São Paulo,,,,,I
09777334,202506,BANCO SAO BERNARDO S.A.,180001,B1,I,2,Banco Comercial,,,,,,,,F
60663655,202506,BANCO SÃO JORGE S.A.,198907,B1,I,2,Banco Comercial,,SP,São Paulo,,,,,I
61391090,202506,BANCO SAVENA S.A.,194309,B1,I,2,Banco Comercial,,SP,São Paulo,,,,,I
C0081380,202506,BANCO SEMEAR - PRUDENCIAL,180001,B1,I,2,,Crédito Diversificado,MG,Belo Horizonte,S4,,C0081380,00795423,A
00795423,202506,BANCO SEMEAR S.A.,199510,B1,I,2,Banco Múltiplo,,MG,Belo Horizonte,S4,,C0081380,00795423,A
11970623,202506,BANCO SENFF S.A.,201006,B1,I,2,Banco Múltiplo,,PR,Curitiba,S4,,C0083670,03877288,A
C0080879,202506,BANCO SICOOB - PRUDENCIAL,180001,B1,I,2,,Cooperativo,DF,Brasília,S2,,C0080879,02038232,A
76543115,202506,BANCO SISTEMA S.A.,194309,B1,I,2,Banco Múltiplo,,RJ,Rio de Janeiro,S1,,C0080336,30306294,A
61533584,202506,BANCO SOCIETE GENERALE BRASIL S.A.,193207,B1,I,3,Banco Múltiplo,,SP,São Paulo,S4,,C0080264,61533584,A
60889128,202506,BANCO SOFISA S.A.,196104,B1,I,2,Banco Múltiplo,,SP,São Paulo,S3,,C0080271,60889128,A
60701836,202506,BANCO SPI S.A.,180001,B1,I,2,Banco Comercial,,,,,,,,I
60942638,202506,BANCO SUDAMERIS BRASIL S.A.,194910,B1,I,3,Banco Múltiplo,,SP,São Paulo,,,,,I
87125019,202506,BANCO SUL BRASILEIRO S.A.,197212,B1,I,2,Banco Comercial,,RS,Porto Alegre,,,,,I
60518222,202506,BANCO SUMITOMO MITSUI BRASILEIRO S.A.,195810,B1,I,3,Banco Múltiplo,,SP,São Paulo,S3,,C0081720,60518222,A
07679404,202506,BANCO TOPÁZIO S.A.,200603,B1,I,3,Banco Múltiplo,,RS,Porto Alegre,S4,,C0081517,07679404,A
C0081517,202506,BANCO TOPÁZIO S.A. - PRUDENCIAL,180001,B1,I,3,,Câmbio,RS,Porto Alegre,S4,,C0081517,07679404,A
C0080783,202506,BANCO TRAVELEX - PRUDENCIAL,180001,B1,I,3,,Câmbio,SP,São Paulo,S4,,C0080783,11703662,A
11703662,202506,BANCO TRAVELEX S.A.,201006,B1,I,3,Banco Múltiplo,,SP,São Paulo,S4,,C0080783,11703662,A
17351180,202506,BANCO TRIANGULO S.A.,196810,B1,I,2,Banco Múltiplo,,MG,Uberlândia,S4,,C0081438,17351180,A
32062580,202506,BANCO UBS (BRASIL) S.A.,198807,B1,I,3,Banco Múltiplo,,SP,São Paulo,S3,,C0080219,33987793,A
30131502,202506,BANCO UBS S.A.,196908,B1,I,3,Banco Múltiplo,,RJ,Rio de Janeiro,,,,,I
09777333,202506,BANCO UNIAO COMERCIAL S.A.,180001,B1,I,2,Banco Comercial,,,,,,,,LO
09777332,202506,BANCO UNIAO DO BRASIL S.A.,180001,B1,I,2,Banco Comercial,,,,,,,,F
09777331,202506,BANCO UNIAO MERCANTIL S.A.,180001,B1,I,2,Banco Comercial,,,,,,,,LO
09777330,202506,BANCO UNIAO S.A.,180001,B1,I,2,Banco Comercial,,,,,,,,LO
00086413,202506,BANCO ÚNICO S.A.,196906,B1,I,3,Banco Múltiplo,,SP,São Paulo,,,,,I
68700376,202506,BANCO UNIVERSAL S.A,199301,B1,I,2,Banco Comercial,,RJ,Rio de Janeiro,,,,,I
33822149,202506,BANCO VEGA S.A.,196803,B1,I,2,Banco Múltiplo,,RJ,Rio de Janeiro,,,,,I
61024352,202506,BANCO VOITER S.A.,196708,B1,I,2,Banco Múltiplo,,RJ,Rio de Janeiro,S3,C0050201,C0080367,33923798,A
59588111,202506,BANCO VOTORANTIM S.A.,198810,B1,I,2,Banco Múltiplo,,SP,São Paulo,S2,,C0080484,59588111,A
78626983,202506,BANCO VR S.A.,196804,B1,I,2,Banco Múltiplo,,SP,São Paulo,S4,,C0080408,78626983,A
33436486,202506,BANCO WACHOVIA S.A.,196701,B1,I,3,Banco Múltiplo,,SP,São Paulo,,,,,I
13720915,202506,BANCO WESTERN UNION DO BRASIL S.A.,201110,B1,I,3,Banco Comercial,,SP,São Paulo,S4,,C0080886,13720915,A
15357060,202506,BANCO WOORI BANK DO BRASIL S.A.,201209,B1,I,3,Banco Múltiplo,,SP,São Paulo,S4,,C0081823,15357060,A
33264668,202506,BANCO XP S.A.,201910,B1,I,2,Banco Múltiplo,,RJ,Rio de Janeiro,S2,,C0082475,33264668,A
10371492,202506,BANCO YAMAHA MOTOR DO BRASIL S.A.,200811,B1,I,3,Banco Múltiplo,,SP,São Paulo,S4,,C0080721,10371492,A
61535100,202506,BANCO ZOGBI S.A.,196409,B1,I,2,Banco Múltiplo,,SP,São Paulo,,,,,I
10264663,202506,BANCOSEGURO S.A.,200810,B1,I,2,Banco Múltiplo,,SP,São Paulo,S4,,C0084813,08561701,A
C0080147,202506,BANESTES - PRUDENCIAL,180001,B1,I,1,,Regional Público,ES,Vitória,S3,,C0080147,28127603,A
28127603,202506,BANESTES S.A. BANCO DO ESTADO DO ESPIRITO SANTO,193710,B1,I,1,Banco Múltiplo,,ES,Vitória,S3,,C0080147,28127603,A
07216674,202506,BANFORT-BANCO FORTALEZA S.A.,190701,B1,I,2,Banco Múltiplo,,SP,São Paulo,,,,,I
62073200,202506,BANK OF AMERICA MERRILL LYNCH BANCO MÚLTIPLO S.A.,196803,B1,I,3,Banco Múltiplo,,SP,São Paulo,S3,,C0080556,62073200,A
C0080295,202506,BANK OF CHINA (BRASIL) - PRUDENCIAL,180001,B1,I,3,,Crédito Atacado,SP,São Paulo,S3,,C0080295,07450604,A
07450604,202506,BANK OF CHINA (BRASIL) BANCO MÚLTIPLO S/A,197206,B1,I,3,Banco Múltiplo,,SP,São Paulo,S3,,C0080295,07450604,A
C0080154,202506,BANRISUL - PRUDENCIAL,180001,B1,I,1,,Regional Público,RS,Porto Alegre,S2,,C0080154,92702067,A
C0080329,202506,BB - PRUDENCIAL,180001,B1,I,1,,Complexo,DF,Brasília,S1,,C0080329,00000000,A
06043056,202506,BB BANCO POPULAR DO BRASIL S.A.,200402,B1,I,1,Banco Múltiplo,,DF,Brasília,,,,,I
C0084480,202506,BBC S.A. - PRUDENCIAL,180001,B1,I,2,,Crédito Varejo,SP,São Paulo,S4,,C0084480,01852137,A
C0081579,202506,BCO ABN AMRO CLEARING - PRUDENCIAL,180001,B1,I,3,,Filial Estrangeiro,SP,São Paulo,S4,,C0081579,03532415,A
C0081201,202506,BCO ARBI S.A. - PRUDENCIAL,180001,B1,I,2,,Crédito Varejo,RJ,Rio de Janeiro,S4,,C0081201,54403563,A
C0081414,202506,BCO CARGILL S.A. - PRUDENCIAL,180001,B1,I,3,,Indústria - Não BNDES,SP,São Paulo,S4,,C0081414,03609817,A
C0081469,202506,BCO CEDULA S.A. - PRUDENCIAL,180001,B1,I,2,,Tesouraria e Negócios,RJ,Rio de Janeiro,S4,,C0081469,33132044,A
C0081665,202506,BCO CLASSICO S.A. - PRUDENCIAL,180001,B1,I,2,,Tesouraria e Negócios,RJ,Rio de Janeiro,S3,,C0081665,31597552,A
C0080745,202506,BCO COOPERATIVO SICREDI - PRUDENCIAL,180001,B1,I,2,,Cooperativo,RS,Porto Alegre,S2,,C0080745,01181521,A
C0081249,202506,BCO DA AMAZONIA S.A. - PRUDENCIAL,180001,B1,I,1,,Regional Público,PA,Belém,S3,,C0081249,04902979,A
C0081744,202506,BCO DAYCOVAL S.A - PRUDENCIAL,180001,B1,I,2,,Crédito Diversificado,SP,São Paulo,S3,,C0081744,62232889,A
C0081634,202506,BCO DO EST. DE SE S.A. - PRUDENCIAL,180001,B1,I,1,,Regional Público,SE,Aracaju,S4,,C0081634,13009717,A
C0081586,202506,BCO DO EST. DO PA S.A. - PRUDENCIAL,180001,B1,I,1,,Regional Público,PA,Belém,S3,,C0081586,04913711,A
C0081593,202506,BCO DO NORDESTE DO BRASIL S.A. - PRUDENCIAL,180001,B1,I,1,,Regional Público,CE,Fortaleza,S2,,C0081593,07237373,A
C0081483,202506,BCO FIBRA S.A. - PRUDENCIAL,180001,B1,I,2,,Crédito Atacado,SP,São Paulo,S3,,C0081483,58616418,A
C0081672,202506,BCO GUANABARA S.A. - PRUDENCIAL,180001,B1,I,2,,Crédito Atacado,RJ,Rio de Janeiro,S4,,C0081672,31880826,A
C0081335,202506,BCO INBURSA S.A. - PRUDENCIAL,180001,B1,I,3,,Crédito Varejo,SP,São Paulo,S4,,C0081335,04866275,A
C0081603,202506,BCO KDB BRASIL S.A. - PRUDENCIAL,180001,B1,I,3,,Tesouraria e Negócios,SP,São Paulo,S4,,C0081603,07656500,A
C0081232,202506,BCO KEB DO BRASIL SA - PRUDENCIAL,180001,B1,I,3,,Filial Estrangeiro,SP,São Paulo,S4,,C0081232,02318507,A
C0081270,202506,BCO LA NACION ARGENTINA - PRUDENCIAL,180001,B1,I,3,,Filial Estrangeiro,SP,São Paulo,S4,,C0081270,33042151,A
C0081263,202506,BCO LA PROVINCIA B AIRES BCE - PRUDENCIAL,180001,B1,I,3,,Filial Estrangeiro,SP,São Paulo,S4,,C0081263,44189447,A
C0081706,202506,BCO LUSO BRASILEIRO S.A. - PRUDENCIAL,180001,B1,I,3,,Crédito Atacado,SP,São Paulo,S4,,C0081706,59118133,A
C0081713,202506,BCO MUFG BRASIL S.A. - PRUDENCIAL,180001,B1,I,3,,Crédito Atacado,SP,São Paulo,S3,,C0081713,60498557,A
C0081555,202506,BCO RABOBANK INTL BRASIL S.A. - PRUDENCIAL,180001,B1,I,3,,Crédito Atacado,SP,São Paulo,S3,,C0081555,01023570,A
C0081720,202506,BCO SUMITOMO MITSUI BRASIL S.A. - PRUDENCIAL,180001,B1,I,3,,Crédito Atacado,SP,São Paulo,S3,,C0081720,60518222,A
C0081438,202506,BCO TRIANGULO S.A. - PRUDENCIAL,180001,B1,I,2,,Crédito Varejo,MG,Uberlândia,S4,,C0081438,17351180,A
C0081823,202506,BCO WOORI BANK DO BRASIL S.A. - PRUDENCIAL,180001,B1,I,3,,Filial Estrangeiro,SP,São Paulo,S4,,C0081823,15357060,A
62199039,202506,BIG S.A.-BANCO IRMÃOS GUIMARÃES,196807,B1,I,2,Banco Múltiplo,,SP,São Paulo,,,,,I
C0080178,202506,BMG - PRUDENCIAL,180001,B1,I,2,,Crédito Varejo,SP,São Paulo,S3,,C0080178,61186680,A
17161324,202506,BMG BANCO COMERCIAL S.A.,191807,B1,I,2,Banco Comercial,,MG,Belo Horizonte,,,,,I
C0080673,202506,BNP PARIBAS - PRUDENCIAL,180001,B1,I,3,,Crédito Atacado,SP,São Paulo,S3,,C0080673,01522368,A
C0080910,202506,BNY MELLON - PRUDENCIAL,180001,B1,I,3,,Serviços,RJ,Rio de Janeiro,S4,,C0080910,42272526,A
42272526,202506,BNY MELLON BANCO S.A.,201211,B1,I,3,Banco Comercial,,RJ,Rio de Janeiro,S4,,C0080910,42272526,A
C0084624,202506,BOCOM - PRUDENCIAL,180001,B1,I,3,,Crédito Atacado,BA,Salvador,S3,,C0084624,15114366,A
C0080556,202506,BOFA MERRILL LYNCH - PRUDENCIAL,180001,B1,I,3,,Tesouraria e Negócios,SP,São Paulo,S3,,C0080556,62073200,A
C0080075,202506,BRADESCO - PRUDENCIAL,180001,B1,I,2,,Complexo,SP,Osasco,S1,,C0080075,60746948,A
62111745,202506,BRASBANCO S.A. BANCO COMERCIAL - EM LIQUIDAÇÃO ORDINÁRIA,196803,B1,I,2,Banco Múltiplo,,SP,São Paulo,,,,,I
00000208,202506,BRB - BANCO DE BRASILIA S.A.,196605,B1,I,1,Banco Múltiplo,,DF,Brasília,S3,,C0080288,00000208,A
C0080288,202506,BRB - PRUDENCIAL,180001,B1,I,1,,Regional Público,DF,Brasília,S3,,C0080288,00000208,A
C0080422,202506,BS2 - PRUDENCIAL,180001,B1,I,2,,Crédito Diversificado,MG,Belo Horizonte,S3,,C0080422,71027866,A
C0080336,202506,BTG PACTUAL - PRUDENCIAL,180001,B1,I,2,,Tesouraria e Negócios,RJ,Rio de Janeiro,S1,,C0080336,30306294,A
01600204,202506,CAIXA ECONÔMICA DO ESTADO DE GOIÁS,196211,B1,I,1,Caixa Econômica Estadual,,GO,Goiânia,,,,,LO
17176033,202506,CAIXA ECONOMICA DO ESTADO DE MINAS GERAIS,189609,B1,I,1,Caixa Econômica Estadual,,MG,Belo Horizonte,,,,,I
83900159,202506,CAIXA ECONOMICA DO ESTADO DE SANTA CATARINA S.A.,197001,B1,I,1,Caixa Econômica Estadual,,SC,Florianópolis,,,,,I
92818400,202506,CAIXA ECONOMICA ESTADUAL DO RIO GRANDE DO SUL,196002,B1,I,1,Caixa Econômica Estadual,,RS,Porto Alegre,,,,,I
00360305,202506,CAIXA ECONOMICA FEDERAL,196407,B1,I,1,Caixa Econômica Federal,,DF,Brasília,S1,,C0080738,00360305,A
C0080738,202506,CAIXA ECONÔMICA FEDERAL - PRUDENCIAL,180001,B1,I,1,,Complexo,DF,Brasília,S1,,C0080738,00360305,A
C0080927,202506,CAIXA GERAL - PRUDENCIAL,180001,B1,I,3,,Filial Estrangeiro,SP,São Paulo,S4,,C0080927,33466988,A
09777325,202506,CASA BANCARIA CAVALCANTI COMANDITA POR ACOES,180001,B1,I,2,Banco Comercial,,,,,,,,F
09777324,202506,CASA BANCARIA CENTENARIO S.A.,180001,B1,I,2,Banco Comercial,,,,,,,,F
09777326,202506,CASA BANCARIA DE CREDITO CENTRAL DO DF,180001,B1,I,2,Banco Comercial,,,,,,,,F
09777319,202506,CASA BANCARIA DE IMPORTACAO E EXPORTACAOS.A.,180001,B1,I,2,Banco Comercial,,,,,,,,F
09777323,202506,CASA BANCARIA PAULICEA S.A.,180001,B1,I,2,Banco Comercial,,,,,,,,F
09777322,202506,CASA BANCARIA PEREIRA LIMA LTDA,180001,B1,I,2,Banco Comercial,,,,,,,,I
09777321,202506,CASA BANCARIA PINHEIRO S.A.,180001,B1,I,2,Banco Comercial,,,,,,,,I
09777320,202506,CASA BANCARIA R. I. MOREIRA S.A.,180001,B1,I,2,Banco Comercial,,,,,,,,I
C0080192,202506,CITIBANK - PRUDENCIAL,180001,B1,I,3,,Tesouraria e Negócios,SP,São Paulo,S2,,C0080192,33479023,A
33042953,202506,CITIBANK N.A.,191504,B1,I,3,Banco Comercial Estrangeiro - Filial no país,,SP,São Paulo,S2,,C0080192,33479023,A
C0080491,202506,CREDIT AGRICOLE - PRUDENCIAL,180001,B1,I,3,,Crédito Atacado,SP,São Paulo,S3,,C0080491,75647891,A
09777299,202506,CREDITO CENTRAL DO DF S.A. CASA BANCARIA,180001,B1,I,2,Banco Comercial,,,,,,,,F
C0083632,202506,CREFISA S.A. CFI - PRUDENCIAL,180001,B1,I,2,,Crédito Varejo,SP,São Paulo,S4,,C0083632,60779196,A
C0080532,202506,DEUTSCHE - PRUDENCIAL,180001,B1,I,3,,Crédito Atacado,SP,São Paulo,S3,,C0080532,62331228,A
62331228,202506,DEUTSCHE BANK S.A. - BANCO ALEMAO,196904,B1,I,3,Banco Múltiplo,,SP,São Paulo,S3,,C0080532,62331228,A
C0080350,202506,FATOR - PRUDENCIAL,180001,B1,I,2,,Tesouraria e Negócios,SP,São Paulo,S4,,C0080350,33644196,A
C0080790,202506,FINAXIS - PRUDENCIAL,180001,B1,I,2,,Serviços,PR,Curitiba,S4,,C0080790,11758741,A
C0080941,202506,GENIAL - PRUDENCIAL,180001,B1,I,2,,Tesouraria e Negócios,RJ,Rio de Janeiro,S4,,C0080941,45246410,A
03012230,202506,HIPERCARD BANCO MÚLTIPLO S.A.,199903,B1,I,2,Banco Múltiplo,,SP,São Paulo,S1,,,,I
17453575,202506,ICBC DO BRASIL BANCO MÚLTIPLO S.A.,201309,B1,I,3,Banco Múltiplo,,SP,São Paulo,S4,,C0081830,17453575,A
C0081830,202506,ICBC DO BRASIL BM S.A. - PRUDENCIAL,180001,B1,I,3,,Filial Estrangeiro,SP,São Paulo,S4,,C0081830,17453575,A
C0080477,202506,INDUSTRIAL DO BRASIL - PRUDENCIAL,180001,B1,I,2,,Crédito Atacado,SP,São Paulo,S4,,C0080477,31895683,A
C0080996,202506,INTER - PRUDENCIAL,180001,B1,I,2,,Crédito Diversificado,MG,Belo Horizonte,S3,,C0080996,00416968,A
55230916,202506,INTESA SANPAOLO BRASIL S.A. - BANCO MÚLTIPLO,198604,B1,I,3,Banco Múltiplo,,SP,São Paulo,S4,,C0084057,55230916,A
C0084057,202506,INTESA SANPAOLO BRASIL S.A. - PRUDENCIAL,180001,B1,I,3,,Filial Estrangeiro,SP,São Paulo,S4,,C0084057,55230916,A
C0080099,202506,ITAU - PRUDENCIAL,180001,B1,I,2,,Complexo,SP,São Paulo,S1,,C0080099,60872504,A
60701190,202506,ITAÚ UNIBANCO S.A.,194501,B1,I,2,Banco Múltiplo,,SP,São Paulo,S1,,C0080099,60872504,A
C0080116,202506,JP MORGAN CHASE - PRUDENCIAL,180001,B1,I,3,,Tesouraria e Negócios,SP,São Paulo,S3,,C0080116,33172537,A
46518205,202506,"JPMORGAN CHASE BANK, NATIONAL ASSOCIATION",198808,B1,I,3,Banco Comercial Estrangeiro - Filial no país,,SP,São Paulo,S3,,C0080116,33172537,A
01701201,202506,KIRTON BANK S.A. - BANCO MÚLTIPLO,199703,B1,I,2,Banco Múltiplo,,SP,Osasco,S1,,C0080075,60746948,A
C0050201,202506,MASTER,180001,B1,I,2,,,,,S3,C0050201,C0080367,,A
C0080367,202506,MÁXIMA - PRUDENCIAL,180001,B1,I,2,,Crédito Diversificado,RJ,Rio de Janeiro,S3,C0050201,C0080367,33923798,A
C0080123,202506,MERCANTIL DO BRASIL - PRUDENCIAL,180001,B1,I,2,,Crédito Diversificado,MG,Belo Horizonte,S3,,C0080123,17184037,A
C0080697,202506,MIZUHO - PRUDENCIAL,180001,B1,I,3,,Filial Estrangeiro,SP,São Paulo,S4,,C0080697,61088183,A
C0080628,202506,MORGAN STANLEY - PRUDENCIAL,180001,B1,I,3,,Tesouraria e Negócios,SP,São Paulo,S3,,C0080628,02801938,A
74828799,202506,NOVO BANCO CONTINENTAL S.A. - BANCO MÚLTIPLO,199705,B1,I,3,Banco Múltiplo,,RS,Porto Alegre,S4,,C0081768,74828799,A
C0081768,202506,NOVO BCO CONTINENTAL S.A. - BM - PRUDENCIAL,180001,B1,I,3,,Crédito Varejo,RS,Porto Alegre,S4,,C0081768,74828799,A
C0080460,202506,OMNI - PRUDENCIAL,180001,B1,I,2,,Crédito Varejo,SP,São Paulo,S4,,C0080460,92228410,A
60850229,202506,OMNI BANCO S.A.,195601,B1,I,2,Banco Múltiplo,,SP,São Paulo,S4,,C0080460,92228410,A
C0080903,202506,ORIGINAL - PRUDENCIAL,180001,B1,I,2,,Crédito Diversificado,SP,São Paulo,S3,,C0080903,92894922,A
C0081012,202506,OURIBANK - PRUDENCIAL,180001,B1,I,2,,Câmbio,SP,São Paulo,S4,,C0081012,78632767,A
78632767,202506,OURIBANK S.A. BANCO MÚLTIPLO,196809,B1,I,2,Banco Múltiplo,,SP,São Paulo,S4,,C0081012,78632767,A
C0084813,202506,PAGSEGURO - PRUDENCIAL,180001,B1,I,2,,Serviços,SP,São Paulo,S4,,C0084813,08561701,A
09093352,202506,PARAIBAN - BANCO DA PARAIBA S.A.,192907,B1,I,3,Banco Múltiplo,,PB,João Pessoa,,,,,I
C0080233,202506,PARANÁ BANCO - PRUDENCIAL,180001,B1,I,2,,Crédito Varejo,PR,Curitiba,S4,,C0080233,14388334,A
14388334,202506,PARANÁ BANCO S.A.,197705,B1,I,2,Banco Múltiplo,,PR,Curitiba,S4,,C0080233,14388334,A
C0088022,202506,PICPAY - PRUDENCIAL,180001,B1,I,2,,Crédito Varejo,SP,São Paulo,S3,,C0088022,22896431,A
09516419,202506,PICPAY BANK - BANCO MÚLTIPLO S.A,200807,B1,I,2,Banco Múltiplo,,SP,São Paulo,S3,,C0088022,22896431,A
C0080374,202506,PINE - PRUDENCIAL,180001,B1,I,2,,Crédito Diversificado,SP,São Paulo,S3,,C0080374,62144175,A
C0080659,202506,RENDIMENTO - PRUDENCIAL,180001,B1,I,2,,Câmbio,SP,São Paulo,S4,,C0080659,68900810,A
09978156,202506,RESERVA BANCO COMERCIAL S.A.,194404,B1,I,2,Banco Comercial,,SP,São Paulo,,,,,I
C0080855,202506,RODOBENS - PRUDENCIAL,180001,B1,I,2,,Indústria - Não BNDES,SP,São Paulo,S4,,C0080855,33603457,A
C0080109,202506,SAFRA - PRUDENCIAL,180001,B1,I,2,,Crédito Diversificado,SP,São Paulo,S2,,C0080109,58160789,A
C0080185,202506,SANTANDER - PRUDENCIAL,180001,B1,I,3,,Complexo,SP,São Paulo,S1,,C0080185,90400888,A
C0081452,202506,SCOTIABANK BRASIL - PRUDENCIAL,180001,B1,I,3,,Filial Estrangeiro,SP,São Paulo,S3,,C0081452,29030467,A
29030467,202506,SCOTIABANK BRASIL S.A. BANCO MÚLTIPLO,198410,B1,I,3,Banco Múltiplo,,SP,São Paulo,S3,,C0081452,29030467,A
C0083670,202506,SENFFNET IP - PRUDENCIAL,180001,B1,I,2,,Crédito Varejo,PR,Curitiba,S4,,C0083670,03877288,A
09777262,202506,SIQUEIRA CAVANTI & CIA CASA BANCARIA,180001,B1,I,2,Banco Comercial,,,,,,,,F
C0081641,202506,SOCIAL BANK BANCO MULTIPLO - PRUDENCIAL,180001,B1,I,2,,Crédito Atacado,BA,Salvador,S4,,C0081641,15173776,A
15173776,202506,SOCIAL BANK BANCO MÚLTIPLO S/A,194304,B1,I,2,Banco Múltiplo,,BA,Salvador,S4,,C0081641,15173776,A
C0080264,202506,SOCIETE GENERALE - PRUDENCIAL,180001,B1,I,3,,Tesouraria e Negócios,SP,São Paulo,S4,,C0080264,61533584,A
C0080271,202506,SOFISA - PRUDENCIAL,180001,B1,I,2,,Crédito Atacado,SP,São Paulo,S3,,C0080271,60889128,A
C0081627,202506,STATE STREET BRASIL - PRUDENCIAL,180001,B1,I,3,,Tesouraria e Negócios,SP,São Paulo,S4,,C0081627,09274232,A
09274232,202506,STATE STREET BRASIL S.A. - BANCO COMERCIAL,200808,B1,I,3,Banco Comercial,,SP,São Paulo,S4,,C0081627,09274232,A
C0080219,202506,UBS (BRASIL) - PRUDENCIAL,180001,B1,I,3,,Tesouraria e Negócios,SP,São Paulo,S3,,C0080219,33987793,A
33700394,202506,UNIBANCO - UNIÃO DE BANCOS BRASILEIROS S.A.,196707,B1,I,2,Banco Múltiplo,,SP,São Paulo,,,,,I
61071387,202506,UNICARD BANCO MÚLTIPLO S.A.,194410,B1,I,3,Banco Múltiplo,,SP,Barueri,,,,,I
C0080484,202506,VOTORANTIM - PRUDENCIAL,180001,B1,I,2,,Crédito Diversificado,SP,São Paulo,S2,,C0080484,59588111,A
C0080408,202506,VR - PRUDENCIAL,180001,B1,I,2,,Não Classificado,SP,São Paulo,S4,,C0080408,78626983,A
C0080886,202506,WESTERN UNION - PRUDENCIAL,180001,B1,I,3,,Câmbio,SP,São Paulo,S4,,C0080886,13720915,A
C0082475,202506,XP - PRUDENCIAL,180001,B1,I,2,,Tesouraria e Negócios,RJ,Rio de Janeiro,S2,,C0082475,33264668,A
C0080721,202506,YAMAHA MOTOR - PRUDENCIAL,180001,B1,I,3,,Indústria - Não BNDES,SP,São Paulo,S4,,C0080721,10371492,A
65724965,202506,ALVORADA BANCO DE INVESTIMENTO S.A.,199104,B2,I,3,Banco de Investimento,,SP,São Paulo,,,,,I
04095983,202506,BANCO ABB S.A.,200011,B2,I,3,Banco Múltiplo,,SP,São Paulo,,,,,I
29956208,202506,BANCO ADOLPHO OLIVEIRA & ASSOCIADOS S.A.,197711,B2,I,2,Banco Múltiplo,,RJ,Rio de Janeiro,,,,,I
60770336,202506,BANCO ALFA DE INVESTIMENTO S.A.,196609,B2,I,2,Banco de Investimento,,SP,São Paulo,S2,,C0080109,58160789,A
42465872,202506,BANCO ATLANTIS S.A.,197506,B2,I,2,Banco Múltiplo,,RJ,Rio de Janeiro,,,,,I
60853066,202506,BANCO AUXILIAR DE INVESTIMENTO S/A,197110,B2,I,2,Banco de Investimento,,SP,São Paulo,,,,,I
93088433,202506,BANCO AXIAL S.A.,198909,B2,I,2,Banco Múltiplo,,SP,São Paulo,,,,,I
76484575,202506,BANCO BAMERINDUS DE INVESTIMENTO S/A,196911,B2,I,2,Banco de Investimento,,PR,Curitiba,,,,,I
17359522,202506,BANCO BANCORP S.A.,196809,B2,I,2,Banco Múltiplo,,RJ,Rio de Janeiro,,,,,I
63090609,202506,BANCO BANDEIRANTES DE INVESTIMENTOS S/A,197104,B2,I,2,Banco de Investimento,,SP,São Paulo,,,,,I
60419645,202506,BANCO BANKPAR S.A.,196311,B2,I,3,Banco Múltiplo,,SP,Osasco,,,,,I
10781532,202506,BANCO BANORTE S.A.,194210,B2,I,2,Banco Múltiplo,,PE,Recife,,,,,I
31548894,202506,"BANCO BBM - COMERCIAL, CRED.IMOB. E CRED.FIN.INV. S.A.",198806,B2,I,2,Banco Múltiplo,,BA,Salvador,,,,,I
15124464,202506,BANCO BESA S.A.,183407,B2,I,2,Banco Múltiplo,,RJ,Rio de Janeiro,S1,,C0080336,30306294,A
42583286,202506,BANCO BOAVISTA DE INVESTIMENTOS S/A,197609,B2,I,2,Banco de Investimento,,RJ,Rio de Janeiro,,,,,I
46517264,202506,BANCO BPI DE INVESTIMENTO S A,196810,B2,I,2,Banco de Investimento,,SP,São Paulo,,,,,I
60885092,202506,BANCO BRADESCO DE INVESTIMENTO S/A,196606,B2,I,2,Banco de Investimento,,SP,Osasco,,,,,I
27937333,202506,BANCO BRJ S.A.,198206,B2,I,2,Banco Múltiplo,,RJ,Rio de Janeiro,,,,,I
02658435,202506,BANCO CATERPILLAR S.A.,199810,B2,I,3,Banco Múltiplo,,SP,São Paulo,S4,,C0081397,02658435,A
61377677,202506,BANCO CIDADE S.A.,192602,B2,I,2,Banco Múltiplo,,SP,São Paulo,,,,,I
29916293,202506,BANCO CINDAM S.A.,198511,B2,I,2,Banco Múltiplo,,RJ,Rio de Janeiro,,,,,I
C0081407,202506,BANCO CNH INDUSTRIAL CAPITAL S.A - PRUDENCIAL,180001,B2,I,3,,Indústria - BNDES,PR,Curitiba,S3,,C0081407,02992446,A
02992446,202506,BANCO CNH INDUSTRIAL CAPITAL S.A.,199904,B2,I,3,Banco Múltiplo,,PR,Curitiba,S3,,C0081407,02992446,A
59652578,202506,BANCO COLUMBIA DE INVESTIMENTO S.A.,198812,B2,I,2,Banco de Investimento,,SP,São Paulo,,,,,LO
48712111,202506,BANCO COLUMBIA S.A.,198201,B2,I,2,Banco Múltiplo,,SP,São Paulo,,,,,LO
07814999,202506,BANCO COMERCIAL BANCESA S.A.,194101,B2,I,2,Banco Múltiplo,,CE,Fortaleza,,,,,I
09777368,202506,BANCO CRECIF DE INVESTIMENTOS S.A.,180001,B2,I,2,Banco de Investimento,,,,,,,,LO
34098442,202506,BANCO CREDICARD S.A.,200411,B2,I,3,Banco Múltiplo,,SP,São Paulo,,,,,I
50589357,202506,BANCO CREDIT COMMERCIAL DE FRANCE S.A.,197808,B2,I,2,Banco Múltiplo,,SP,São Paulo,,,,,I
92723568,202506,BANCO CREFISUL S.A.,196609,B2,I,2,Banco Múltiplo,,SP,São Paulo,,,,,I
52940350,202506,BANCO CREFISUL S.A.,192203,B2,I,2,Banco Múltiplo,,SP,São Paulo,,,,,I
08357240,202506,BANCO CSF S.A.,200701,B2,I,2,Banco Múltiplo,,SP,São Paulo,S3,,C0081610,08357240,A
02831756,202506,BANCO DAIMLERCHRYSLER S.A.,199901,B2,I,3,Banco Múltiplo,,SP,São Paulo,,,,,I
96230370,202506,BANCO DAS NACOES S.A,199301,B2,I,2,Banco Múltiplo,,SP,São Paulo,,,,,I
61100046,202506,BANCO DE INVESTIMENTO AMERICA DO SUL S/A,197203,B2,I,2,Banco de Investimento,,SP,São Paulo,,,,,I
59608919,202506,BANCO DE INVESTIMENTO ESTREL S/A,180001,B2,I,2,Banco de Investimento,,SP,São Paulo,,,,,I
58685322,202506,BANCO DE INVESTIMENTOS BMC S.A.,198803,B2,I,2,Banco de Investimento,,SP,São Paulo,,,,,I
03626082,202506,BANCO DE INVESTIMENTOS OK S/A,180001,B2,I,2,Banco de Investimento,,DF,Brasília,,,,,I
33987793,202506,BANCO DE INVESTIMENTOS UBS (BRASIL) S.A.,197611,B2,I,3,Banco de Investimento,,SP,São Paulo,S3,,C0080219,33987793,A
05040481,202506,BANCO DE LAGE LANDEN BRASIL S.A.,200208,B2,I,3,Banco Múltiplo,,RS,Porto Alegre,S3,,C0081421,05040481,A
61415428,202506,BANCO DE TOKYO S.A.,194308,B2,I,3,Banco Múltiplo,,SP,São Paulo,,,,,I
59551945,202506,BANCO D'EL REY DE INVESTIMENTOS S/A,198810,B2,I,2,Banco de Investimento,,SP,São Paulo,,,,,I
60680881,202506,BANCO DIGIBANCO S.A.,194010,B2,I,2,Banco Múltiplo,,SP,São Paulo,,,,,I
27098060,202506,BANCO DIGIO S.A.,198101,B2,I,2,Banco Múltiplo,,SP,Osasco,S1,,C0080075,60746948,A
31198187,202506,BANCO DIMENSAO S.A.,198707,B2,I,2,Banco Múltiplo,,RJ,Rio de Janeiro,,,,,I
04797262,202506,BANCO DO ESTADO DE RONDÔNIA S/A,198306,B2,I,1,Banco Múltiplo,,RO,Porto Velho,,,,,I
04064077,202506,BANCO DO ESTADO DO ACRE S.A.,196501,B2,I,1,Banco Múltiplo,,AC,Rio Branco,,,,,I
22531842,202506,BANCO DO PROGRESSO S.A.,192402,B2,I,2,Banco Múltiplo,,MG,Belo Horizonte,,,,,I
17348152,202506,BANCO DRACMA S.A,196806,B2,I,2,Banco Múltiplo,,RJ,Rio de Janeiro,,,,,I
13538319,202506,BANCO ECONOMICO DE INVESTIMENTO S/A,197208,B2,I,2,Banco de Investimento,,BA,Salvador,,,,,I
13636030,202506,BANCO EUROINVEST S.A. - EUROBANCO,198602,B2,I,2,Banco Múltiplo,,RJ,Rio de Janeiro,,,,,I
52940319,202506,BANCO FENICIA S.A.,193508,B2,I,2,Banco Múltiplo,,SP,São Paulo,,,,,I
60664844,202506,BANCO FINASA DE INVESTIMENTO S/A,196608,B2,I,2,Banco de Investimento,,SP,São Paulo,,,,,I
32219669,202506,BANCO FITAL S.A.,198901,B2,I,2,Banco Múltiplo,,RJ,Rio de Janeiro,,,,,I
33794033,202506,BANCO FONTE CINDAM S.A,196705,B2,I,2,Banco Múltiplo,,RJ,Rio de Janeiro,,,,,I
29012655,202506,BANCO GARAVELO S.A.,198508,B2,I,2,Banco Múltiplo,,SP,São Paulo,,,,,I
59274605,202506,BANCO GM S.A.,196103,B2,I,3,Banco Múltiplo,,SP,São Paulo,S3,,C0080848,59274605,A
33922964,202506,BANCO GULFINVEST S.A.,196902,B2,I,2,Banco Múltiplo,,RJ,Rio de Janeiro,,,,,I
17204694,202506,BANCO HÉRCULES S.A.,196409,B2,I,2,Banco Múltiplo,,MG,Belo Horizonte,,,,,I
47206529,202506,BANCO HEXABANCO S.A.,199402,B2,I,3,Banco Múltiplo,,SP,São Paulo,,,,,I
60395357,202506,BANCO HKB S.A.,196804,B2,I,2,Banco Múltiplo,,SP,São Paulo,,,,,I
08249716,202506,BANCO HNF S.A.,193708,B2,I,2,Banco Múltiplo,,RN,Mossoró,,,,,I
03634220,202506,BANCO HONDA S.A.,200002,B2,I,3,Banco Múltiplo,,SP,São Paulo,S4,,C0080611,03634220,A
33852567,202506,BANCO HSBC S.A.,196805,B2,I,3,Banco Múltiplo,,SP,São Paulo,,,,,I
30172491,202506,BANCO HYUNDAI CAPITAL BRASIL S.A.,201902,B2,I,3,Banco Múltiplo,,SP,São Paulo,S1,,C0080185,90400888,A
34270520,202506,BANCO IBM S.A.,197606,B2,I,2,Banco Múltiplo,,RJ,Rio de Janeiro,S4,,C0081689,34270520,A
C0081689,202506,BANCO IBM S.A. - PRUDENCIAL,180001,B2,I,2,,Indústria - Não BNDES,RJ,Rio de Janeiro,S4,,C0081689,34270520,A
31265903,202506,BANCO ICATU S.A.,199107,B2,I,2,Banco Múltiplo,,RJ,Rio de Janeiro,,,,,I
31332547,202506,BANCO ICATU S.A.,198701,B2,I,2,Banco Múltiplo,,RJ,Rio de Janeiro,,,,,I
42171132,202506,BANCO INDEPENDENCIA-DECRED DE INVESTIMENTO S.A.,180001,B2,I,2,Banco de Investimento,,,,,,,,LO
33588252,202506,BANCO INDUSCRED DE INVESTIMENTO S.A.,194108,B2,I,2,Banco de Investimento,,SP,São Paulo,S4,,C0081342,33588252,A
42568253,202506,BANCO INTER-ATLANTICO S.A.,197606,B2,I,2,Banco Múltiplo,,RJ,Rio de Janeiro,,,,,I
33953621,202506,BANCO INTERCONTINENTAL DE INVESTIMENTO S/A,196906,B2,I,2,Banco de Investimento,,SP,Taboão da Serra,,,,,I
64875610,202506,BANCO INTERFINANCE S.A.,199104,B2,I,2,Banco Múltiplo,,SP,São Paulo,,,,,I
62238977,202506,BANCO INTERPACIFICO S.A.,196812,B2,I,2,Banco Múltiplo,,SP,São Paulo,,,,,I
59531103,202506,BANCO INTERPART S.A.,198902,B2,I,2,Banco Múltiplo,,SP,São Paulo,,,,,I
28176477,202506,BANCO INVESTOR DE INVESTIMENTO S.A.,198211,B2,I,2,Banco de Investimento,,RJ,Rio de Janeiro,,,,,I
13005830,202506,BANCO IOCHPE S.A.,193608,B2,I,2,Banco Múltiplo,,SP,São Paulo,,,,,I
33907528,202506,BANCO IPIRANGA DE INVESTIMENTOS S.A.,180001,B2,I,2,Banco de Investimento,,,,,,,,I
92723550,202506,BANCO ITABANCO S.A.,196608,B2,I,2,Banco Múltiplo,,SP,Barueri,,,,,I
61602801,202506,BANCO ITAMARATI S.A.,193709,B2,I,2,Banco Múltiplo,,SP,São Paulo,,,,,I
32109167,202506,BANCO ITAÚ CARTÕES S.A.,198812,B2,I,2,Banco Múltiplo,,SP,Poá,,,,,I
61200044,202506,BANCO ITAU DE INVESTIMENTO S/A,196907,B2,I,2,Banco de Investimento,,SP,São Paulo,,,,,I
61190658,202506,BANCO ITAÚ VEÍCULOS S.A.,196502,B2,I,2,Banco Múltiplo,,SP,São Paulo,S1,,C0080099,60872504,A
17192451,202506,BANCO ITAUCARD S.A.,196805,B2,I,2,Banco Múltiplo,,SP,São Paulo,S1,,C0080099,60872504,A
59461152,202506,BANCO ITAUCRED FINANCIAMENTOS S.A.,198809,B2,I,2,Banco Múltiplo,,SP,São Paulo,,,,,I
49925225,202506,BANCO ITAULEASING S.A.,197803,B2,I,2,Banco Múltiplo,,SP,São Paulo,S1,,,,I
59601047,202506,BANCO ITAUSAGA S.A.,198902,B2,I,3,Banco Múltiplo,,SP,São Paulo,,,,,I
62204169,202506,BANCO JPM S.A.,196809,B2,I,3,Banco Múltiplo,,SP,São Paulo,,,,,I
C0084576,202506,BANCO KOMATSU DO BRASIL - PRUDENCIAL,180001,B2,I,3,,Indústria - Não BNDES,SP,São Paulo,S4,,C0084576,23903068,A
23903068,202506,BANCO KOMATSU DO BRASIL S.A.,201604,B2,I,3,Banco Múltiplo,,SP,São Paulo,S4,,C0084576,23903068,A
33254319,202506,BANCO LOSANGO S.A. - BANCO MÚLTIPLO,196608,B2,I,2,Banco Múltiplo,,SP,Osasco,S1,,C0080075,60746948,A
17180399,202506,BANCO MAISONNAVE DE INVESTIMENTOS S.A.,196906,B2,I,2,Banco de Investimento,,RS,Porto Alegre,,,,,LO
15207244,202506,BANCO MARKA S.A.,196808,B2,I,2,Banco Múltiplo,,RJ,Rio de Janeiro,,,,,I
61083697,202506,BANCO MARTINELLI S.A.,194701,B2,I,2,Banco Múltiplo,,SP,São Paulo,,,,,I
09526594,202506,BANCO MASTER DE INVESTIMENTO S.A.,200807,B2,I,2,Banco de Investimento,,RJ,Rio de Janeiro,S3,,C0080367,33923798,A
57869166,202506,BANCO MATRIX S.A.,198710,B2,I,2,Banco Múltiplo,,SP,São Paulo,,,,,I
34169557,202506,BANCO MERCANTIL DE INVESTIMENTOS S/A,197103,B2,I,2,Banco de Investimento,,MG,Belo Horizonte,S3,,C0080123,17184037,A
60814191,202506,BANCO MERCEDES-BENZ DO BRASIL S.A.,196512,B2,I,3,Banco Múltiplo,,SP,São Bernardo do Campo,S3,,C0080563,60814191,A
42972760,202506,BANCO MINAS S.A.,199301,B2,I,2,Banco Múltiplo,,MG,Belo Horizonte,,,,,I
61942629,202506,BANCO MISASI DE INVESTIMENTO S.A.,196708,B2,I,2,Banco de Investimento,,SP,São Paulo,,,,,I
07441209,202506,BANCO MONEO S.A.,200507,B2,I,2,Banco Múltiplo,,RS,Caxias do Sul,S4,,C0081500,07441209,A
C0081500,202506,BANCO MONEO S.A. - PRUDENCIAL,180001,B2,I,2,,Indústria - BNDES,RS,Caxias do Sul,S4,,C0081500,07441209,A
42177527,202506,BANCO MULTIPLIC S.A.,197302,B2,I,2,Banco Múltiplo,,SP,São Paulo,,,,,I
33267246,202506,BANCO NACIONAL BRASILEIRO DE INVESTIMENTOS S.A.,180001,B2,I,2,Banco de Investimento,,RJ,Rio de Janeiro,,,,,I
33222241,202506,BANCO NACIONAL DE INVESTIMENTOS S.A.,196708,B2,I,2,Banco de Investimento,,RJ,Rio de Janeiro,S1,,C0080336,30306294,A
17157777,202506,BANCO NACIONAL S.A.,194401,B2,I,2,Banco Múltiplo,,RJ,Rio de Janeiro,S1,,C0080336,30306294,A
46570388,202506,BANCO NORCHEM S.A.,197505,B2,I,2,Banco Múltiplo,,SP,São Paulo,,,,,I
00689364,202506,BANCO OK DE INVESTIMENTOS S.A.,198301,B2,I,2,Banco de Investimento,,DF,Brasília,,,,,I
71371686,202506,BANCO OLÉ CONSIGNADO S.A.,199311,B2,I,2,Banco Múltiplo,,MG,Belo Horizonte,S1,,,,I
C0084899,202506,BANCO PACCAR - PRUDENCIAL,180001,B2,I,3,,Indústria - BNDES,PR,Ponta Grossa,S4,,C0084899,28517628,A
28517628,202506,BANCO PACCAR S.A.,201906,B2,I,3,Banco Múltiplo,,PR,Ponta Grossa,S4,,C0084899,28517628,A
61790390,202506,BANCO PATENTE S.A.,197807,B2,I,2,Banco Múltiplo,,SP,São Paulo,,,,,I
87411088,202506,BANCO PERFORMANCE DE INVESTIMENTOS S.A.,196807,B2,I,2,Banco de Investimento,,RJ,Rio de Janeiro,,,,,I
C0081359,202506,BANCO PORTO REAL DE INVEST.S.A - PRUDENCIAL,180001,B2,I,2,,Crédito Atacado,RJ,Porto Real,S4,,C0081359,40429946,A
40429946,202506,BANCO PORTO REAL DE INVESTIMENTOS S.A,199204,B2,I,2,Banco de Investimento,,RJ,Porto Real,S4,,C0081359,40429946,A
11476673,202506,BANCO RANDON S.A.,201007,B2,I,2,Banco Múltiplo,,RS,Caxias do Sul,S4,,C0080800,11476673,A
62307848,202506,BANCO RCI BRASIL S.A.,196810,B2,I,3,Banco Múltiplo,,SP,São Paulo,S1,,C0080185,90400888,A
17156514,202506,BANCO REAL S.A.,192506,B2,I,3,Banco Múltiplo,,SP,São Paulo,,,,,I
61585337,202506,BANCO RESIDENCIA DE INVESTIMENTOS S/A,196709,B2,I,2,Banco de Investimento,,RJ,Rio de Janeiro,,,,,I
80271455,202506,BANCO RNX S.A.,198709,B2,I,2,Banco Múltiplo,,PR,Curitiba,S4,,C0081775,80271455,A
C0081775,202506,BANCO RNX S.A. - PRUDENCIAL,180001,B2,I,2,,Crédito Varejo,PR,Curitiba,S4,,C0081775,80271455,A
33812322,202506,BANCO ROSA S.A.,196803,B2,I,2,Banco Múltiplo,,RJ,Rio de Janeiro,,,,,I
21594726,202506,BANCO ROYAL DE INVESTIMENTO S.A.,196810,B2,I,2,Banco de Investimento,,SP,São Paulo,,,,,I
32173023,202506,BANCO RURAL DE INVESTIMENTOS S/A,198809,B2,I,2,Banco de Investimento,,MG,Belo Horizonte,,,,,I
07002898,202506,BANCO SAFRA BSI S.A.,200409,B2,I,2,Banco Múltiplo,,SP,São Paulo,,,,,I
61088696,202506,BANCO SAFRA DE INVESTIMENTOS S/A,196704,B2,I,2,Banco de Investimento,,SP,São Paulo,,,,,I
60700556,202506,BANCO SANTANDER NOROESTE S.A.,192401,B2,I,3,Banco Múltiplo,,SP,São Paulo,,,,,I
C0088510,202506,BANCO SANY BRASIL - PRUDENCIAL,180001,B2,I,3,,,SP,São Paulo,S4,,C0088510,60935819,I
60935819,202506,BANCO SANY BRASIL S.A.,180001,B2,I,3,Banco Múltiplo,,SP,São Paulo,S4,,C0088510,60935819,I
57774325,202506,BANCO SELLER S.A.,198707,B2,I,2,Banco Múltiplo,,SP,São Paulo,,,,,I
62158126,202506,BANCO SHECK S.A.,196805,B2,I,2,Banco Múltiplo,,RJ,Rio de Janeiro,,,,,I
89432926,202506,"BANCO SIBISA S.A COMERCIAL, DE INVESTIMENTO, DE CRED. AO CONSUMIDOR E CRED.IMOB.",196902,B2,I,2,Banco Múltiplo,,RS,Porto Alegre,,,,,I
74419714,202506,BANCO SINTESE DE INVESTIMENTO S.A.,199403,B2,I,2,Banco de Investimento,,SP,São Paulo,,,,,I
62237425,202506,BANCO STELLANTIS S.A.,196811,B2,I,3,Banco Múltiplo,,SP,São Paulo,S4,,C0087298,03502961,A
48103014,202506,BANCO SUDAMERIS DE INVESTIMENTO S.A.,197608,B2,I,3,Banco de Investimento,,SP,São Paulo,,,,,I
33888439,202506,BANCO TECNICORP S.A.,196809,B2,I,2,Banco Múltiplo,,SC,Florianópolis,,,,,I
56077217,202506,BANCO TENDENCIA S.A.,198608,B2,I,2,Banco Múltiplo,,SP,São Paulo,,,,,I
03215790,202506,BANCO TOYOTA DO BRASIL S.A.,199909,B2,I,3,Banco Múltiplo,,SP,São Paulo,S3,,C0081562,03215790,A
02977348,202506,BANCO TOYOTA DO BRASIL S.A.,199906,B2,I,3,Banco Múltiplo,,SP,São Paulo,,,,,I
57839805,202506,BANCO TRICURY S.A.,198708,B2,I,2,Banco Múltiplo,,SP,São Paulo,S4,,C0081696,57839805,A
33826371,202506,BANCO TRIPLIK S.A.,196806,B2,I,2,Banco Múltiplo,,ES,Vitória,,,,,I
65448037,202506,BANCO UNITED S.A.,199105,B2,I,2,Banco Múltiplo,,SP,São Paulo,,,,,I
62372511,202506,BANCO VARIG S.A.,196810,B2,I,2,Banco Múltiplo,,SP,São Paulo,,,,,I
33880220,202506,BANCO VETOR S.A.,196802,B2,I,2,Banco Múltiplo,,RJ,Rio de Janeiro,,,,,I
59109165,202506,BANCO VOLKSWAGEN S.A.,195706,B2,I,3,Banco Múltiplo,,SP,São Paulo,S3,,C0080202,59109165,A
52067630,202506,BANCO VOLKSWAGEN TRUCK & BUS S.A.,202506,B2,I,3,Banco Múltiplo,,SP,São Paulo,S3,,C0080202,59109165,A
58017179,202506,BANCO VOLVO BRASIL S.A.,198709,B2,I,3,Banco Múltiplo,,PR,Curitiba,S3,,C0080769,58017179,A
C0085300,202506,BANCO XCMG BRASIL - PRUDENCIAL,180001,B2,I,3,,Indústria - Não BNDES,MG,Pouso Alegre,S4,,C0085300,36658769,A
36658769,202506,BANCO XCMG BRASIL S.A.,202006,B2,I,3,Banco Múltiplo,,MG,Pouso Alegre,S4,,C0085300,36658769,A
33801796,202506,BANERJ - BANCO DE INVESTIMENTOS S/A,196803,B2,I,2,Banco de Investimento,,RJ,Rio de Janeiro,,,,,I
33922188,202506,BANK OF AMERICA - LIBERAL S.A. (BANCO MULTIPLO),196805,B2,I,3,Banco Múltiplo,,RJ,Rio de Janeiro,,,,,I
11558657,202506,BANORTE - BANCO DE INVESTIMENTO S/A,197104,B2,I,2,Banco de Investimento,,PE,Recife,,,,,I
59233502,202506,BBA-CREDITANSTALT BANCO DE INVESTIMENTO S/A,180001,B2,I,2,Banco de Investimento,,SP,São Paulo,,,,,I
24933830,202506,BB-BANCO DE INVESTIMENTO S/A,198901,B2,I,1,Banco de Investimento,,DF,Brasília,S1,,C0080329,00000000,A
45283173,202506,BBVA BRASIL BANCO DE INVESTIMENTO S.A.,198101,B2,I,3,Banco de Investimento,,SP,São Paulo,S4,,C0081366,45283173,A
C0081366,202506,BBVA BRASIL BI S.A. - PRUDENCIAL,180001,B2,I,3,,Não Classificado,SP,São Paulo,S4,,C0081366,45283173,A
C0081397,202506,BCO CATERPILLAR S.A. - PRUDENCIAL,180001,B2,I,3,,Indústria - Não BNDES,SP,São Paulo,S4,,C0081397,02658435,A
C0081610,202506,BCO CSF S.A. - PRUDENCIAL,180001,B2,I,2,,Indústria - Não BNDES,SP,São Paulo,S3,,C0081610,08357240,A
C0081421,202506,BCO DE LAGE LANDEN BRASIL S.A. - PRUDENCIAL,180001,B2,I,3,,Indústria - BNDES,RS,Porto Alegre,S3,,C0081421,05040481,A
C0081342,202506,BCO INDUSCRED DE INVESTIM. S/A - PRUDENCIAL,180001,B2,I,2,,Crédito Diversificado,SP,São Paulo,S4,,C0081342,33588252,A
C0081562,202506,BCO TOYOTA DO BRASIL S.A. - PRUDENCIAL,180001,B2,I,3,,Indústria - Não BNDES,SP,São Paulo,S3,,C0081562,03215790,A
C0081696,202506,BCO TRICURY S.A. - PRUDENCIAL,180001,B2,I,2,,Crédito Atacado,SP,São Paulo,S4,,C0081696,57839805,A
92691328,202506,BCR BANCO DE CREDITO REAL S.A.,193309,B2,I,2,Banco Múltiplo,,RS,Porto Alegre,,,,,I
31136708,202506,BFI - BANCO DE FINANCIAMENTO INTERNACIONAL S/A,198607,B2,I,2,Banco Múltiplo,,SP,São Paulo,,,,,I
51183135,202506,BPA BANCO PAO DE ACUCAR S.A.,197902,B2,I,2,Banco Múltiplo,,SP,São Paulo,,,,,I
C0080934,202506,BR PARTNERS - PRUDENCIAL,180001,B2,I,2,,Tesouraria e Negócios,SP,São Paulo,S4,,C0080934,13220493,A
13220493,202506,BR PARTNERS BANCO DE INVESTIMENTO S.A.,201301,B2,I,2,Banco de Investimento,,SP,São Paulo,S4,,C0080934,13220493,A
50246131,202506,BRASILINVEST S.A. BANCO DE INVESTIMENTO,197805,B2,I,2,Banco de Investimento,,SP,São Paulo,,,,,I
C0081294,202506,BRAZA BANK BCO CÂMBIO - PRUDENCIAL,180001,B2,I,2,,Câmbio,PR,Curitiba,S4,,C0081294,19307785,A
19307785,202506,BRAZA BANK S.A. BANCO DE CÂMBIO,201402,B2,I,2,Banco de Câmbio,,PR,Curitiba,S4,,C0081294,19307785,A
33760497,202506,CHASE FLEMING BANCO DE INVESTIMENTO S.A.,196709,B2,I,2,Banco de Investimento,,SP,São Paulo,,,,,I
60394939,202506,COMIND BANCO DE INVESTIMENTO S.A.,196605,B2,I,2,Banco de Investimento,,SP,São Paulo,,,,,I
43818780,202506,DAYCOVAL LEASING - BANCO MÚLTIPLO S.A.,197701,B2,I,2,Banco Múltiplo,,SP,São Paulo,S3,,C0081744,62232889,A
C0084545,202506,DEUTSCHE SPARKASSEN LEASING DO BRASIL - PRUDENCIAL,180001,B2,I,3,,Filial Estrangeiro,SP,São Paulo,S4,,C0084545,23511655,A
23511655,202506,DEUTSCHE SPARKASSEN LEASING DO BRASIL BANCO MÚLTIPLO S.A.,201512,B2,I,3,Banco Múltiplo,,SP,São Paulo,S4,,C0084545,23511655,A
54046107,202506,DIGIBANCO-BANCO DE INVESTIMENTO S/A,198412,B2,I,2,Banco de Investimento,,SP,São Paulo,,,,,I
C0080862,202506,EBURY BANCO DE CÂMBIO - PRUDENCIAL,180001,B2,I,3,,Câmbio,SP,São Paulo,S4,,C0080862,13059145,A
13059145,202506,EBURY BANCO DE CÂMBIO S.A.,201102,B2,I,3,Banco de Câmbio,,SP,São Paulo,S4,,C0080862,13059145,A
92694025,202506,FINANCILAR BANCO DE INVESTIMENTO S.A.,180001,B2,I,2,Banco de Investimento,,,,,,,,I
C0080848,202506,GM - PRUDENCIAL,180001,B2,I,3,,Indústria - Não BNDES,SP,São Paulo,S3,,C0080848,59274605,A
C0080714,202506,GOLDMAN SACHS - PRUDENCIAL,180001,B2,I,3,,Tesouraria e Negócios,SP,São Paulo,S3,,C0080714,04332281,A
04332281,202506,GOLDMAN SACHS DO BRASIL BANCO MULTIPLO S.A.,200103,B2,I,3,Banco Múltiplo,,SP,São Paulo,S3,,C0080714,04332281,A
C0080666,202506,HAITONG - PRUDENCIAL,180001,B2,I,3,,Tesouraria e Negócios,SP,São Paulo,S4,,C0080666,34111187,A
34111187,202506,HAITONG BANCO DE INVESTIMENTO DO BRASIL S.A.,197609,B2,I,3,Banco de Investimento,,SP,São Paulo,S4,,C0080666,34111187,A
C0080611,202506,HONDA - PRUDENCIAL,180001,B2,I,3,,Indústria - Não BNDES,SP,São Paulo,S4,,C0080611,03634220,A
42166959,202506,HSBC REPUBLIC BANK BRASIL S.A. - BANCO MULTIPLO,197909,B2,I,3,Banco Múltiplo,,SP,São Paulo,,,,,I
02992317,202506,INTEX BANK BANCO DE CÂMBIO S.A.,199902,B2,I,2,Banco de Câmbio,Corretoras de Câmbio,SP,São Paulo,S4,,C0081885,02992317,A
C0081885,202506,INTEX BANK BCO CÂMBIO - PRUDENCIAL,180001,B2,I,2,,Corretoras de Câmbio,SP,São Paulo,S4,,C0081885,02992317,A
60872504,202506,ITAÚ UNIBANCO HOLDING S.A.,194407,B2,I,2,Banco Múltiplo,,SP,São Paulo,S1,,C0080099,60872504,A
C0080563,202506,MERCEDES-BENZ - PRUDENCIAL,180001,B2,I,3,,Indústria - BNDES,SP,São Bernardo do Campo,S3,,C0080563,60814191,A
43144112,202506,MERIDIONAL - BANCO DE INVESTIMENTO S/A,197108,B2,I,2,Banco de Investimento,,RS,Porto Alegre,,,,,I
58954512,202506,METROBANCO - BANCO DE INVESTIMENTO S.A.,198806,B2,I,2,Banco de Investimento,,RS,Porto Alegre,,,,,I
17346222,202506,MILBANCO S.A.,196807,B2,I,2,Banco Múltiplo,,MG,Belo Horizonte,,,,,I
C0082028,202506,MONEYCORP - PRUDENCIAL,180001,B2,I,3,,Câmbio,SP,São Paulo,S4,,C0082028,08609934,A
08609934,202506,MONEYCORP BANCO DE CÂMBIO S.A.,200704,B2,I,3,Banco de Câmbio,,SP,São Paulo,S4,,C0082028,08609934,A
C0080800,202506,RANDON - PRUDENCIAL,180001,B2,I,2,,Indústria - BNDES,RS,Caxias do Sul,S4,,C0080800,11476673,A
C0080776,202506,SCANIA - PRUDENCIAL,180001,B2,I,3,,Indústria - Não BNDES,SP,São Bernardo do Campo,S3,,C0080776,11417016,A
11417016,202506,SCANIA BANCO S.A.,201002,B2,I,3,Banco Múltiplo,,SP,São Bernardo do Campo,S3,,C0080776,11417016,A
C0087298,202506,STELLANTIS - PRUDENCIAL,180001,B2,I,3,,Indústria - Não BNDES,SP,São Paulo,S4,,C0087298,03502961,A
28811341,202506,STONEX BANCO DE CÂMBIO S.A.,201803,B2,I,3,Banco de Câmbio,,SP,São Paulo,S4,,C0084088,62090873,A
C0084088,202506,STONEX DTVM - PRUDENCIAL,180001,B2,I,3,,Câmbio,SP,São Paulo,S4,,C0084088,62090873,A
18520834,202506,UBS BB BANCO DE INVESTIMENTO S.A.,201312,B2,I,3,Banco de Investimento,,SP,São Paulo,S3,,C0080219,33987793,A
60400512,202506,UNIBANCO - BANCO DE INVESTIMENTO DO BRASIL S/A,196701,B2,I,2,Banco de Investimento,,SP,São Paulo,,,,,I
C0080202,202506,VOLKSWAGEN - PRUDENCIAL,180001,B2,I,3,,Indústria - Não BNDES,SP,São Paulo,S3,,C0080202,59109165,A
C0080769,202506,VOLVO - PRUDENCIAL,180001,B2,I,3,,Indústria - BNDES,PR,Curitiba,S3,,C0080769,58017179,A
29021722,202506,CCEC DO ESTADO DO RIO DE JANEIRO LTDA.,198407,B3C,I,2,Cooperativa de Crédito,,RJ,Rio de Janeiro,,,,,I
05790149,202506,CENTRAL COOPERATIVA DE CRÉDITO NO ESTADO DO ESPÍRITO SANTO - CECOOP,200308,B3C,I,2,Cooperativa de Crédito,,ES,Vitória,S4,,,,I
62931522,202506,CENTRAL DAS COOPERATIVAS DE CRÉDITO DO ESTADO DE SÃO PAULO - SICOOB CENTRAL CECRESP,199005,B3C,I,2,Cooperativa de Crédito,,SP,São Paulo,S4,,,,A
70116611,202506,CENTRAL DAS COOPERATIVAS DE CRÉDITO DO NORDESTE - SICOOB CENTRAL NE,199405,B3C,I,2,Cooperativa de Crédito,,PB,João Pessoa,S4,,,,A
09978310,202506,CENTRAL DAS COOPERATIVAS DE CRÉDITO DO RIO GRANDE DO NORTE LTDA,180001,B3C,I,2,Cooperativa de Crédito,,RN,Natal,,,,,I
00106180,202506,"CENTRAL DAS COOPERATIVAS DE CRÉDITO DOS ESTADOS DE MATO GROSSO, MATO GROSSO DO SUL E DO MUNICÍPIO DE CACOAL/RO - SICOOB CENTRAL RONDON",199407,B3C,I,2,Cooperativa de Crédito,,MT,Cuiabá,S4,,,,A
71438162,202506,CENTRAL DAS COOPERATIVAS DE CRÉDITO INDEPENDENTES DE MINAS GERAIS LTDA,199312,B3C,I,2,Cooperativa de Crédito,,MG,Uberlândia,,,,,I
32433674,202506,CENTRAL DAS COOPERATIVAS DE CREDITO MUTUO DO ESTADO DO ESPIRITO SANTO - CECREST,198910,B3C,I,2,Cooperativa de Crédito,,ES,Vitória,,,,,I
03618104,202506,"CENTRAL DAS COOPERATIVAS DE CRÉDITO MÚTUO DO RIO GRANDE DO SUL, SANTA CATARINA E PARANÁ - CECRESUL",200002,B3C,I,2,Cooperativa de Crédito,,RS,Porto Alegre,S4,,,,I
04843307,202506,CENTRAL DAS COOPERATIVAS DE CRÉDITO MÚTUO DOS POLICIAIS FEDERAIS E SERVIDORES DA UNIÃO - FEDERALCRED CENTRAL,200110,B3C,I,2,Cooperativa de Crédito,,AL,Maceió,,,,,I
05036532,202506,CENTRAL DAS COOPERATIVAS DE CREDITO UNICOOB - SICOOB CENTRAL UNICOOB,200207,B3C,I,2,Cooperativa de Crédito,,PR,Maringá,S4,,,,A
00309024,202506,CENTRAL DAS COOPERATIVAS DE ECONOMIA E CREDITO DO ESTADO DE MINAS GERAIS LTDA. - SICOOB CENTRAL CECREMGE,199411,B3C,I,2,Cooperativa de Crédito,,MG,Belo Horizonte,S3,,,,A
00692214,202506,CENTRAL DAS COOPERATIVAS DE ECONOMIA E CRÉDITO DO PLANALTO CENTRAL LTDA - SICOOB PLANALTO CENTRAL,199506,B3C,I,2,Cooperativa de Crédito,,DF,Brasília,S4,,,,I
04243780,202506,CENTRAL SICOOB UNI DE COOPERATIVAS DE CRÉDITO,200101,B3C,I,2,Cooperativa de Crédito,,GO,Goiânia,S4,,,,A
03795072,202506,CONFEDERACAO DAS COOPERATIVAS DO SICREDI - CONFEDERACAO SICREDI,202410,B3C,I,2,Confederação de Serviços,,RS,Porto Alegre,,,,,A
10398952,202506,CONFEDERAÇÃO NACIONAL DAS COOPERATIVAS CENTRAIS DE CRÉDITO E ECONOMIA FAMILIAR E SOLIDÁRIA - CRESOL CONFEDERAÇÃO,201402,B3C,I,2,Cooperativa de Crédito,,SC,Florianópolis,S4,,,,A
04891850,202506,CONFEDERACAO NACIONAL DAS COOPERATIVAS DO SICOOB LTDA,202410,B3C,I,2,Confederação de Serviços,,DF,Brasília,,,,,A
05463212,202506,COOPERATIVA CENTRAL DE CRÉDITO - AILOS,200211,B3C,I,2,Cooperativa de Crédito,,SC,Blumenau,S3,,,,A
01401771,202506,COOPERATIVA CENTRAL DE CRÉDITO COM INTERAÇÃO SOLIDÁRIA - CENTRAL CRESOL BASER,200010,B3C,I,2,Cooperativa de Crédito,,PR,Francisco Beltrão,S4,,,,A
10013534,202506,COOPERATIVA CENTRAL DE CRÉDITO COM INTERAÇÃO SOLIDÁRIA - CENTRAL CRESOL NORDESTE EM LIQUIDAÇÃO,200808,B3C,I,2,Cooperativa de Crédito,,BA,Lauro de Freitas,S4,,,,I
34148882,202506,COOPERATIVA CENTRAL DE CRÉDITO DA BAHIA LTDA - SICOOB CENTRAL BA,199003,B3C,I,2,Cooperativa de Crédito,,BA,Salvador,S4,,,,A
33416108,202506,"COOPERATIVA CENTRAL DE CRÉDITO DE GOIÁS, DISTRITO FEDERAL E TOCANTINS LTDA. - SICOOB NOVA CENTRAL",198910,B3C,I,2,Cooperativa de Crédito,,GO,Goiânia,S4,,,,A
25683434,202506,COOPERATIVA CENTRAL DE CRÉDITO DE MINAS GERAIS LTDA. - SICOOB CENTRAL CREDIMINAS,198906,B3C,I,2,Cooperativa de Crédito,,MG,Belo Horizonte,S3,,,,A
80160260,202506,COOPERATIVA CENTRAL DE CRÉDITO DE SANTA CATARINA E RIO GRANDE DO SUL - SICOOB CENTRAL SC/RS,198712,B3C,I,2,Cooperativa de Crédito,,SC,Florianópolis,S3,,,,A
03235367,202506,COOPERATIVA CENTRAL DE CRÉDITO DE SAO PAULO - CENTRAL SICREDI SP,199905,B3C,I,2,Cooperativa de Crédito,,SP,São Paulo,,,,,I
32428294,202506,COOPERATIVA CENTRAL DE CREDITO DO ESPIRITO SANTO - SICOOB CENTRAL ES,198906,B3C,I,2,Cooperativa de Crédito,,ES,Vitória,S4,,,,A
63917579,202506,COOPERATIVA CENTRAL DE CRÉDITO DO ESTADO DE SÃO PAULO - SICOOB SÃO PAULO,199009,B3C,I,2,Cooperativa de Crédito,,SP,Ribeirão Preto,S3,,,,A
83355818,202506,COOPERATIVA CENTRAL DE CRÉDITO DO ESTADO DO PARÁ E AMAPÁ - SICOOB CENTRAL AMAZÔNIA,199304,B3C,I,2,Cooperativa de Crédito,,PA,Belém,,,,,I
03502131,202506,COOPERATIVA CENTRAL DE CRÉDITO DO NORTE DO BRASIL - SICOOB NORTE,200001,B3C,I,2,Cooperativa de Crédito,,RO,Porto Velho,S4,,,,A
05599773,202506,"COOPERATIVA CENTRAL DE CRÉDITO DOS ESTADOS DO CEARÁ, PIAUÍ E RIO GRANDE DO NORTE LTDA.",200306,B3C,I,2,Cooperativa de Crédito,,CE,Fortaleza,,,,,I
07202627,202506,COOPERATIVA CENTRAL DE CRÉDITO E ECONOMIA COM INTERAÇÃO SOLIDÁRIA - CRESOL CENTRAL BRASIL,200502,B3C,I,2,Cooperativa de Crédito,,SC,Chapecó,S4,,,,A
06267304,202506,COOPERATIVA CENTRAL DE CRÉDITO E ECONOMIA SOLIDÁRIA - ECOSOL,200409,B3C,I,2,Cooperativa de Crédito,,PE,Recife,,,,,I
21198087,202506,COOPERATIVA CENTRAL DE CRÉDITO E INVESTIMENTO COM INTERAÇÃO SOLIDÁRIA - CENTRAL CRESOL SICOPER,201409,B3C,I,2,Cooperativa de Crédito,,RS,Passo Fundo,S4,,,,A
39447206,202506,COOPERATIVA CENTRAL DE CRÉDITO RURAL DO ESTADO DO RIO DE JANEIRO LTDA,199401,B3C,I,2,Cooperativa de Crédito,,RJ,Rio de Janeiro,,,,,I
05879577,202506,COOPERATIVA CENTRAL DE CREDITO RURAL HORIZONTES NOVOS - CREHNOR CENTRAL,200309,B3C,I,2,Cooperativa de Crédito,,RS,Sarandi,S5,,,,I
86774775,202506,COOPERATIVA CENTRAL DE CRÉDITO UNICRED CENTRAL COALIZÃO LTDA - UNICRED CENTRAL COALIZÃO,199402,B3C,I,2,Cooperativa de Crédito,,RJ,Rio de Janeiro,S4,,,,I
00543968,202506,COOPERATIVA CENTRAL DE CRÉDITO UNICRED CONEXÃO LTDA - UNICRED CENTRAL CONEXÃO,199505,B3C,I,2,Cooperativa de Crédito,,SC,Florianópolis,S4,,,,I
00315557,202506,COOPERATIVA CENTRAL DE CRÉDITO UNICRED DO BRASIL - UNICRED DO BRASIL,199501,B3C,I,2,Cooperativa de Crédito,,SP,São Paulo,S4,,,,A
01634601,202506,COOPERATIVA CENTRAL DE CRÉDITO UNICRED GERAÇÃO LTDA. - UNICRED CENTRAL GERAÇÃO,199702,B3C,I,2,Cooperativa de Crédito,,RS,Porto Alegre,S4,,,,I
33737818,202506,"COOPERATIVA CENTRAL DE CRÉDITO, POUPANÇA E INVESTIMENTO DE MATO GROSSO DO SUL, GOIÁS, DISTRITO FEDERAL E TOCANTINS - CENTRAL SICREDI BRASIL CENTRAL",199001,B3C,I,2,Cooperativa de Crédito,,GO,Goiânia,S4,,,,A
33667205,202506,"COOPERATIVA CENTRAL DE CRÉDITO, POUPANÇA E INVESTIMENTO DO CENTRO NORTE DO BRASIL - CENTRAL SICREDI CENTRO NORTE",198911,B3C,I,2,Cooperativa de Crédito,,MT,Cuiabá,S4,,,,A
70119680,202506,"COOPERATIVA CENTRAL DE CRÉDITO, POUPANÇA E INVESTIMENTO DO NORDESTE - CENTRAL SICREDI NORDESTE",199409,B3C,I,2,Cooperativa de Crédito,,PB,João Pessoa,S4,,,,A
87437687,202506,"COOPERATIVA CENTRAL DE CRÉDITO, POUPANÇA E INVESTIMENTO DO SUL E SUDESTE - CENTRAL SICREDI SUL/SUDESTE",198103,B3C,I,2,Cooperativa de Crédito,,RS,Porto Alegre,S3,,,,A
80230774,202506,"COOPERATIVA CENTRAL DE CRÉDITO, POUPANÇA E INVESTIMENTO DOS ESTADOS DO PARANÁ, SÃO PAULO E RIO DE JANEIRO - CENTRAL SICREDI PR/SP/RJ",198707,B3C,I,2,Cooperativa de Crédito,,PR,Curitiba,S4,,,,A
73085573,202506,COOPERATIVA CENTRAL DE ECONOMIA E CRÉDITO MÚTUO  - SICOOB UNIMAIS,199403,B3C,I,2,Cooperativa de Crédito,,SP,São Paulo,S4,,,,I
02470935,202506,COOPERATIVA CENTRAL DE ECONOMIA E CRÉDITO MÚTUO DAS UNICREDS  DA AMAZÔNIA OCIDENTAL LTDA - UNICRED CENTRAL AMAZÔNIA OCIDENTAL,199709,B3C,I,2,Cooperativa de Crédito,,AM,Manaus,,,,,I
02588604,202506,COOPERATIVA CENTRAL DE ECONOMIA E CRÉDITO MÚTUO DAS UNICREDS DO ESTADO DE MATO GROSSO DO SUL LTDA - UNICRED CENTRAL MS,199801,B3C,I,2,Cooperativa de Crédito,,MS,Campo Grande,,,,,I
14568725,202506,COOPERATIVA CENTRAL DE ECONOMIA E CRÉDITO SICOOB UNIMAIS RIO LTDA.,201112,B3C,I,2,Cooperativa de Crédito,,RJ,Rio de Janeiro,S4,,,,A
00184068,202506,COOPERATIVA DE CRÉDITO UNICRED CENTRAL MULTIRREGIONAL LTDA. - UCM,199412,B3C,I,2,Cooperativa de Crédito,,MG,Belo Horizonte,S4,,,,I
04632856,202506,CREDISIS - CENTRAL DE COOPERATIVAS DE CRÉDITO LTDA.,200109,B3C,I,2,Cooperativa de Crédito,,RO,Ji-Paraná,S4,,,,A
03046391,202506,UNIPRIME CENTRAL NACIONAL - CENTRAL NACIONAL DE COOPERATIVA DE CREDITO,199904,B3C,I,2,Cooperativa de Crédito,,PR,Londrina,S4,,,,A
04876519,202506,"ACECREDI - COOPERATIVA DE ECONOMIA E CRÉDITO MÚTUO DOS ADMINISTRADORES, CONTABILISTAS E ECONOMISTAS DA REGIÃO METROPOLITANA DE FORTALEZA LTDA",200204,B3S,I,2,Cooperativa de Crédito,,CE,Fortaleza,,,,,I
05123285,202506,ADMCRED-RJ-COOPERATIVA DE ECONOMIA E CREDITO MUTUO DOS BACHAREIS  E PROFESSORES DA AREA DE ADMINISTRACAO DA REGIAO METROPOLITANA DO RIO JANEIRO LTDA,200209,B3S,I,2,Cooperativa de Crédito,,RJ,Rio de Janeiro,,,,,I
33353558,202506,BANCO DE CREDITO POPULAR UNIAO SOCIEDADE COOPERATIVA DE RESPONSABILIDADE LTDA,180001,B3S,I,2,Cooperativa de Crédito,,,,,,,,I
33617960,202506,BANCO DE CREDITO SOLAR - SOCIEDADE COOPERATIVA DE RESPONSABILIDADE LTDA,180001,B3S,I,2,Cooperativa de Crédito,,,,,,,,I
09777335,202506,BANCO RURAL DO PARANA LTDA SOCIEDADE COOPERATIVA,180001,B3S,I,2,Cooperativa de Crédito,,,,,,,,I
01439107,202506,BARRACRED - COOPERATIVA DE ECONOMIA E CRÉDITO MÚTUO,199610,B3S,I,2,Cooperativa de Crédito,Mútuo com financiamento relevante,SP,Barra Bonita,S5,,,,A
62370119,202506,CAC -COOPERATIVA REGIONAL DE CRÉDITO RURAL,196907,B3S,I,2,Cooperativa de Crédito,,SP,São Paulo,,,,,I
04310638,202506,"CECM COMERCIANTES DE AUTOMOTORES, PEÇAS E SERVIÇOS DE CUIABÁ E VÁRZEA GRANDE E EMPREGADOS EM SANEAMENTO DO MATO GROSSO E FUNCIONÁRIOS DO SISTEMA FIEMT, FECOMÉRCIO, FAMATO E FETRAMAR - SICOOB MULTIPLO",200107,B3S,I,2,Cooperativa de Crédito,,MT,Cuiabá,,,,,I
04093770,202506,CECM DOS PROFISSIONAIS DE SAÚDE DE CUIABÁ E REGIÃO,200101,B3S,I,2,Cooperativa de Crédito,,MT,Cuiabá,,,,,I
04723991,202506,COOCREDI - COOPERATIVA DE CRÉDITO RURAL DA REGIÃO DE ITAPIPOCA LTDA.,200201,B3S,I,2,Cooperativa de Crédito,,CE,Trairi,,,,,I
04225340,202506,COOPCOM-COOPERATIVA DE ECONOMIA E CRÉDITO MÚTUO DOS COMERCIANTES DE CONFECÇÃO DA REGIÃO DOS LAGOS LTDA,200103,B3S,I,2,Cooperativa de Crédito,,RJ,Cabo Frio,,,,,I
27171974,202506,COOPERÁGUIA - COOPERATIVA DE ECONOMIA E CRÉDITO MÚTUO DOS EMPREGADOS DO GRUPO ÁGUIA BRANCA,197503,B3S,I,2,Cooperativa de Crédito,Mútuo PF sem conta corrente,ES,Cariacica,S5,,,,A
05296712,202506,COOPERASA - COOPERATIVA DE ECONOMIA E CRÉDITO MÚTUO DOS FUNCIONARIOS DAS EMPRESAS DA AGUIA PARTICIPAÇÕES,200304,B3S,I,2,Cooperativa de Crédito,,PR,Ponta Grossa,S5,,,,I
88325113,202506,COOPERATIVA    DE    ECONOMIA    E    CRÉDITO   MÚTUO  MINUANO,196701,B3S,I,2,Cooperativa de Crédito,Mútuo PF sem conta corrente,RS,Canoas,S5,,,,A
01664968,202506,COOPERATIVA  DE CRÉDITO DE LIVRE ADMISSÃO DE ASSOCIADOS UNIRONDÔNIA LTDA,199703,B3S,I,2,Cooperativa de Crédito,Crédito misto,RO,Porto Velho,S5,,,,I
01864151,202506,COOPERATIVA  ECONOMIA CRÉDITO MÚTUO  SERVS E EMPREGADOS PÚBLICOS MUNIC DE BELO HORIZONTE BETIM BRUMADINHO CONTAGEM IBIRITÉ NOVA LIMA RIBEIRÃO DAS NEVES SABARÁ SANTA LUZIA E VESPASIANO SICOOB CREDISERV,199706,B3S,I,2,Cooperativa de Crédito,Mútuo PF com conta corrente,MG,Belo Horizonte,S5,,,,A
07172067,202506,COOPERATIVA AGRO-PASTORIL LTDA,197002,B3S,I,2,Cooperativa de Crédito,,CE,Crato,,,,,I
33717299,202506,COOPERATIVA BANCO CREDITO FEDERAL LTDA,180001,B3S,I,2,Cooperativa de Crédito,,,,,,,,I
09777309,202506,"COOPERATIVA CARIOCA DE CREDITO POPULAR, SOCIEDADE DE RESPONSABILIDADE LTDA",180001,B3S,I,2,Cooperativa de Crédito,,,,,,,,I
09777308,202506,COOPERATIVA CENTRAL INSTITUTO DE PECUARIA DA BAHIA RESPONSABILIDADE LTDA,180001,B3S,I,2,Cooperativa de Crédito,,,,,,,,I
51010858,202506,COOPERATIVA DE CAPITAL E EMPRÉSTIMO COOPERMULTICRED - COOPERMC,198207,B3S,I,2,Cooperativa de Crédito,Mútuo PF sem conta corrente,SP,Guarulhos,S5,,,,A
09590601,202506,COOPERATIVA DE CRÉDITO - CREDICOMIN,200806,B3S,I,2,Cooperativa de Crédito,Mútuo com financiamento relevante,SC,Lages,S5,,,,A
03612764,202506,COOPERATIVA DE CRÉDITO  DE FRONTEIRAS  LTDA. - SICOOB FRONTEIRAS,200003,B3S,I,2,Cooperativa de Crédito,Mútuo com relevância em PJ,RO,Cacoal,S5,,,,A
53923116,202506,COOPERATIVA DE CREDITO - SICOOB CREDICOONAI,198410,B3S,I,2,Cooperativa de Crédito,,SP,Ribeirão Preto,S4,,,,I
41180092,202506,COOPERATIVA DE CRÉDITO - SICREDI EXPANSÃO,199305,B3S,I,2,Cooperativa de Crédito,Mútuo com relevância em PJ,AL,Maceió,S4,,,,A
05545390,202506,COOPERATIVA DE CRÉDITO - SICREDI LENÇÓIS,200305,B3S,I,2,Cooperativa de Crédito,Mútuo PF com conta corrente,MA,São Luís,S4,,,,A
03128973,202506,"COOPERATIVA DE CREDITO , POUPANÇA E INVESTIMENTO DO ESTADO DO PIAUÍ - SICREDI PIAUÍ",199907,B3S,I,2,Cooperativa de Crédito,,PI,Teresina,S5,,,,I
42873828,202506,COOPERATIVA DE CRÉDITO AGROCREDI LTDA. - SICOOB AGROCREDI,199211,B3S,I,2,Cooperativa de Crédito,Atípicas,MG,Guaxupé,S4,,,,A
53311833,202506,COOPERATIVA DE CRÉDITO AGROPECUÁRIO DO SUL DE SÃO PAULO LTDA,198909,B3S,I,2,Cooperativa de Crédito,,SP,Osvaldo Cruz,,,,,I
87795639,202506,COOPERATIVA DE CRÉDITO ALIANÇA RS/SC/ES - SICREDI ALIANÇA RS/SC/ES,198111,B3S,I,2,Cooperativa de Crédito,Crédito misto,RS,Marau,S4,,,,A
80959612,202506,COOPERATIVA DE CRÉDITO ALTO VALE DO ITAJAÍ - SICOOB ALTO VALE,198811,B3S,I,2,Cooperativa de Crédito,Crédito misto,SC,Rio do Sul,S5,,,,A
03320525,202506,COOPERATIVA DE CRÉDITO ARACOOP LTDA. - SICOOB ARACOOP,199909,B3S,I,2,Cooperativa de Crédito,Crédito misto,MG,Araguari,S5,,,,A
00068987,202506,COOPERATIVA DE CRÉDITO ARACREDI LTDA. - SICOOB ARACREDI,199407,B3S,I,2,Cooperativa de Crédito,Crédito rural,MG,Araguari,S5,,,,A
03071386,202506,COOPERATIVA DE CRÉDITO ASCOOB SUDOESTE - ASCOOB SUDOESTE,199908,B3S,I,2,Cooperativa de Crédito,,BA,Barra do Choça,S5,,,,I
48549588,202506,COOPERATIVA DE CRÉDITO CAIXA RURAL DE GUARATINGUETA,197812,B3S,I,2,Cooperativa de Crédito,,SP,Guaratinguetá,,,,,I
07174980,202506,COOPERATIVA DE CRÉDITO CAIXEIRAL DO CRATO LTDA.,193106,B3S,I,2,Cooperativa de Crédito,,CE,Crato,,,,,I
03497143,202506,COOPERATIVA DE CRÉDITO CAPITAL FORTE - SICOOB CREDIFORTE,200001,B3S,I,2,Cooperativa de Crédito,,RO,Porto Velho,S5,,,,I
41753500,202506,COOPERATIVA DE CRÉDITO CARLOS CHAGAS LTDA. - SICOOB CARLOS CHAGAS,199201,B3S,I,2,Cooperativa de Crédito,Crédito misto,MG,Carlos Chagas,S5,,,,A
54603022,202506,COOPERATIVA DE CREDITO CECRES - SICOOB CECRES,198508,B3S,I,2,Cooperativa de Crédito,Mútuo com relevância em PJ,SP,São Paulo,S5,,,,I
09403026,202506,COOPERATIVA DE CRÉDITO CENTRO LESTE NORTE MARANHENSE - SICOOB CENTROLESTE,200804,B3S,I,2,Cooperativa de Crédito,Crédito misto,MA,Grajaú,S5,,,,A
39345806,202506,COOPERATIVA DE CRÉDITO CENTRO-NORTE DO ESPÍRITO SANTO - SICOOB CENTRO-NORTE,199401,B3S,I,2,Cooperativa de Crédito,,ES,Rio Bananal,,,,,I
04120633,202506,COOPERATIVA DE CREDITO CLASSICA DO ESTADO DO RIO DE JANEIRO - SICOOB EMPRESAS RJ,200010,B3S,I,2,Cooperativa de Crédito,Atípicas,RJ,Rio de Janeiro,S5,,,,A
33924028,202506,COOPERATIVA DE CRÉDITO CLÁSSICA DOS EMPREGADOS DA VALE S/A E ENTIDADES VINCULADAS LTDA. - SICOOB COOPVALE,196812,B3S,I,2,Cooperativa de Crédito,Mútuo com relevância em PJ,RJ,Rio de Janeiro,S5,,,,A
21110927,202506,COOPERATIVA DE CRÉDITO CLÁSSICA DOS FUNCIONÁRIOS E PRESTADORES DE SERVIÇOS DAS EMPRESAS LIGADAS AO GRUPO EUCATUR LTDA. - SICOOB EUCRED,201411,B3S,I,2,Cooperativa de Crédito,Mútuo com relevância em PJ,RO,Ji-Paraná,S5,,,,I
54401286,202506,COOPERATIVA DE CRÉDITO COCRE,196905,B3S,I,2,Cooperativa de Crédito,Atípicas,SP,Piracicaba,S4,,,,A
44401800,202506,COOPERATIVA DE CRÉDITO COGEM,197409,B3S,I,2,Cooperativa de Crédito,Mútuo PF sem conta corrente,SP,São Bernardo do Campo,S5,,,,A
32430233,202506,COOPERATIVA DE CRÉDITO CONEXÃO - SICOOB CONEXÃO,198910,B3S,I,2,Cooperativa de Crédito,Crédito misto,ES,Linhares,S5,,,,A
53935029,202506,COOPERATIVA DE CRÉDITO COOCRELIVRE,198311,B3S,I,2,Cooperativa de Crédito,Atípicas,SP,Orlândia,S4,,,,A
65229254,202506,COOPERATIVA DE CRÉDITO COOPACREDI LTDA. - SICOOB COOPACREDI,199107,B3S,I,2,Cooperativa de Crédito,Crédito misto,MG,Patrocínio,S5,,,,A
53623781,202506,COOPERATIVA DE CRÉDITO COOPCRED,198401,B3S,I,2,Cooperativa de Crédito,Atípicas,SP,Valparaíso,S5,,,,A
87779625,202506,COOPERATIVA DE CRÉDITO COOPERAÇÃO - SICREDI COOPERAÇÃO,198108,B3S,I,2,Cooperativa de Crédito,Crédito misto,RS,Não-Me-Toque,S4,,,,A
31804966,202506,COOPERATIVA DE CRÉDITO COOPERMAIS - SICOOB COOPERMAIS,198901,B3S,I,2,Cooperativa de Crédito,Mútuo com financiamento relevante,ES,Santa Maria de Jetibá,S5,,,,A
02814832,202506,COOPERATIVA DE CRÉDITO COOPHARMA,199809,B3S,I,2,Cooperativa de Crédito,Mútuo PF sem conta corrente,SP,São Paulo,S5,,,,A
49389307,202506,COOPERATIVA DE CREDITO COOPLIVRE,197803,B3S,I,2,Cooperativa de Crédito,Crédito misto,SP,Capivari,S5,,,,A
18966739,202506,COOPERATIVA DE CRÉDITO COPERSUL LTDA - SICOOB COPERSUL,198305,B3S,I,2,Cooperativa de Crédito,Atípicas,MG,Três Pontas,S5,,,,A
19449602,202506,COOPERATIVA DE CRÉDITO CREDCOOPER LTDA - SICOOB CREDCOOPER,198401,B3S,I,2,Cooperativa de Crédito,Crédito misto,MG,Caratinga,S5,,,,A
00429890,202506,COOPERATIVA DE CREDITO CREDIAGRO LTDA. - SICOOB CREDIAGRO,199502,B3S,I,2,Cooperativa de Crédito,Crédito rural,MG,Campos Altos,S5,,,,A
25353939,202506,COOPERATIVA DE CRÉDITO CREDIALP LTDA - SICOOB CREDIALP,198811,B3S,I,2,Cooperativa de Crédito,Crédito rural,MG,Alpinópolis,S5,,,,A
66398496,202506,COOPERATIVA DE CRÉDITO CREDIARA LTDA - SICOOB CREDIARA,199004,B3S,I,2,Cooperativa de Crédito,Crédito misto,MG,Araxá,S5,,,,A
66259110,202506,COOPERATIVA DE CRÉDITO CREDIBAM LTDA. - SICOOB CREDIBAM,199109,B3S,I,2,Cooperativa de Crédito,Crédito misto,MG,Bambuí,S5,,,,A
71237184,202506,COOPERATIVA DE CRÉDITO CREDIBELO LTDA. - SICOOB CREDIBELO,199310,B3S,I,2,Cooperativa de Crédito,Crédito rural,MG,Campo Belo,S5,,,,A
21670187,202506,COOPERATIVA DE CRÉDITO CREDIBOM LTDA. - SICOOB CREDIBOM,198602,B3S,I,2,Cooperativa de Crédito,Mútuo com relevância em PJ,MG,Bom Despacho,S5,,,,A
25395435,202506,COOPERATIVA DE CRÉDITO CREDICAF LTDA - SICOOB CREDICAF,198810,B3S,I,2,Cooperativa de Crédito,Crédito misto,MG,Lajinha,S5,,,,A
01609345,202506,COOPERATIVA DE CRÉDITO CREDICAMPINA LTDA. - SICOOB CREDICAMPINA,199701,B3S,I,2,Cooperativa de Crédito,Crédito rural,MG,Campina Verde,S5,,,,A
21661202,202506,COOPERATIVA DE CRÉDITO CREDICAMPO LTDA.- SICOOB CREDICAMPO,198509,B3S,I,2,Cooperativa de Crédito,Crédito misto,MG,Entre Rios de Minas,S5,,,,A
00804046,202506,COOPERATIVA DE CRÉDITO CREDICAPI LTDA - SICOOB CREDICAPI,199510,B3S,I,2,Cooperativa de Crédito,Crédito misto,MG,Capitólio,S5,,,,A
23949522,202506,COOPERATIVA DE CRÉDITO CREDICARPA LTDA. - SICOOB CREDICARPA,199306,B3S,I,2,Cooperativa de Crédito,Crédito rural,MG,Carmo do Paranaíba,S5,,,,A
00966246,202506,COOPERATIVA DE CREDITO CREDICERIPA - SICOOB CREDICERIPA,199602,B3S,I,2,Cooperativa de Crédito,Crédito misto,SP,Itaí,S4,,,,A
54037916,202506,COOPERATIVA DE CREDITO CREDICITRUS,198503,B3S,I,2,Cooperativa de Crédito,Crédito misto,SP,Bebedouro,S3,,,,A
67096909,202506,COOPERATIVA DE CRÉDITO CREDICOCAPEC,199201,B3S,I,2,Cooperativa de Crédito,Atípicas,SP,Franca,S4,,,,A
38588174,202506,COOPERATIVA DE CRÉDITO CREDICOPE LTDA. - SICOOB CREDICOPE,199009,B3S,I,2,Cooperativa de Crédito,Crédito misto,MG,Conselheiro Pena,S5,,,,A
68512748,202506,COOPERATIVA DE CRÉDITO CREDIESMERALDAS LTDA. - SICOOB CREDIESMERALDAS,199211,B3S,I,2,Cooperativa de Crédito,Mútuo com relevância em PJ,MG,Esmeraldas,S5,,,,A
07469260,202506,COOPERATIVA DE CRÉDITO CREDIFIEMG LTDA. - SICOOB CREDIFIEMG,200508,B3S,I,2,Cooperativa de Crédito,Mútuo com relevância em PJ,MG,Belo Horizonte,S5,,,,A
41931445,202506,COOPERATIVA DE CRÉDITO CREDIFOR LTDA - SICOOB CREDIFOR,198909,B3S,I,2,Cooperativa de Crédito,Mútuo com relevância em PJ,MG,Formiga,S5,,,,A
67960229,202506,COOPERATIVA DE CRÉDITO CREDIGUAÇU - SICOOB CREDIGUAÇU,199206,B3S,I,2,Cooperativa de Crédito,Atípicas,SP,Descalvado,S4,,,,A
71243034,202506,COOPERATIVA DE CRÉDITO CREDIJEQUITINHONHA LTDA. - SICOOB CREDIJEQUITINHONHA,199310,B3S,I,2,Cooperativa de Crédito,Atípicas,MG,Capelinha,S5,,,,A
41697103,202506,COOPERATIVA DE CRÉDITO CREDILIVRE LTDA. - SICOOB CREDILIVRE,199105,B3S,I,2,Cooperativa de Crédito,Crédito rural,MG,Manhuaçu,S5,,,,A
64480833,202506,COOPERATIVA DE CRÉDITO CREDIMAC LTDA - SICOOB CREDIMAC,199303,B3S,I,2,Cooperativa de Crédito,Crédito misto,MG,Martinho Campos,S5,,,,A
01152097,202506,COOPERATIVA DE CRÉDITO CREDIMATA LTDA. - SICOOB CREDIMATA,199608,B3S,I,2,Cooperativa de Crédito,Crédito misto,MG,Volta Grande,S5,,,,A
66788142,202506,COOPERATIVA DE CREDITO CREDIMOTA   SICOOB CREDIMOTA,199203,B3S,I,2,Cooperativa de Crédito,Crédito misto,SP,Cândido Mota,S5,,,,A
25420696,202506,COOPERATIVA DE CRÉDITO CREDINACIONAL LTDA. - SICOOB CREDINACIONAL,198811,B3S,I,2,Cooperativa de Crédito,Crédito misto,MG,Abaeté,S5,,,,A
21866694,202506,COOPERATIVA DE CRÉDITO CREDINOR LTDA - SICOOB CREDINOR,198606,B3S,I,2,Cooperativa de Crédito,Mútuo com financiamento relevante,MG,Montes Claros,S5,,,,A
64276058,202506,COOPERATIVA DE CRÉDITO CREDINORTE LTDA. - SICOOB CREDINORTE,199012,B3S,I,2,Cooperativa de Crédito,Crédito misto,MG,Nanuque,S5,,,,A
06324872,202506,COOPERATIVA DE CRÉDITO CREDINOSSO LTDA - SICOOB CREDINOSSO,200409,B3S,I,2,Cooperativa de Crédito,Mútuo com relevância em PJ,MG,Montes Claros,S5,,,,A
24048910,202506,COOPERATIVA DE CRÉDITO CREDINTER LTDA. - SICOOB CREDINTER,198812,B3S,I,2,Cooperativa de Crédito,Crédito misto,MG,Guaranésia,S5,,,,A
66262643,202506,COOPERATIVA DE CRÉDITO CREDIPEU LTDA.  - SICOOB CREDIPEU,199109,B3S,I,2,Cooperativa de Crédito,Atípicas,MG,Pompéu,S5,,,,A
42934794,202506,COOPERATIVA DE CRÉDITO CREDIPIMENTA LTDA. - SICOOB CREDIPIMENTA,199210,B3S,I,2,Cooperativa de Crédito,Atípicas,MG,Pimenta,S5,,,,A
03412878,202506,COOPERATIVA DE CRÉDITO CREDIRAMA LTDA - SICOOB CREDIRAMA,199911,B3S,I,2,Cooperativa de Crédito,Crédito misto,MG,Iturama,S5,,,,A
03358914,202506,COOPERATIVA DE CREDITO CREDIROCHAS - SICOOB CREDIROCHAS,199909,B3S,I,2,Cooperativa de Crédito,Mútuo com financiamento relevante,ES,Cachoeiro de Itapemirim,S5,,,,A
22753982,202506,COOPERATIVA DE CRÉDITO CREDISETE LTDA. - SICOOB CREDISETE,198707,B3S,I,2,Cooperativa de Crédito,Atípicas,MG,Sete Lagoas,S5,,,,A
03645752,202506,COOPERATIVA DE CRÉDITO CREDISG LTDA. - SICOOB CREDISG,200006,B3S,I,2,Cooperativa de Crédito,Crédito rural,MG,São Gotardo,S5,,,,A
22656789,202506,COOPERATIVA DE CREDITO CREDISUDESTE LTDA. - SICOOB CREDISUDESTE,198706,B3S,I,2,Cooperativa de Crédito,Atípicas,MG,Muriaé,S5,,,,A
64237530,202506,COOPERATIVA DE CRÉDITO CREDIUNA LTDA - SICOOB CREDIUNA,199012,B3S,I,2,Cooperativa de Crédito,Crédito misto,MG,Itaúna,S5,,,,A
25387655,202506,COOPERATIVA DE CRÉDITO CREDIVALE LTDA - SICOOB CREDIVALE,198810,B3S,I,2,Cooperativa de Crédito,Atípicas,MG,Teófilo Otoni,S5,,,,A
25798596,202506,COOPERATIVA DE CRÉDITO CREDIVAR LTDA. - SICOOB CREDIVAR,198908,B3S,I,2,Cooperativa de Crédito,Crédito misto,MG,Varginha,S5,,,,A
00803287,202506,COOPERATIVA DE CRÉDITO CREDIVAZ LTDA. - SICOOB CREDIVAZ,199509,B3S,I,2,Cooperativa de Crédito,Crédito misto,MG,Vazante,S5,,,,A
25528753,202506,COOPERATIVA DE CRÉDITO CREDIVERDE LTDA. - SICOOB CREDIVERDE,198903,B3S,I,2,Cooperativa de Crédito,Mútuo com relevância em PJ,MG,Divinópolis,S5,,,,A
22724710,202506,COOPERATIVA DE CRÉDITO CREDIVERTENTES LTDA. - SICOOB CREDIVERTENTES,198706,B3S,I,2,Cooperativa de Crédito,Mútuo com relevância em PJ,MG,São Tiago,S5,,,,A
05463934,202506,COOPERATIVA DE CREDITO CREDLIDER - SICOOB CREDLIDER,200304,B3S,I,2,Cooperativa de Crédito,Atípicas,SP,Votuporanga,S5,,,,A
71069587,202506,COOPERATIVA DE CRÉDITO CREDPLUS LTDA. - SICOOB CREDPLUS,199306,B3S,I,2,Cooperativa de Crédito,,MG,Dores do Indaiá,S5,,,,I
25536764,202506,COOPERATIVA DE CRÉDITO CREDPLUS LTDA. - SICOOB CREDPLUS,198902,B3S,I,2,Cooperativa de Crédito,Mútuo com relevância em PJ,MG,Luz,S5,,,,A
02197569,202506,COOPERATIVA DE CRÉDITO CREDSAOPAULO - SICOOB CREDSAOPAULO,199711,B3S,I,2,Cooperativa de Crédito,Mútuo com relevância em PJ,SP,São José dos Campos,S5,,,,A
05203605,202506,COOPERATIVA DE CRÉDITO DA AMAZÔNIA - SICOOB AMAZÔNIA,200208,B3S,I,2,Cooperativa de Crédito,Crédito misto,RO,Buritis,S5,,,,A
09777307,202506,COOPERATIVA DE CREDITO DA CAPITAL DE MINAS LTDA,180001,B3S,I,2,Cooperativa de Crédito,,,,,,,,I
09512539,202506,COOPERATIVA DE CRÉDITO DA FOZ DO RIO ITAJAÍ AÇU - CREDIFOZ,200805,B3S,I,2,Cooperativa de Crédito,Mútuo com financiamento relevante,SC,Itajaí,S5,,,,A
02405189,202506,COOPERATIVA DE CRÉDITO DA GRANDE FLORIANÓPOLIS - ÚNILOS,199805,B3S,I,2,Cooperativa de Crédito,Mútuo com financiamento relevante,SC,Florianópolis,S5,,,,A
22749014,202506,COOPERATIVA DE CRÉDITO DA REGIÃO CENTRAL DE MINAS LTDA. - SICOOB UNIÃO CENTRAL,198707,B3S,I,2,Cooperativa de Crédito,Atípicas,MG,Paraopeba,S5,,,,A
00068389,202506,COOPERATIVA DE CRÉDITO DA REGIÃO DE CRATEÚS - SICREDI CRATEÚS,199407,B3S,I,2,Cooperativa de Crédito,,CE,Crateús,S5,,,,I
10218474,202506,COOPERATIVA DE CRÉDITO DA REGIÃO DO CONTESTADO - CIVIA,200808,B3S,I,2,Cooperativa de Crédito,Mútuo com financiamento relevante,SC,São Bento do Sul,S5,,,,A
86585049,202506,COOPERATIVA DE CRÉDITO DA REGIÃO DO VALE DO RIO GRANDE LTDA. - SICOOB CREDILEITE,199410,B3S,I,2,Cooperativa de Crédito,Mútuo com relevância em PJ,MG,Uberaba,S5,,,,A
17361536,202506,COOPERATIVA DE CRÉDITO DA REGIÃO E COLAR METROPOLITANO DO VALE DO AÇO LTDA. - SICOOB COSMIPA,198203,B3S,I,2,Cooperativa de Crédito,Mútuo com relevância em PJ,MG,Ipatinga,S5,,,,A
05392810,202506,COOPERATIVA DE CRÉDITO DA REGIÃO MERIDIONAL DO BRASIL - SICOOB UNICOOB MERIDIONAL,200302,B3S,I,2,Cooperativa de Crédito,Mútuo com relevância em PJ,PR,Toledo,S5,,,,A
83347294,202506,COOPERATIVA DE CRÉDITO DA REGIÃO METROPOLITANA DE BELÉM,199303,B3S,I,2,Cooperativa de Crédito,,PA,Belém,S5,,,,I
07052616,202506,COOPERATIVA DE CRÉDITO DE BARBALHA LTDA,196810,B3S,I,2,Cooperativa de Crédito,,CE,Barbalha,,,,,I
45009594,202506,COOPERATIVA DE CRÉDITO DE BAURU LTDA,197601,B3S,I,2,Cooperativa de Crédito,,SP,Bauru,,,,,I
01151186,202506,COOPERATIVA DE CRÉDITO DE CAMPINA GRANDE - SICREDI CENTRO PARAIBANA,199607,B3S,I,2,Cooperativa de Crédito,,PB,Campina Grande,S5,,,,I
57987273,202506,COOPERATIVA DE CRÉDITO DE CAPITAL E EMPRÉSTIMO DOS EMPREGADOS CELETISTAS DE COOPERATIVAS DOS ESTADOS DE SÃO PAULO E MINAS GERAIS - COCREUNI,198710,B3S,I,2,Cooperativa de Crédito,Mútuo PF sem conta corrente,SP,Ribeirão Preto,S5,,,,A
34503581,202506,COOPERATIVA DE CRÉDITO DE CAPITAL E EMPRÉSTIMO DOS FUNCIONÁRIOS DA SAÚDE DO SETOR PRIVADO DE MANAUS LTDA - COOPCRESP MANAUS,198907,B3S,I,2,Cooperativa de Crédito,,AM,Manaus,S5,,,,I
28435685,202506,COOPERATIVA DE CRÉDITO DE CAPITAL E EMPRÉSTIMO DOS TRABALHADORES NAS EMPRESAS DE TECNOLOGIA E INFORMÁTICA DE BELO HORIZONTE E CIDADES LIMÍTROFES LTDA - COOPERINFOR,201710,B3S,I,2,Cooperativa de Crédito,Mútuo PF sem conta corrente,MG,Belo Horizonte,S5,,,,A
04019608,202506,COOPERATIVA DE CRÉDITO DE EMPRESÁRIOS - SICOOB EMPRESARIAL MT,200009,B3S,I,2,Cooperativa de Crédito,,MT,Cuiabá,,,,,I
04247370,202506,COOPERATIVA DE CRÉDITO DE EMPRESÁRIOS - SICOOB/TRANSCREDI,200103,B3S,I,2,Cooperativa de Crédito,Mútuo com financiamento relevante,SC,Concórdia,S5,,,,A
71009237,202506,COOPERATIVA DE CRÉDITO DE GUAPÉ LTDA - SICOOB CREDIGUAPÉ,199307,B3S,I,2,Cooperativa de Crédito,,MG,Guapé,S5,,,,I
14343693,202506,COOPERATIVA DE CRÉDITO DE ITABUNA,196612,B3S,I,2,Cooperativa de Crédito,,BA,Itabuna,,,,,I
08844074,202506,COOPERATIVA DE CRÉDITO DE ITAPETININGA - SICOOB CRED-ACI,200707,B3S,I,2,Cooperativa de Crédito,Atípicas,SP,Itapetininga,S5,,,,A
16426181,202506,COOPERATIVA DE CRÉDITO DE ITORORÓ,196712,B3S,I,2,Cooperativa de Crédito,,BA,Itororó,,,,,I
05007327,202506,COOPERATIVA DE CRÉDITO DE LIVRE  ADMISSÃO DE JI-PARANÁ E REGIÃO LTDA. - SICOOB UNIJPR,200207,B3S,I,2,Cooperativa de Crédito,,RO,Ji-Paraná,,,,,I
19875244,202506,COOPERATIVA DE CRÉDITO DE LIVRE ADMISSÃO - SICOOB COPESITA,196801,B3S,I,2,Cooperativa de Crédito,Mútuo com relevância em PJ,MG,Timóteo,S5,,,,A
05247312,202506,COOPERATIVA DE CRÉDITO DE LIVRE ADMISSÃO BURITIS - SICOOB BURITIS,200211,B3S,I,2,Cooperativa de Crédito,Mútuo com relevância em PJ,MT,Rondonópolis,S5,,,,A
37395399,202506,COOPERATIVA DE CRÉDITO DE LIVRE ADMISSÃO CENTRO BRASILEIRA LTDA.,199210,B3S,I,2,Cooperativa de Crédito,Mútuo com relevância em PJ,GO,Goiânia,S5,,,,A
07458684,202506,COOPERATIVA DE CRÉDITO DE LIVRE ADMISSÃO CENTRO LESTE DO PARANÁ - SICOOB CENTRO LESTE,200508,B3S,I,2,Cooperativa de Crédito,,PR,Telêmaco Borba,,,,,I
03102185,202506,COOPERATIVA DE CRÉDITO DE LIVRE ADMISSÃO CENTRO NORDESTE - SICOOB CENTRO NORDESTE,199906,B3S,I,2,Cooperativa de Crédito,Mútuo com relevância em PJ,PB,João Pessoa,S5,,,,A
07502031,202506,COOPERATIVA DE CRÉDITO DE LIVRE ADMISSÃO CENTRO OESTE LTDA.,200509,B3S,I,2,Cooperativa de Crédito,Mútuo com relevância em PJ,GO,Goianésia,S5,,,,A
00952415,202506,COOPERATIVA DE CRÉDITO DE LIVRE ADMISSÃO CREDFAZ LTDA. - SICOOB CREDFAZ,199603,B3S,I,2,Cooperativa de Crédito,Mútuo PF com conta corrente,DF,Brasília,S5,,,,A
02338666,202506,COOPERATIVA DE CRÉDITO DE LIVRE ADMISSÃO CREDIEMBRAPA LTDA - SICOOB.,199709,B3S,I,2,Cooperativa de Crédito,Mútuo PF com conta corrente,DF,Brasília,S5,,,,A
97360804,202506,COOPERATIVA DE CRÉDITO DE LIVRE ADMISSÃO DA CIDADE DE GOIÂNIA E ENTORNO LTDA.,199409,B3S,I,2,Cooperativa de Crédito,,GO,Goiânia,S5,,,,I
10209619,202506,COOPERATIVA DE CRÉDITO DE LIVRE ADMISSÃO DA GRANDE GOIÂNIA LTDA.,200810,B3S,I,2,Cooperativa de Crédito,Mútuo com relevância em PJ,GO,Goiânia,S5,,,,A
14046512,202506,COOPERATIVA DE CRÉDITO DE LIVRE ADMISSÃO DA MARGEM ESQUERDA DO URUCUIA E SÃO FRANCISCO LTDA - SICOOB CREDICHAPADA,201109,B3S,I,2,Cooperativa de Crédito,Crédito rural,MG,Chapada Gaúcha,S5,,,,A
11907520,202506,COOPERATIVA DE CRÉDITO DE LIVRE ADMISSÃO DA PARAÍBA - SICOOB PARAÍBA,201007,B3S,I,2,Cooperativa de Crédito,Mútuo com relevância em PJ,PB,Campina Grande,S5,,,,A
02144899,202506,COOPERATIVA DE CRÉDITO DE LIVRE ADMISSÃO DA REGIÃO CENTRAL DE RONDÔNIA   SICOOB OUROCREDI,199710,B3S,I,2,Cooperativa de Crédito,Crédito rural,RO,Ouro Preto do Oeste,S5,,,,A
01736516,202506,COOPERATIVA DE CRÉDITO DE LIVRE ADMISSÃO DA REGIÃO CENTRAL E OESTE MINEIRO LTDA. - SICOOB DIVICRED,199705,B3S,I,2,Cooperativa de Crédito,Mútuo com relevância em PJ,MG,Divinópolis,S5,,,,A
25387713,202506,COOPERATIVA DE CRÉDITO DE LIVRE ADMISSÃO DA REGIÃO DE  PARÁ DE MINAS LTDA - SICOOB CREDIRURAL,198809,B3S,I,2,Cooperativa de Crédito,Crédito misto,MG,Pará de Minas,S5,,,,A
71419600,202506,COOPERATIVA DE CRÉDITO DE LIVRE ADMISSÃO DA REGIÃO DE FRUTAL LTDA.   SICOOB FRUTAL,199402,B3S,I,2,Cooperativa de Crédito,Crédito misto,MG,Frutal,S5,,,,A
01699652,202506,COOPERATIVA DE CRÉDITO DE LIVRE ADMISSÃO DA REGIÃO DE GUAXUPÉ LTDA. - SICOOB ACICREDI,199704,B3S,I,2,Cooperativa de Crédito,Mútuo com relevância em PJ,MG,Guaxupé,S5,,,,A
01657678,202506,COOPERATIVA DE CRÉDITO DE LIVRE ADMISSÃO DA REGIÃO DE SÃO SEBASTIÃO DO PARAÍSO LTDA. - SICOOB PARAÍSOCRED,199703,B3S,I,2,Cooperativa de Crédito,Mútuo com relevância em PJ,MG,São Sebastião do Paraíso,S5,,,,A
71261184,202506,COOPERATIVA DE CRÉDITO DE LIVRE ADMISSÃO DA REGIÃO DO CAPARAÓ LTDA. - SICOOB SAÚDE,199405,B3S,I,2,Cooperativa de Crédito,Mútuo com financiamento relevante,MG,Caratinga,S5,,,,I
02232383,202506,COOPERATIVA DE CRÉDITO DE LIVRE ADMISSÃO DA REGIÃO DO CIRCUITO CAMPOS DAS VERTENTES LTDA - SICOOB COPERMEC,199806,B3S,I,2,Cooperativa de Crédito,Mútuo com relevância em PJ,MG,Cláudio,S5,,,,A
05158093,202506,COOPERATIVA DE CRÉDITO DE LIVRE ADMISSÃO DA REGIÃO LESTE DA BACIA DO RIO DOCE LTDA   SICOOB CREDILESTE,200206,B3S,I,2,Cooperativa de Crédito,Mútuo com relevância em PJ,MG,Caratinga,S5,,,,A
09035503,202506,COOPERATIVA DE CRÉDITO DE LIVRE ADMISSÃO DA REGIÃO METROPOLITANA DE CURITIBA - SICREDI COPERCREDI PR,200710,B3S,I,2,Cooperativa de Crédito,,PR,Colombo,,,,,I
07599206,202506,COOPERATIVA DE CRÉDITO DE LIVRE ADMISSÃO DA REGIÃO METROPOLITANA DE GOIÂNIA LTDA.,200601,B3S,I,2,Cooperativa de Crédito,Mútuo com relevância em PJ,GO,Goiânia,S5,,,,A
42887133,202506,COOPERATIVA DE CREDITO DE LIVRE ADMISSÃO DA REGIÃO SUDESTE DE MINAS GERAIS LTDA. - SICOOB CREDISUCESSO,199211,B3S,I,2,Cooperativa de Crédito,Atípicas,MG,Bom Sucesso,S5,,,,A
26191078,202506,COOPERATIVA DE CRÉDITO DE LIVRE ADMISSÃO DA REGIÃO SUL DO MARANHÃO - SICREDI SUL DO MARANHÃO,201611,B3S,I,2,Cooperativa de Crédito,Atípicas,MA,Imperatriz,S4,,,,A
02804469,202506,COOPERATIVA DE CRÉDITO DE LIVRE ADMISSÃO DA SERRA GERAL DE MINAS LTDA. - SICOOB CREDIGERAIS,199811,B3S,I,2,Cooperativa de Crédito,,MG,Janaúba,,,,,I
01060307,202506,COOPERATIVA DE CRÉDITO DE LIVRE ADMISSÃO DA UNIÃO DOS VALES DO PIRANGA E MATIPÓ LTDA. - SICOOB UNIÃO DOS VALES,199602,B3S,I,2,Cooperativa de Crédito,Crédito misto,MG,Raul Soares,S5,,,,A
02335109,202506,COOPERATIVA DE CRÉDITO DE LIVRE ADMISSÃO DA ZONA DA MATA LTDA   SICOOB COOPEMATA,199808,B3S,I,2,Cooperativa de Crédito,Mútuo com relevância em PJ,MG,Cataguases,S5,,,,A
01739375,202506,COOPERATIVA DE CRÉDITO DE LIVRE ADMISSÃO DE  LAGOA DA PRATA E REGIÃO LTDA.   SICOOB LAGOACRED GERAIS,199704,B3S,I,2,Cooperativa de Crédito,Mútuo com relevância em PJ,MG,Lagoa da Prata,S5,,,,A
33615055,202506,COOPERATIVA DE CRÉDITO DE LIVRE ADMISSÃO DE ANÁPOLIS E REGIÃO LTDA,199012,B3S,I,2,Cooperativa de Crédito,Mútuo com relevância em PJ,GO,Anápolis,S5,,,,A
71378426,202506,COOPERATIVA DE CRÉDITO DE LIVRE ADMISSÃO DE ARAXÁ LTDA - SICOOB COOCREZ,199311,B3S,I,2,Cooperativa de Crédito,,MG,Araxá,S5,,,,I
71230338,202506,COOPERATIVA DE CRÉDITO DE LIVRE ADMISSÃO DE ARCOS LTDA. - SICOOB ARCOMCREDI,199309,B3S,I,2,Cooperativa de Crédito,Mútuo com financiamento relevante,MG,Arcos,S5,,,,A
00694389,202506,COOPERATIVA DE CRÉDITO DE LIVRE ADMISSÃO DE ASSOCIADOS - SICOOB CREDICARU SC/RS,199508,B3S,I,2,Cooperativa de Crédito,Crédito misto,SC,São José do Cerrito,S5,,,,A
73326449,202506,COOPERATIVA DE CRÉDITO DE LIVRE ADMISSÃO DE ASSOCIADOS - SICOOB CRUZ ALTA,199312,B3S,I,2,Cooperativa de Crédito,Mútuo com relevância em PJ,RS,Cruz Alta,S5,,,,A
78858107,202506,COOPERATIVA DE CRÉDITO DE LIVRE ADMISSÃO DE ASSOCIADOS AURIVERDE -  SICOOB - CREDIAL SC/RS,198508,B3S,I,2,Cooperativa de Crédito,Crédito misto,SC,Cunha Porã,S5,,,,A
87755047,202506,COOPERATIVA DE CRÉDITO DE LIVRE ADMISSÃO DE ASSOCIADOS DA QUARTA COLÔNIA DO RGS - SICREDI QUARTA COLÔNIA,198108,B3S,I,2,Cooperativa de Crédito,,RS,Nova Palma,,,,,I
01816701,202506,COOPERATIVA DE CRÉDITO DE LIVRE ADMISSÃO DE ASSOCIADOS DA REGIÃO DOS VALES DE GOIÁS,198605,B3S,I,2,Cooperativa de Crédito,,GO,Quirinópolis,,,,,I
93136471,202506,COOPERATIVA DE CRÉDITO DE LIVRE ADMISSÃO DE ASSOCIADOS DE AJURICABA - SICREDI AJURICABA RS,199001,B3S,I,2,Cooperativa de Crédito,,RS,Ajuricaba,,,,,I
11610996,202506,COOPERATIVA DE CRÉDITO DE LIVRE ADMISSÃO DE ASSOCIADOS DE COLORADO E REGIÃO - SICOOB COLORADO,201004,B3S,I,2,Cooperativa de Crédito,,PR,Colorado,,,,,I
02254376,202506,COOPERATIVA DE CRÉDITO DE LIVRE ADMISSÃO DE ASSOCIADOS DE DORES DO INDAIÁ LTDA - SICOOB COOPCREDI,199807,B3S,I,2,Cooperativa de Crédito,Atípicas,MG,Dores do Indaiá,S5,,,,A
87732657,202506,COOPERATIVA DE CRÉDITO DE LIVRE ADMISSÃO DE ASSOCIADOS DE IBIRUBÁ - SICREDI IBIRUBÁ RS,198107,B3S,I,2,Cooperativa de Crédito,,RS,Ibirubá,,,,,I
08083363,202506,COOPERATIVA DE CRÉDITO DE LIVRE ADMISSÃO DE ASSOCIADOS DE INDAIAL - SC SICOOB INDACREDI,200608,B3S,I,2,Cooperativa de Crédito,,SC,Indaial,,,,,I
12384953,202506,COOPERATIVA DE CRÉDITO DE LIVRE ADMISSÃO DE ASSOCIADOS DE JARAGUÁ DO SUL E REGIÃO - SICOOB CEJASCRED,201010,B3S,I,2,Cooperativa de Crédito,Mútuo com relevância em PJ,SC,Jaraguá do Sul,S5,,,,I
01566038,202506,COOPERATIVA DE CRÉDITO DE LIVRE ADMISSÃO DE ASSOCIADOS DE MANAUS,199612,B3S,I,2,Cooperativa de Crédito,,AM,Manaus,S5,,,,I
52436367,202506,COOPERATIVA DE CRÉDITO DE LIVRE ADMISSÃO DE ASSOCIADOS DE MIRASSOL E REGIÃO - SICREDI NOROESTE PAULISTA,196706,B3S,I,2,Cooperativa de Crédito,,SP,Mirassol,,,,,I
91983155,202506,COOPERATIVA DE CRÉDITO DE LIVRE ADMISSÃO DE ASSOCIADOS DE PANAMBI - SICREDI PANAMBI RS,196911,B3S,I,2,Cooperativa de Crédito,,RS,Panambi,,,,,I
26408096,202506,COOPERATIVA DE CRÉDITO DE LIVRE ADMISSÃO DE ASSOCIADOS DE PONTA PORÃ E REGIÃO - SICREDI FRONTEIRA MS,198909,B3S,I,2,Cooperativa de Crédito,,MS,Ponta Porã,,,,,I
17617302,202506,COOPERATIVA DE CRÉDITO DE LIVRE ADMISSÃO DE ASSOCIADOS DE POSSE/GO E REGIÃO - SICREDI INTEGRAÇÃO,201303,B3S,I,2,Cooperativa de Crédito,,GO,Posse,,,,,I
78840071,202506,COOPERATIVA DE CRÉDITO DE LIVRE ADMISSÃO DE ASSOCIADOS DO ALTO URUGUAI CATARINENSE - SICOOB CREDIAUC,198503,B3S,I,2,Cooperativa de Crédito,Crédito misto,SC,Concórdia,S5,,,,A
32953317,202506,COOPERATIVA DE CRÉDITO DE LIVRE ADMISSÃO DE ASSOCIADOS DO ARAGUAIA - SICREDI ARAGUAIA,198905,B3S,I,2,Cooperativa de Crédito,,MT,Água Boa,,,,,I
87733341,202506,COOPERATIVA DE CRÉDITO DE LIVRE ADMISSÃO DE ASSOCIADOS DO CENTRO SUL DO RGS - SICREDI CENTRO SUL,198108,B3S,I,2,Cooperativa de Crédito,,RS,São Sepé,,,,,I
80959638,202506,COOPERATIVA DE CRÉDITO DE LIVRE ADMISSÃO DE ASSOCIADOS DO MEIO OESTE CATARINENSE - SICOOB CREDIMOC SC,198811,B3S,I,2,Cooperativa de Crédito,Atípicas,SC,Xanxerê,S5,,,,A
12993518,202506,COOPERATIVA DE CRÉDITO DE LIVRE ADMISSÃO DE ASSOCIADOS DO NORTE PIONEIRO - SICOOB NORTE PIONEIRO,201101,B3S,I,2,Cooperativa de Crédito,,PR,Jacarezinho,,,,,I
01389651,202506,COOPERATIVA DE CRÉDITO DE LIVRE ADMISSÃO DE ASSOCIADOS DO PLANALTO CATARINENSE SICOOB CREDIPLANALTO SC/RS,199609,B3S,I,2,Cooperativa de Crédito,Mútuo com relevância em PJ,SC,Papanduva,S5,,,,A
01692448,202506,COOPERATIVA DE CRÉDITO DE LIVRE ADMISSÃO DE ASSOCIADOS DO PLANALTO SERRANO - SICOOB CREDISERRA SC,199704,B3S,I,2,Cooperativa de Crédito,Crédito rural,SC,Urupema,S5,,,,A
08723661,202506,COOPERATIVA DE CRÉDITO DE LIVRE ADMISSÃO DE ASSOCIADOS DO SUDESTE PARAENSE - SICREDI CARAJÁS PA,200704,B3S,I,2,Cooperativa de Crédito,,PA,Redenção,,,,,I
02558287,202506,COOPERATIVA DE CRÉDITO DE LIVRE ADMISSÃO DE ASSOCIADOS DO SUDOESTE DA BAHIA LTDA. - SICOOB SUDOESTE,199807,B3S,I,2,Cooperativa de Crédito,,BA,Brumado,,,,,I
10143743,202506,COOPERATIVA DE CRÉDITO DE LIVRE ADMISSÃO DE ASSOCIADOS DO SUL DO BRASIL - CREVISC,200808,B3S,I,2,Cooperativa de Crédito,Mútuo com financiamento relevante,SC,Guaramirim,S5,,,,A
10342559,202506,COOPERATIVA DE CRÉDITO DE LIVRE ADMISSÃO DE ASSOCIADOS DO SUL DO ESTADO DE SANTA CATARINA - SICREDI SUL CATARINENSE SC,200809,B3S,I,2,Cooperativa de Crédito,,SC,Tubarão,,,,,I
10779018,202506,COOPERATIVA DE CRÉDITO DE LIVRE ADMISSÃO DE ASSOCIADOS DO SUL DO PARÁ - SICREDI SUL PA,200906,B3S,I,2,Cooperativa de Crédito,,PA,Parauapebas,,,,,I
78834975,202506,COOPERATIVA DE CRÉDITO DE LIVRE ADMISSÃO DE ASSOCIADOS DO VALE DO CANOINHAS - SICOOB CREDICANOINHAS/SC,198504,B3S,I,2,Cooperativa de Crédito,Crédito misto,SC,Canoinhas,S5,,,,A
01480754,202506,COOPERATIVA DE CRÉDITO DE LIVRE ADMISSÃO DE ASSOCIADOS DO VALE DO IGUAÇU - SICOOB VALE DO IGUAÇU,199701,B3S,I,2,Cooperativa de Crédito,,PR,Dois Vizinhos,,,,,I
88473798,202506,COOPERATIVA DE CRÉDITO DE LIVRE ADMISSÃO DE ASSOCIADOS DO VALE DO RIO CAMAQUÃ - SICREDI VALE DO CAMAQUÃ,198209,B3S,I,2,Cooperativa de Crédito,,RS,Caçapava do Sul,,,,,I
87788394,202506,COOPERATIVA DE CRÉDITO DE LIVRE ADMISSÃO DE ASSOCIADOS DO VALE DO SOTURNO - SICREDI VALE DO SOTURNO,198109,B3S,I,2,Cooperativa de Crédito,,RS,Faxinal do Soturno,,,,,I
81016131,202506,COOPERATIVA DE CRÉDITO DE LIVRE ADMISSÃO DE ASSOCIADOS DO VALE DO VINHO - SICOOB VALE DO VINHO,198906,B3S,I,2,Cooperativa de Crédito,Crédito misto,SC,Videira,S5,,,,A
03836609,202506,COOPERATIVA DE CRÉDITO DE LIVRE ADMISSÃO DE ASSOCIADOS DOS ESTADOS DO TOCANTINS E OESTE DA BAHIA - SICREDI UNIÃO CERRADO,200005,B3S,I,2,Cooperativa de Crédito,,TO,Dianópolis,,,,,I
03960819,202506,"COOPERATIVA DE CRÉDITO DE LIVRE ADMISSÃO DE ASSOCIADOS DOS VALES DO ITAJAÍ E ITAPOCÚ, DO LITORAL DE SANTA CATARINA E LITORAL SUL DO PARANÁ - SICOOB BLUCREDI SUL",200009,B3S,I,2,Cooperativa de Crédito,,PR,Guaratuba,,,,,I
87766507,202506,COOPERATIVA DE CRÉDITO DE LIVRE ADMISSÃO DE ASSOCIADOS GRANDE SANTA ROSA   SICREDI GRANDE SANTA ROSA RS,198108,B3S,I,2,Cooperativa de Crédito,,RS,Santa Rosa,,,,,I
81014060,202506,COOPERATIVA DE CREDITO DE LIVRE ADMISSÃO DE ASSOCIADOS ITAIPU SICOOB CREDITAIPU,198905,B3S,I,2,Cooperativa de Crédito,Crédito misto,SC,Pinhalzinho,S5,,,,A
78483310,202506,COOPERATIVA DE CRÉDITO DE LIVRE ADMISSÃO DE ASSOCIADOS ITAPIRANGA - SICOOB CREDITAPIRANGA SC/RS,197003,B3S,I,2,Cooperativa de Crédito,Crédito rural,SC,Itapiranga,S5,,,,A
37076205,202506,COOPERATIVA DE CRÉDITO DE LIVRE ADMISSÃO DE ASSOCIADOS LTDA. - SICOOB JUDICIÁRIO,199201,B3S,I,2,Cooperativa de Crédito,Mútuo PF com conta corrente,DF,Brasília,S5,,,,A
87732608,202506,COOPERATIVA DE CRÉDITO DE LIVRE ADMISSÃO DE ASSOCIADOS MISSÕES - SICREDI MISSÕES RS,198107,B3S,I,2,Cooperativa de Crédito,,RS,Santo Ângelo,,,,,I
02641969,202506,COOPERATIVA DE CRÉDITO DE LIVRE ADMISSÃO DE ASSOCIADOS NOVA TRENTO   SICOOB TRENTOCREDI SC,199810,B3S,I,2,Cooperativa de Crédito,Mútuo com financiamento relevante,SC,Nova Trento,S5,,,,A
78862083,202506,COOPERATIVA DE CRÉDITO DE LIVRE ADMISSÃO DE ASSOCIADOS NOVOS CAMPOS - SICOOB NOVOS CAMPOS,198509,B3S,I,2,Cooperativa de Crédito,Crédito misto,SC,Campos Novos,S5,,,,A
78825023,202506,COOPERATIVA DE CRÉDITO DE LIVRE ADMISSÃO DE ASSOCIADOS OESTE CATARINENSE,198509,B3S,I,2,Cooperativa de Crédito,Crédito rural,SC,Palmitos,S5,,,,A
26565770,202506,COOPERATIVA DE CRÉDITO DE LIVRE ADMISSÃO DE ASSOCIADOS OURO VERDE DE MATO GROSSO - SICREDI OURO VERDE MT,199009,B3S,I,2,Cooperativa de Crédito,,MT,Lucas do Rio Verde,,,,,I
92564145,202506,COOPERATIVA DE CRÉDITO DE LIVRE ADMISSÃO DE ASSOCIADOS SANTOAUGUSTENSE - SICREDI SANTO AUGUSTO RS,198903,B3S,I,2,Cooperativa de Crédito,,RS,Santo Augusto,,,,,I
81607046,202506,COOPERATIVA DE CRÉDITO DE LIVRE ADMISSÃO DE ASSOCIADOS SÃO MIGUEL DO OESTE - SICOOB SÃO MIGUEL SC/PR/RS,199003,B3S,I,2,Cooperativa de Crédito,Crédito misto,SC,São Miguel do Oeste,S5,,,,A
11565109,202506,COOPERATIVA DE CRÉDITO DE LIVRE ADMISSÃO DE ASSOCIADOS SICOOB ECOCREDI,201004,B3S,I,2,Cooperativa de Crédito,,RS,Três Coroas,S5,,,,I
87903316,202506,COOPERATIVA DE CRÉDITO DE LIVRE ADMISSÃO DE ASSOCIADOS SUDOESTE DO RIO GRANDE DO SUL - SICREDI SUDOESTE RS,198108,B3S,I,2,Cooperativa de Crédito,,RS,Alegrete,,,,,I
81367880,202506,COOPERATIVA DE CRÉDITO DE LIVRE ADMISSÃO DE ASSOCIADOS SUL CATARINENSE - SICOOB CREDISULCA SC,198909,B3S,I,2,Cooperativa de Crédito,Crédito misto,SC,Turvo,S5,,,,A
02587492,202506,COOPERATIVA DE CRÉDITO DE LIVRE ADMISSÃO DE ASSOCIADOS URUBICI - SICOOB CREDIARAUCÁRIA/SC,199808,B3S,I,2,Cooperativa de Crédito,Crédito misto,SC,Urubici,S5,,,,A
02090126,202506,COOPERATIVA DE CRÉDITO DE LIVRE ADMISSÃO DE ASSOCIADOS VALE DO CHAPECOZINHO - SICOOB VALCREDI SUL,199710,B3S,I,2,Cooperativa de Crédito,Crédito misto,SC,Passos Maia,S5,,,,A
78865995,202506,COOPERATIVA DE CRÉDITO DE LIVRE ADMISSÃO DE ASSOCIADOS VALE DO RIO DO PEIXE - SICOOB CREDIRIO SC,198510,B3S,I,2,Cooperativa de Crédito,Crédito misto,SC,Joaçaba,S5,,,,A
01760242,202506,COOPERATIVA DE CRÉDITO DE LIVRE ADMISSÃO DE BELO HORIZONTE E CIDADES POLO DO ESTADO DE MINAS GERAIS LTDA. - SICOOB NOSSACOOP,199705,B3S,I,2,Cooperativa de Crédito,Mútuo com relevância em PJ,MG,Belo Horizonte,S5,,,,A
00869687,202506,COOPERATIVA DE CRÉDITO DE LIVRE ADMISSÃO DE BOA ESPERANÇA LTDA. - SICOOB BELCREDI,199601,B3S,I,2,Cooperativa de Crédito,Atípicas,MG,Boa Esperança,S5,,,,A
71146450,202506,COOPERATIVA DE CRÉDITO DE LIVRE ADMISSÃO DE CAMPOS GERAIS E CAMPO DO MEIO LTDA - SICOOB CREDCAM,199309,B3S,I,2,Cooperativa de Crédito,Crédito rural,MG,Campos Gerais,S5,,,,A
25743311,202506,COOPERATIVA DE CRÉDITO DE LIVRE ADMISSÃO DE CARMO DO RIO CLARO LTDA - SICOOB CREDICARMO,198906,B3S,I,2,Cooperativa de Crédito,Crédito misto,MG,Carmo do Rio Claro,S5,,,,A
09576849,202506,COOPERATIVA DE CRÉDITO DE LIVRE ADMISSÃO DE CERES E RIALMA LTDA,200808,B3S,I,2,Cooperativa de Crédito,Atípicas,GO,Ceres,S5,,,,A
21682737,202506,COOPERATIVA DE CRÉDITO DE LIVRE ADMISSÃO DE CURVELO LTDA. - SICOOB CREDICENTRO,198606,B3S,I,2,Cooperativa de Crédito,,MG,Curvelo,,,,,I
01720488,202506,COOPERATIVA DE CRÉDITO DE LIVRE ADMISSÃO DE GOIÂNIA E MICRORREGIÕES LTDA.,199704,B3S,I,2,Cooperativa de Crédito,,GO,Goiânia,S5,,,,I
04079285,202506,COOPERATIVA DE CRÉDITO DE LIVRE ADMISSÃO DE ITAJUBÁ LTDA - SICOOB SUDESTE MAIS,200101,B3S,I,2,Cooperativa de Crédito,Mútuo com relevância em PJ,MG,Itajubá,S5,,,,A
66463407,202506,COOPERATIVA DE CRÉDITO DE LIVRE ADMISSÃO DE ITAÚNA E REGIÃO LTDA - SICOOB CENTRO-OESTE,199304,B3S,I,2,Cooperativa de Crédito,Mútuo com relevância em PJ,MG,Itaúna,S5,,,,A
10143499,202506,COOPERATIVA DE CRÉDITO DE LIVRE ADMISSÃO DE JATAÍ E REGIÃO LTDA.,200810,B3S,I,2,Cooperativa de Crédito,Mútuo com relevância em PJ,GO,Jataí,S5,,,,A
05580585,202506,COOPERATIVA DE CRÉDITO DE LIVRE ADMISSÃO DE MANAUS   SICOOB MANAUS,200305,B3S,I,2,Cooperativa de Crédito,,AM,Manaus,S5,,,,I
01601342,202506,COOPERATIVA DE CRÉDITO DE LIVRE ADMISSÃO DE MICRO REGIÕES DE GOIÂNIA E ADJACENTES LTDA.,199701,B3S,I,2,Cooperativa de Crédito,,GO,Goiânia,S5,,,,I
66193350,202506,COOPERATIVA DE CRÉDITO DE LIVRE ADMISSÃO DE MURIAÉ LTDA - SICOOB CREDIMUR,199005,B3S,I,2,Cooperativa de Crédito,,MG,Muriaé,,,,,I
37631058,202506,COOPERATIVA DE CRÉDITO DE LIVRE ADMISSÃO DE PALMEIRAS E REGIÃO LTDA.,199305,B3S,I,2,Cooperativa de Crédito,Crédito misto,GO,Palmeiras de Goiás,S5,,,,A
01009908,202506,COOPERATIVA DE CREDITO DE LIVRE ADMISSAO DE PARA DE MINAS LTDA - SICOOB ASCICRED,199602,B3S,I,2,Cooperativa de Crédito,Atípicas,MG,Pará de Minas,S5,,,,A
71441406,202506,COOPERATIVA DE CRÉDITO DE LIVRE ADMISSÃO DE PEDRO LEOPOLDO LTDA - SICOOB CREDIPEL,199402,B3S,I,2,Cooperativa de Crédito,Mútuo com relevância em PJ,MG,Pedro Leopoldo,S5,,,,A
03732359,202506,COOPERATIVA DE CRÉDITO DE LIVRE ADMISSÃO DE PERNAMBUCO - SICOOB PERNAMBUCO,200006,B3S,I,2,Cooperativa de Crédito,Mútuo com relevância em PJ,PE,São José do Egito,S5,,,,A
05222094,202506,COOPERATIVA DE CRÉDITO DE LIVRE ADMISSÃO DE PIRACANJUBA LTDA. - SICOOB CERRADO,200302,B3S,I,2,Cooperativa de Crédito,Crédito rural,GO,Piracanjuba,S5,,,,A
04181542,202506,COOPERATIVA DE CREDITO DE LIVRE ADMISSAO DE PITANGUI E REGIAO LTDA. - SICOOB CREDPIT,200103,B3S,I,2,Cooperativa de Crédito,Mútuo com relevância em PJ,MG,Pitangui,S5,,,,A
41931221,202506,"COOPERATIVA DE CRÉDITO DE LIVRE ADMISSÃO DE PITANGUI, PAPAGAIOS, MARAVILHAS E REGIÃO LTDA. - SICOOB CREDICOOP",199208,B3S,I,2,Cooperativa de Crédito,Crédito misto,MG,Pitangui,S5,,,,A
09033698,202506,COOPERATIVA DE CRÉDITO DE LIVRE ADMISSÃO DE RIO VERDE E REGIÃO LTDA.,200709,B3S,I,2,Cooperativa de Crédito,Crédito misto,GO,Rio Verde,S5,,,,A
02137018,202506,COOPERATIVA DE CRÉDITO DE LIVRE ADMISSÃO DE RORAIMA LTDA.,199709,B3S,I,2,Cooperativa de Crédito,Crédito misto,RR,Boa Vista,S5,,,,I
73422792,202506,COOPERATIVA DE CREDITO DE LIVRE ADMISSAO DE RUBIATABA E REGIAO LTDA,199309,B3S,I,2,Cooperativa de Crédito,Crédito misto,GO,Rubiataba,S5,,,,A
06910457,202506,COOPERATIVA DE CRÉDITO DE LIVRE ADMISSÃO DE SANTA CRUZ DAS PALMEIRAS E REGIÃO,200408,B3S,I,2,Cooperativa de Crédito,Mútuo com relevância em PJ,SP,Santa Cruz das Palmeiras,S5,,,,A
41707258,202506,COOPERATIVA DE CRÉDITO DE LIVRE ADMISSÃO DE SANTO ANTÔNIO DO MONTE LTDA.   SICOOB CREDIMONTE,199202,B3S,I,2,Cooperativa de Crédito,Crédito misto,MG,Santo Antônio do Monte,S5,,,,A
41683228,202506,COOPERATIVA DE CREDITO DE LIVRE ADMISSÃO DE SAO GONÇALO DO PARA LTDA - SICOOB CREDISAOGONÇALO,199112,B3S,I,2,Cooperativa de Crédito,,MG,São Gonçalo do Pará,S5,,,,I
66402207,202506,COOPERATIVA DE CRÉDITO DE LIVRE ADMISSÃO DE SÃO ROQUE DE MINAS LTDA.,199110,B3S,I,2,Cooperativa de Crédito,Crédito misto,MG,São Roque de Minas,S5,,,,A
02833202,202506,COOPERATIVA DE CRÉDITO DE LIVRE ADMISSÃO DE VITÓRIA DA CONQUISTA,199801,B3S,I,2,Cooperativa de Crédito,Mútuo com relevância em PJ,BA,Vitória da Conquista,S5,,,,A
04649337,202506,COOPERATIVA DE CRÉDITO DE LIVRE ADMISSÃO DFMIL LTDA. - SICOOB DFMIL,200105,B3S,I,2,Cooperativa de Crédito,Mútuo PF com conta corrente,DF,Brasília,S5,,,,A
00912488,202506,COOPERATIVA DE CRÉDITO DE LIVRE ADMISSÃO DO ALTO E MÉDIO SÃO FRANCISCO LTDA - SICOOB SÃO FRANCISCO.,199512,B3S,I,2,Cooperativa de Crédito,,MG,Morada Nova de Minas,,,,,I
41805003,202506,COOPERATIVA DE CRÉDITO DE LIVRE ADMISSÃO DO ALTO SÃO FRANCISCO LTDA.,199203,B3S,I,2,Cooperativa de Crédito,Crédito misto,MG,Piumhi,S5,,,,A
16779741,202506,COOPERATIVA DE CRÉDITO DE LIVRE ADMISSÃO DO ALTO VALE DO ITAJAÍ - VIACREDI ALTO VALE,201208,B3S,I,2,Cooperativa de Crédito,Mútuo com financiamento relevante,SC,Ibirama,S5,,,,A
00694877,202506,COOPERATIVA DE CRÉDITO DE LIVRE ADMISSÃO DO BRASIL CENTRAL LTDA. - SICOOB EXECUTIVO,198302,B3S,I,2,Cooperativa de Crédito,Mútuo PF com conta corrente,DF,Brasília,S5,,,,A
03730508,202506,COOPERATIVA DE CRÉDITO DE LIVRE ADMISSÃO DO CENTRO GOIANO LTDA.,200005,B3S,I,2,Cooperativa de Crédito,,GO,Goiânia,S5,,,,I
02173447,202506,COOPERATIVA DE CREDITO DE LIVRE ADMISSAO DO CENTRO NORDESTE MINEIRO LTDA - SICOOB CREDICENM,199711,B3S,I,2,Cooperativa de Crédito,Atípicas,MG,Guanhães,S5,,,,A
02282709,202506,COOPERATIVA DE CRÉDITO DE LIVRE ADMISSÃO DO CENTRO NORTE BRASILEIRO,199801,B3S,I,2,Cooperativa de Crédito,Crédito misto,GO,Anápolis,S5,,,,A
03326437,202506,COOPERATIVA DE CRÉDITO DE LIVRE ADMISSÃO DO CENTRO NORTE DOS ESTADOS DE MATO GROSSO E MATO GROSSO DO SUL - SICOOB UNIÃO MT/MS,199908,B3S,I,2,Cooperativa de Crédito,Crédito misto,MT,Cuiabá,S5,,,,A
37497245,202506,COOPERATIVA DE CRÉDITO DE LIVRE ADMISSÃO DO CENTRO OESTE PANTANEIRO - SICOOB FEDERAL,199308,B3S,I,2,Cooperativa de Crédito,,MT,Cuiabá,,,,,I
04642801,202506,COOPERATIVA DE CRÉDITO DE LIVRE ADMISSÃO DO CENTRO SUL DA BAHIA LTDA - SICOOB CENTRO SUL,200205,B3S,I,2,Cooperativa de Crédito,,BA,Jequié,,,,,I
10319386,202506,COOPERATIVA DE CRÉDITO DE LIVRE ADMISSÃO DO CENTRO SUL DE MATO GROSSO DO SUL - SICOOB CENTRO SUL MS,200811,B3S,I,2,Cooperativa de Crédito,Mútuo com relevância em PJ,MS,Dourados,S5,,,,A
02015588,202506,COOPERATIVA DE CRÉDITO DE LIVRE ADMISSÃO DO CENTRO SUL RONDONIENSE - SICOOB CREDIP.,199711,B3S,I,2,Cooperativa de Crédito,Crédito misto,RO,Pimenta Bueno,S5,,,,A
33579731,202506,COOPERATIVA DE CRÉDITO DE LIVRE ADMISSÃO DO CENTRO-SUL GOIANO LTDA,199001,B3S,I,2,Cooperativa de Crédito,Crédito misto,GO,Morrinhos,S5,,,,A
03941182,202506,COOPERATIVA DE CRÉDITO DE LIVRE ADMISSÃO DO CIRCUITO DAS ÁGUAS - SICOOB CIRCUITO DAS ÁGUAS,200104,B3S,I,2,Cooperativa de Crédito,Mútuo com relevância em PJ,SP,Águas de Lindóia,S5,,,,A
04406371,202506,COOPERATIVA DE CRÉDITO DE LIVRE ADMISSÃO DO ESTADO DE GOIÁS,200108,B3S,I,2,Cooperativa de Crédito,Crédito misto,GO,Goiânia,S5,,,,A
10262276,202506,COOPERATIVA DE CRÉDITO DE LIVRE ADMISSÃO DO ESTADO DE SÃO PAULO - SICOOB PAULISTA,200808,B3S,I,2,Cooperativa de Crédito,Mútuo com relevância em PJ,SP,Presidente Prudente,S5,,,,A
01608685,202506,COOPERATIVA DE CRÉDITO DE LIVRE ADMISSÃO DO ESTADO DO ACRE LTDA.,199705,B3S,I,2,Cooperativa de Crédito,Crédito misto,AC,Rio Branco,S5,,,,A
13517050,202506,COOPERATIVA DE CRÉDITO DE LIVRE ADMISSÃO DO ESTADO DO AMAPÁ - SICOOB AMAPÁ,201105,B3S,I,2,Cooperativa de Crédito,,AP,Macapá,S5,,,,I
83836114,202506,COOPERATIVA DE CRÉDITO DE LIVRE ADMISSÃO DO ESTADO DO PARÁ - SICOOB COOESA,199406,B3S,I,2,Cooperativa de Crédito,Mútuo com relevância em PJ,PA,Belém,S5,,,,A
02931668,202506,COOPERATIVA DE CRÉDITO DE LIVRE ADMISSÃO DO ESTADO DO RIO DE JANEIRO - SICOOB FLUMINENSE,199812,B3S,I,2,Cooperativa de Crédito,Mútuo com relevância em PJ,RJ,Campos dos Goytacazes,S5,,,,A
01644264,202506,"COOPERATIVA DE CRÉDITO DE LIVRE ADMISSÃO DO MÉDIO PIRACICABA, CIRCUITO DO OURO, GRANDE BH E RIO GRANDE DO NORTE LTDA. -  SICOOB CREDIMEPI",199702,B3S,I,2,Cooperativa de Crédito,Mútuo com relevância em PJ,MG,João Monlevade,S5,,,,A
71154876,202506,COOPERATIVA DE CRÉDITO DE LIVRE ADMISSÃO DO NOROESTE DE MINAS GERAIS LTDA.   SICOOB CREDIPINHO,199312,B3S,I,2,Cooperativa de Crédito,Crédito misto,MG,João Pinheiro,S5,,,,A
23623636,202506,COOPERATIVA DE CRÉDITO DE LIVRE ADMISSÃO DO NORTE DE MATO GROSSO - SICOOB NORTE MT,201512,B3S,I,2,Cooperativa de Crédito,Mútuo com relevância em PJ,MT,Sinop,S5,,,,A
02250781,202506,COOPERATIVA DE CRÉDITO DE LIVRE ADMISSÃO DO NORTE PAULISTA - SICOOB UNIMAIS NORTE PAULISTA,199712,B3S,I,2,Cooperativa de Crédito,,SP,Bebedouro,S5,,,,I
09424988,202506,COOPERATIVA DE CRÉDITO DE LIVRE ADMISSÃO DO OESTE MARANHENSE - SICOOB OESTE MARANHENSE,200804,B3S,I,2,Cooperativa de Crédito,Crédito misto,MA,Açailândia,S5,,,,A
71297899,202506,COOPERATIVA DE CRÉDITO DE LIVRE ADMISSÃO DO OESTE MINEIRO LTDA. - SICOOB CREDICOPA,199311,B3S,I,2,Cooperativa de Crédito,Mútuo com relevância em PJ,MG,Patos de Minas,S5,,,,A
26178533,202506,COOPERATIVA DE CRÉDITO DE LIVRE ADMISSÃO DO PONTAL DO TRIANGULO LTDA - SICOOB CREDIPONTAL,199001,B3S,I,2,Cooperativa de Crédito,Crédito rural,MG,Ituiutaba,S5,,,,A
10511786,202506,COOPERATIVA DE CRÉDITO DE LIVRE ADMISSÃO DO SUDOESTE DO PARANÁ - SICOOB SUDOESTE,200901,B3S,I,2,Cooperativa de Crédito,,PR,Pato Branco,,,,,I
24795049,202506,COOPERATIVA DE CRÉDITO DE LIVRE ADMISSÃO DO SUDOESTE GOIANO,198811,B3S,I,2,Cooperativa de Crédito,Crédito misto,GO,Rio Verde,S5,,,,A
03427097,202506,COOPERATIVA DE CRÉDITO DE LIVRE ADMISSÃO DO SUL CATARINENSE - ACENTRA,199911,B3S,I,2,Cooperativa de Crédito,Mútuo com financiamento relevante,SC,Criciúma,S5,,,,A
01604998,202506,COOPERATIVA DE CREDITO DE LIVRE ADMISSÃO DO SUL DE MINAS LTDA - SICOOB CREDIVASS,199701,B3S,I,2,Cooperativa de Crédito,Crédito misto,MG,São Gonçalo do Sapucaí,S5,,,,A
01673891,202506,COOPERATIVA DE CRÉDITO DE LIVRE ADMISSÃO DO SUL DE MINAS LTDA.   UNICRED ITAJUBÁ,199704,B3S,I,2,Cooperativa de Crédito,,MG,Itajubá,,,,,I
00599085,202506,COOPERATIVA DE CRÉDITO DE LIVRE ADMISSÃO DO SUL E SUDOESTE MINEIRO LTDA. - SICOOB CREDIACIP,199502,B3S,I,2,Cooperativa de Crédito,,MG,Passos,,,,,I
26960328,202506,COOPERATIVA DE CRÉDITO DE LIVRE ADMISSÃO DO TOCANTINS LTDA,199111,B3S,I,2,Cooperativa de Crédito,Crédito misto,TO,Paraíso do Tocantins,S5,,,,A
86829827,202506,COOPERATIVA DE CRÉDITO DE LIVRE ADMISSÃO DO VALE - SICOOB CREDIVALE/SC,199405,B3S,I,2,Cooperativa de Crédito,Crédito misto,SC,Braço do Norte,S5,,,,A
19869338,202506,COOPERATIVA DE CREDITO DE LIVRE ADMISSAO DO VALE DO AÇO LTDA - SICOOB VALE DO AÇO,196701,B3S,I,2,Cooperativa de Crédito,Atípicas,MG,Ipatinga,S5,,,,A
05244177,202506,COOPERATIVA DE CREDITO DE LIVRE ADMISSAO DO VALE DO ARAGUAIA - SICOOB ARAGUAIA,200211,B3S,I,2,Cooperativa de Crédito,,MT,Barra do Garças,,,,,I
24830879,202506,COOPERATIVA DE CRÉDITO DE LIVRE ADMISSÃO DO VALE DO ARAGUAIA LTDA.,198905,B3S,I,2,Cooperativa de Crédito,Crédito misto,GO,Mineiros,S5,,,,A
25404542,202506,COOPERATIVA DE CREDITO DE LIVRE ADMISSÃO DO VALE DO GORUTUBA LTDA - SICOOB CREDIVAG,198811,B3S,I,2,Cooperativa de Crédito,Atípicas,MG,Janaúba,S5,,,,A
24799033,202506,COOPERATIVA DE CRÉDITO DE LIVRE ADMISSÃO DO VALE DO PARANAÍBA LTDA.,198811,B3S,I,2,Cooperativa de Crédito,Crédito misto,GO,Quirinópolis,S5,,,,A
01637949,202506,COOPERATIVA DE CRÉDITO DE LIVRE ADMISSÃO DO VALE DO PARANAPANEMA,199702,B3S,I,2,Cooperativa de Crédito,Mútuo com relevância em PJ,SP,Presidente Prudente,S5,,,,A
25683475,202506,COOPERATIVA DE CRÉDITO DE LIVRE ADMISSÃO DO VALE DO RIO GRANDE LTDA. - SICOOB UBERABA,198906,B3S,I,2,Cooperativa de Crédito,Mútuo com relevância em PJ,MG,Uberaba,S5,,,,A
00968602,202506,COOPERATIVA DE CREDITO DE LIVRE ADMISSÃO DO VALE DO SÃO PATRICIO LTDA.,198507,B3S,I,2,Cooperativa de Crédito,Crédito rural,GO,Goianésia,S5,,,,A
04544165,202506,COOPERATIVA DE CRÉDITO DE LIVRE ADMISSÃO DO VALE MADEIRA-MAMORÉ - SICOOB PORTOCREDI,200109,B3S,I,2,Cooperativa de Crédito,,RO,Porto Velho,S5,,,,I
07108146,202506,COOPERATIVA DE CRÉDITO DE LIVRE ADMISSÃO DO VALE RIO CRIXÁS LTDA.,200501,B3S,I,2,Cooperativa de Crédito,,GO,Crixás,S5,,,,I
02480577,202506,COOPERATIVA DE CRÉDITO DE LIVRE ADMISSÃO E DOS ADVOGADOS LTDA. - SICOOB CREDIJUR,199804,B3S,I,2,Cooperativa de Crédito,Mútuo com financiamento relevante,GO,Goiânia,S5,,,,A
07789195,202506,COOPERATIVA DE CRÉDITO DE LIVRE ADMISSÃO E DOS TRANSPORTADORES RODOVIÁRIOS DE VEÍCULOS - SICOOB CREDCEG,200606,B3S,I,2,Cooperativa de Crédito,Mútuo com financiamento relevante,SP,São Bernardo do Campo,S5,,,,A
03329154,202506,COOPERATIVA DE CRÉDITO DE LIVRE ADMISSÃO LEGISLATIVO LTDA.– SICOOB LEGISLATIVO,199911,B3S,I,2,Cooperativa de Crédito,,DF,Brasília,S5,,,,I
37079720,202506,COOPERATIVA DE CRÉDITO DE LIVRE ADMISSÃO LTDA. - SICOOB CREDIJUSTRA,199111,B3S,I,2,Cooperativa de Crédito,Mútuo PF com conta corrente,DF,Brasília,S5,,,,A
07026923,202506,COOPERATIVA DE CRÉDITO DE LIVRE ADMISSÃO SICOOB ARENITO PARANÁ / SÃO PAULO,200412,B3S,I,2,Cooperativa de Crédito,Crédito misto,PR,Umuarama,S5,,,,A
25363615,202506,COOPERATIVA DE CRÉDITO DE LIVRE ADMISSÃO SICOOB COOPJUS LTDA.,198811,B3S,I,2,Cooperativa de Crédito,Mútuo PF com conta corrente,MG,Belo Horizonte,S5,,,,A
08795285,202506,COOPERATIVA DE CRÉDITO DE LIVRE ADMISSÃO SICOOB CREDIACIL,200705,B3S,I,2,Cooperativa de Crédito,Mútuo com relevância em PJ,SP,Leme,S5,,,,A
01667352,202506,COOPERATIVA DE CRÉDITO DE LIVRE ADMISSÃO SICOOB CREDMISSÃO LTDA. - SICOOB CREDMISSÃO,199704,B3S,I,2,Cooperativa de Crédito,Crédito misto,MG,Pirapora,S5,,,,A
07946216,202506,COOPERATIVA DE CRÉDITO DE LIVRE ADMISSÃO SICOOB UNIÃO SUDESTE,200608,B3S,I,2,Cooperativa de Crédito,Mútuo com relevância em PJ,SP,Santo André,S5,,,,A
01259518,202506,COOPERATIVA DE CRÉDITO DE LIVRE ADMISSÃO SICOOB UNIMAIS CENTRO LESTE PAULISTA - SICOOB UNIMAIS CENTRO LESTE PAULISTA,199608,B3S,I,2,Cooperativa de Crédito,Mútuo com relevância em PJ,SP,Rio Claro,S5,,,,A
26526166,202506,COOPERATIVA DE CRÉDITO DE LIVRE ADMISSÃO SUL MARANHENSE - SICOOB SUL MARANHENSE,201705,B3S,I,2,Cooperativa de Crédito,Mútuo com financiamento relevante,MA,Balsas,S5,,,,A
04876393,202506,COOPERATIVA DE CRÉDITO DE LIVRE ADMISSÃO TRÊS FRONTEIRAS - SICOOB TRÊS FRONTEIRAS,200202,B3S,I,2,Cooperativa de Crédito,Crédito misto,PR,Foz do Iguaçu,S5,,,,A
01703620,202506,COOPERATIVA DE CRÉDITO DE LIVRE ADMISSÃO UNIÃO DO CENTRO OESTE DE MINAS LTDA - SICOOB CREDESP,199704,B3S,I,2,Cooperativa de Crédito,Mútuo com relevância em PJ,MG,Bom Despacho,S5,,,,A
08742188,202506,COOPERATIVA DE CRÉDITO DE LIVRE ADMISSÃO UNIÃO E NEGÓCIOS - SICOOB INTEGRAÇÃO,200703,B3S,I,2,Cooperativa de Crédito,Mútuo com relevância em PJ,MT,Cuiabá,S5,,,,A
28572261,202506,COOPERATIVA DE CREDITO DE MENDES LTDA,196709,B3S,I,2,Cooperativa de Crédito,,RJ,Mendes,S5,,,,I
29914686,202506,COOPERATIVA DE CRÉDITO DE NILÓPOLIS LTDA,196701,B3S,I,2,Cooperativa de Crédito,,RJ,Rio de Janeiro,,,,,I
64474059,202506,COOPERATIVA DE CRÉDITO DE PAINS LTDA. - SICOOB CREDIPAINS,199104,B3S,I,2,Cooperativa de Crédito,,MG,Pains,,,,,I
41669227,202506,COOPERATIVA DE CRÉDITO DE PRODUTORES RURAIS E DE LIVRE ADMISSÃO DO TRIÂNGULO LTDA    SICOOB CREDITRIL,199001,B3S,I,2,Cooperativa de Crédito,Atípicas,MG,Uberlândia,S5,,,,A
24286841,202506,COOPERATIVA DE CRÉDITO DE RIO PRETO LTDA,196704,B3S,I,2,Cooperativa de Crédito,,MG,Rio Preto,,,,,I
02448839,202506,COOPERATIVA DE CRÉDITO DE RIO RUFINO - SICOOB CREDIUNIÃO,199806,B3S,I,2,Cooperativa de Crédito,Crédito misto,SC,Rio Rufino,S5,,,,A
02245493,202506,COOPERATIVA DE CREDITO DE SALVADOR - SICREDI SALVADOR,199712,B3S,I,2,Cooperativa de Crédito,,BA,Salvador,S5,,,,I
01374196,202506,COOPERATIVA DE CRÉDITO DE SÃO FRANCISCO DE SALES LTDA. - SICOOB CREDISALES,199607,B3S,I,2,Cooperativa de Crédito,Crédito rural,MG,São Francisco de Sales,S5,,,,A
96592068,202506,COOPERATIVA DE CREDITO DE SAO GABRIEL LTDA,196706,B3S,I,2,Cooperativa de Crédito,,RS,São Gabriel,,,,,I
10548608,202506,COOPERATIVA DE CRÉDITO DE SERVIDORES DA UESC - UESCOOP,200901,B3S,I,2,Cooperativa de Crédito,Mútuo PF sem conta corrente,BA,Ilhéus,S5,,,,A
62223733,202506,COOPERATIVA DE CRÉDITO DE SERVIDORES DO PODER JUDICIÁRIO DO ESTADO DA BAHIA LTDA. - COOPEJUS BAHIA,180001,B3S,I,2,Cooperativa de Crédito,,BA,Salvador,,,,,I
02674113,202506,COOPERATIVA DE CRÉDITO DE SERVIDORES PÚBLICOS COOPERPLAN LTDA. - SICOOB COOPERPLAN,199810,B3S,I,2,Cooperativa de Crédito,,DF,Brasília,S5,,,,I
42880617,202506,COOPERATIVA DE CRÉDITO DE TIROS E MATUTINA LTDA.- SICOOB CREDITIROS,199210,B3S,I,2,Cooperativa de Crédito,Crédito rural,MG,Tiros,S5,,,,A
25387671,202506,COOPERATIVA DE CREDITO DO ALTO PARANAIBA E REGIÃO LTDA. - SICOOB CREDIPATOS,198810,B3S,I,2,Cooperativa de Crédito,Crédito misto,MG,Patos de Minas,S5,,,,A
71238232,202506,COOPERATIVA DE CRÉDITO DO CENTRO SUL MINEIRO LTDA. - SICOOB CENTRO SUL MINEIRO,199310,B3S,I,2,Cooperativa de Crédito,Crédito misto,MG,Carmópolis de Minas,S5,,,,A
01187961,202506,COOPERATIVA DE CRÉDITO DO DISTRITO FEDERAL E ENTORNO LTDA,199608,B3S,I,2,Cooperativa de Crédito,Crédito misto,DF,Brasília,S5,,,,A
14913919,202506,COOPERATIVA DE CREDITO DO MERCADO IMOBILIÁRIO - SICOOB IMOB.VC,201202,B3S,I,2,Cooperativa de Crédito,Mútuo com relevância em PJ,MG,Belo Horizonte,S5,,,,A
03461243,202506,COOPERATIVA DE CRÉDITO DO NORTE CATARINENSE - ACREDICOOP,199911,B3S,I,2,Cooperativa de Crédito,Mútuo com financiamento relevante,SC,Joinville,S5,,,,A
81011686,202506,COOPERATIVA DE CRÉDITO DO NORTE CATARINENSE E SUL PARANAENSE - SICOOB CREDINORTE,198905,B3S,I,2,Cooperativa de Crédito,Crédito misto,SC,Mafra,S5,,,,A
00698609,202506,COOPERATIVA DE CRÉDITO DO NORTE E NOROESTE DE MINAS GERAIS LTDA. - SICOOB CREDIGERAIS,199508,B3S,I,2,Cooperativa de Crédito,Crédito misto,MG,Paracatu,S5,,,,I
03379617,202506,COOPERATIVA DE CREDITO DO PANTANAL MATO GROSSO DE RESPONSABILIDADE LTDA,196702,B3S,I,2,Cooperativa de Crédito,,MS,Corumbá,,,,,I
03033469,202506,COOPERATIVA DE CREDITO DO PLANALTO SUL - SICOOB CREDISSERRANA,199905,B3S,I,2,Cooperativa de Crédito,Crédito misto,SC,Lages,S5,,,,A
04138455,202506,COOPERATIVA DE CRÉDITO DO RIO GRANDE DO NORTE - SICOOB RIO GRANDE DO NORTE,200101,B3S,I,2,Cooperativa de Crédito,Mútuo PF com conta corrente,RN,Natal,S5,,,,I
86476199,202506,COOPERATIVA DE CREDITO DO SUDESTE MINEIRO LTDA. - SICOOB CREDISAVI,199408,B3S,I,2,Cooperativa de Crédito,,MG,São Vicente de Minas,S5,,,,I
02282165,202506,COOPERATIVA DE CRÉDITO DO SUDOESTE BAIANO LTDA - SICOOB CREDICONQUISTA,199805,B3S,I,2,Cooperativa de Crédito,Mútuo com financiamento relevante,BA,Vitória da Conquista,S5,,,,A
10348181,202506,COOPERATIVA DE CRÉDITO DO VALE DO ITAJAÍ E LITORAL CATARINENSE - SICREDI VALE LITORAL SC,200810,B3S,I,2,Cooperativa de Crédito,Mútuo com relevância em PJ,SC,Itapema,S4,,,,A
02883398,202506,COOPERATIVA DE CRÉDITO DO VALE DO ITAJAÍ E VALE DO ITAPOCÚ - SICOOB MULTICREDI,199903,B3S,I,2,Cooperativa de Crédito,Mútuo com financiamento relevante,SC,Blumenau,S5,,,,A
04237413,202506,COOPERATIVA DE CRÉDITO DO VALE DO SÃO FRANCISCO - SICREDI VALE DO SÃO FRANCISCO,200102,B3S,I,2,Cooperativa de Crédito,Mútuo com relevância em PJ,PE,Petrolina,S4,,,,A
86791837,202506,COOPERATIVA DE CRÉDITO DO VALE DOS PINHAIS - SICOOB VALE DOS PINHAIS,199403,B3S,I,2,Cooperativa de Crédito,Mútuo com relevância em PJ,SC,Caçador,S5,,,,A
82133182,202506,COOPERATIVA DE CRÉDITO DO VALE EUROPEU - SICOOB EURO VALE,199009,B3S,I,2,Cooperativa de Crédito,Mútuo com relevância em PJ,SC,Timbó,S5,,,,A
03422007,202506,COOPERATIVA DE CRÉDITO DOS BANCÁRIOS DE SÃO PAULO E MUNICÍPIOS LIMÍTROFES,199911,B3S,I,2,Cooperativa de Crédito,Mútuo PF sem conta corrente,SP,São Paulo,S5,,,,A
03009113,202506,COOPERATIVA DE CRÉDITO DOS COMERCIANTES DE FARMÁCIAS DO MUNICÍPIO DE JUNDIAÍ E MUNICÍPIOS LIMÍTROFES,180001,B3S,I,2,Cooperativa de Crédito,,SP,Jundiaí,,,,,I
02217068,202506,"COOPERATIVA DE CRÉDITO DOS CONTADORES, ADMINISTRADORES DE EMPRESAS, ECONOMISTAS E CORRETORES DE SEGUROS LTDA. - SICOOB CREDITABIL",199805,B3S,I,2,Cooperativa de Crédito,Atípicas,MG,Belo Horizonte,S5,,,,A
02295034,202506,"COOPERATIVA DE CRÉDITO DOS CORRETORES E DEMAIS TÉCNICOS DE SEGUROS DO ESTADO DE SANTA CATARINA, E EMPRESÁRIOS DE BLUMENAU - SICOOB CREDICOR-SC",199802,B3S,I,2,Cooperativa de Crédito,,SC,Blumenau,,,,,I
08931800,202506,"COOPERATIVA DE CRÉDITO DOS EMPREGADOS DA CBA ITAPISSUMA E EMPREGADOS DE EMPRESAS PRESTADORA DE SERVIÇOS INDUSTRIAIS, NO ESTADO DE PERNAMBUCO - CREDCOOPE",198406,B3S,I,2,Cooperativa de Crédito,Mútuo PF sem conta corrente,PE,Itapissuma,S5,,,,A
09290821,202506,COOPERATIVA DE CRÉDITO DOS EMPREGADOS DA CELG LTDA.,200802,B3S,I,2,Cooperativa de Crédito,,GO,Goiânia,,,,,I
02721419,202506,COOPERATIVA DE CRÉDITO DOS EMPREGADOS DA CIMPOR BRASIL,199810,B3S,I,2,Cooperativa de Crédito,,SP,São Paulo,,,,,I
86784089,202506,COOPERATIVA DE CRÉDITO DOS EMPREGADOS DA COELBA E DA CHESF LTDA. - SICOOB COPELBA,199402,B3S,I,2,Cooperativa de Crédito,,BA,Salvador,S5,,,,I
19495266,202506,COOPERATIVA DE CRÉDITO DOS EMPREGADOS DA COMPANHIA INDUSTRIAL CATAGUASES E DA BAUMINAS LTDA. - COOPECIC,198312,B3S,I,2,Cooperativa de Crédito,Mútuo PF sem conta corrente,MG,Cataguases,S5,,,,A
04998845,202506,COOPERATIVA DE CRÉDITO DOS EMPREGADOS DA MINERAÇÃO RIO DO NORTE,198312,B3S,I,2,Cooperativa de Crédito,Mútuo PF sem conta corrente,PA,Oriximiná,S5,,,,A
25691478,202506,COOPERATIVA DE CRÉDITO DOS EMPREGADOS DA SOBRAL INVICTA,198812,B3S,I,2,Cooperativa de Crédito,,MG,Pouso Alegre,,,,,I
62605290,202506,COOPERATIVA DE CRÉDITO DOS EMPREGADOS DAS EMPRESAS DO GRUPO INDORAMA NO BRASIL,196906,B3S,I,2,Cooperativa de Crédito,Mútuo PF sem conta corrente,MG,Poços de Caldas,S5,,,,A
03219065,202506,COOPERATIVA DE CRÉDITO DOS EMPREGADOS DAS EMPRESAS FERROVIÁRIAS DE SÃO PAULO - COOPERFER,199907,B3S,I,2,Cooperativa de Crédito,,SP,São Paulo,,,,,I
43730498,202506,COOPERATIVA DE CRÉDITO DOS EMPREGADOS DE ELEVADORES ATLAS,197303,B3S,I,2,Cooperativa de Crédito,Mútuo PF sem conta corrente,SP,São Paulo,S5,,,,A
57996878,202506,COOPERATIVA DE CRÉDITO DOS EMPREGADOS DO GRUPO AKZO NOBEL BRASIL - COOP AKZONOBEL,198901,B3S,I,2,Cooperativa de Crédito,Mútuo PF sem conta corrente,SP,Mauá,S5,,,,A
29985421,202506,COOPERATIVA DE CRÉDITO DOS EMPREGADOS DO GRUPO NEFFA E DEMAIS ESTABELECIMENTOS DO SETOR DE ALIMENTOS DA GRANDE VITÓRIA.,197710,B3S,I,2,Cooperativa de Crédito,Mútuo PF sem conta corrente,ES,Vitória,S5,,,,A
64293582,202506,COOPERATIVA DE CRÉDITO DOS EMPREGADOS DO GRUPO VALLOUREC NO BRASIL - COOVALL LTDA.,199010,B3S,I,2,Cooperativa de Crédito,Mútuo PF sem conta corrente,MG,Belo Horizonte,S5,,,,A
42153585,202506,COOPERATIVA DE CRÉDITO DOS EMPREGADOS DO IRB-BRASIL RE LTDA.,197103,B3S,I,2,Cooperativa de Crédito,,RJ,Rio de Janeiro,S5,,,,I
28128009,202506,COOPERATIVA DE CRÉDITO DOS EMPRESÁRIOS DA GRANDE CAMPO GRANDE - SICOOB ALIANÇA MS,201707,B3S,I,2,Cooperativa de Crédito,,MS,Campo Grande,S5,,,,I
08939427,202506,COOPERATIVA DE CRÉDITO DOS EMPRESÁRIOS DA GRANDE VITORIA-ES - SICOOB METROPOLITANO-ES,200708,B3S,I,2,Cooperativa de Crédito,,ES,Vitória,,,,,I
07319027,202506,COOPERATIVA DE CRÉDITO DOS EMPRESÁRIOS DE GUARAPUAVA - SICOOB GUARAPUAVA,200505,B3S,I,2,Cooperativa de Crédito,,PR,Guarapuava,,,,,I
10808037,202506,COOPERATIVA DE CRÉDITO DOS EMPRESÁRIOS DE MANAUS - SICOOB CREDEMPRESAS-AM,200906,B3S,I,2,Cooperativa de Crédito,Mútuo com relevância em PJ,AM,Manaus,S5,,,,A
08322202,202506,COOPERATIVA DE CRÉDITO DOS EMPRESÁRIOS DE PORTO VELHO - CREDEMPRESAS/RO,200611,B3S,I,2,Cooperativa de Crédito,,RO,Porto Velho,,,,,I
07373211,202506,COOPERATIVA DE CRÉDITO DOS EMPRESÁRIOS DOS CAMPOS GERAIS - SICOOB CAMPOS GERAIS,200507,B3S,I,2,Cooperativa de Crédito,,PR,Ponta Grossa,,,,,I
08075352,202506,COOPERATIVA DE CRÉDITO DOS EMPRESÁRIOS E EMPREGADOS DOS TRANSPORTES E CORREIOS DO SUL DO BRASIL - TRANSPOCRED,200609,B3S,I,2,Cooperativa de Crédito,Mútuo com financiamento relevante,SC,Florianópolis,S5,,,,A
76660265,202506,COOPERATIVA DE CREDITO DOS FERROVIARIOS LTDA,197205,B3S,I,2,Cooperativa de Crédito,,PR,Curitiba,,,,,I
44746352,202506,COOPERATIVA DE CRÉDITO DOS FORNECEDORES DE CANA DE BARRA BONITA E REGIÃO,196911,B3S,I,2,Cooperativa de Crédito,Crédito rural,SP,Barra Bonita,S5,,,,A
53776852,202506,COOPERATIVA DE CREDITO DOS FORNECEDORES DE CANA E DEMAIS PRODUTORES RURAIS DO CENTRO DO ESTADO DE SAO PAULO - CREDICENTRO,198305,B3S,I,2,Cooperativa de Crédito,Atípicas,SP,Araraquara,S5,,,,A
51319283,202506,COOPERATIVA DE CRÉDITO DOS FORNECEDORES DE CANA E DOS AGROPECUÁRIOS DA REGIÃO DE SANTA BÁRBARA D'OESTE,197901,B3S,I,2,Cooperativa de Crédito,,SP,Santa Bárbara d'Oeste,,,,,I
09978230,202506,COOPERATIVA DE CRÉDITO DOS FORNECEDORES/FUNCIONÁRIOS DA PREFEITURA MUNICIPAL DE PAULINIA,180001,B3S,I,2,Cooperativa de Crédito,,SP,Paulínia,,,,,I
03002196,202506,COOPERATIVA DE CRÉDITO DOS FORNECEDORES/FUNCIONÁRIOS DA SANASA - COOPERSAN,199812,B3S,I,2,Cooperativa de Crédito,,SP,Campinas,,,,,I
01649872,202506,COOPERATIVA DE CRÉDITO DOS FUNCIONÁRIOS DA AKZO NOBEL-TINTAS - COOPCOATINGS,199702,B3S,I,2,Cooperativa de Crédito,,SP,São Paulo,,,,,I
11356599,202506,"COOPERATIVA DE CRÉDITO DOS FUNCIONÁRIOS DA PERPART, DO IPA E DA ADAGRO - COOPEMATER",197702,B3S,I,2,Cooperativa de Crédito,Mútuo PF sem conta corrente,PE,Recife,S5,,,,A
00871091,202506,COOPERATIVA DE CRÉDITO DOS FUNCIONÁRIOS DA SCHAEFFLER BRASIL   COOPERFAG,199512,B3S,I,2,Cooperativa de Crédito,,SP,São Paulo,,,,,I
02498151,202506,COOPERATIVA DE CRÉDITO DOS FUNCIONÁRIOS DA TORTUGA,199802,B3S,I,2,Cooperativa de Crédito,,SP,São Paulo,,,,,I
02208747,202506,"COOPERATIVA DE CRÉDITO DOS FUNCIONÁRIOS DAS  SECRETARIAS DA AGRICULTURA, MEIO AMBIENTE E DESENVOLVIMENTO AGRÍCOLA DO ESTADO DE SÃO PAULO - COOPERCERES",199712,B3S,I,2,Cooperativa de Crédito,,SP,São Paulo,,,,,I
55381305,202506,COOPERATIVA DE CRÉDITO DOS FUNCIONÁRIOS DO GRUPO PAGLIATO,198603,B3S,I,2,Cooperativa de Crédito,,SP,Sorocaba,,,,,I
03657230,202506,COOPERATIVA DE CRÉDITO DOS FUNCIONÁRIOS DO GRUPO PPG,200001,B3S,I,2,Cooperativa de Crédito,Mútuo PF sem conta corrente,SP,Sumaré,S5,,,,A
02495863,202506,COOPERATIVA DE CRÉDITO DOS FUNCIONÁRIOS DO GRUPO TERMOMECÂNICA COOPERTERMO,199805,B3S,I,2,Cooperativa de Crédito,,SP,São Bernardo do Campo,,,,,I
03002199,202506,COOPERATIVA DE CRÉDITO DOS FUNCIONÁRIOS DO MINISTÉRIO DA FAZENDA - COOPERMINF,199904,B3S,I,2,Cooperativa de Crédito,,SP,São Paulo,,,,,I
84156470,202506,COOPERATIVA DE CRÉDITO DOS INTEGRANTES DO MINISTÉRIO PÚBLICO E DO PODER JUDICIÁRIO NOS ESTADOS DO AMAPÁ E CEARÁ E LIVRE ADMISSÃO NO ESTADO DO PARÁ - SICOOB COIMPPA,199501,B3S,I,2,Cooperativa de Crédito,Mútuo PF com conta corrente,PA,Belém,S5,,,,A
03519240,202506,COOPERATIVA DE CRÉDITO DOS INTEGRANTES DO PODER JUDICIÁRIO E DO MINISTÉRIO PÚBLICO DO ESTADO DE MINAS GERAIS LTDA. - SICOOB JUS-MP,200002,B3S,I,2,Cooperativa de Crédito,Mútuo PF com conta corrente,MG,Belo Horizonte,S5,,,,A
28952679,202506,COOPERATIVA DE CREDITO DOS LAVRADORES DE CANA DE ACUCAR DO ESTADO DO RIO JANEIRO LTDA-COOPERCREDI,197008,B3S,I,2,Cooperativa de Crédito,,RJ,Campos dos Goytacazes,,,,,I
07836458,202506,COOPERATIVA DE CRÉDITO DOS LOJISTAS DO DISTRITO FEDERAL - SICOOB CREDILOJISTA,200603,B3S,I,2,Cooperativa de Crédito,,DF,Brasília,,,,,I
05040680,202506,COOPERATIVA DE CRÉDITO DOS MAGISTRADOS DO ESTADO DO RIO DE JANEIRO LTDA. - MAGICREDI-RJ,200205,B3S,I,2,Cooperativa de Crédito,Mútuo PF sem conta corrente,RJ,Rio de Janeiro,S5,,,,A
09552111,202506,"COOPERATIVA DE CRÉDITO DOS MAGISTRADOS, SERVIDORES DA JUSTIÇA DO ESTADO DE GOIÁS E EMPREGADOS DA CELG LTDA.",200807,B3S,I,2,Cooperativa de Crédito,Mútuo PF com conta corrente,GO,Goiânia,S5,,,,A
01255875,202506,COOPERATIVA DE CREDITO DOS MEDICOS E DEMAIS PROFISSIONAIS  DA SAUDE DO EXTREMO OESTE CATARINENSE - UNICRED DAS FRONTEIRAS,199607,B3S,I,2,Cooperativa de Crédito,,SC,São Miguel do Oeste,,,,,I
00747017,202506,COOPERATIVA DE CRÉDITO DOS MÉDICOS E DEMAIS PROFISSIONAIS DA SAÚDE DE OURO PRETO LTDA.,199510,B3S,I,2,Cooperativa de Crédito,,MG,Ouro Preto,,,,,I
02326434,202506,COOPERATIVA DE CRÉDITO DOS MÉDICOS E DEMAIS PROFISSIONAIS DA SAÚDE DE POÇOS DE CALDAS LTDA.,199803,B3S,I,2,Cooperativa de Crédito,,MG,Poços de Caldas,,,,,I
71425458,202506,COOPERATIVA DE CRÉDITO DOS MÉDICOS E DEMAIS PROFISSIONAIS DA SAÚDE DO OESTE DE MINAS LTDA,199402,B3S,I,2,Cooperativa de Crédito,,MG,Formiga,,,,,I
01052693,202506,COOPERATIVA DE CRÉDITO DOS MÉDICOS E DEMAIS PROFISSIONAIS DA SAUDE E DE CONTABILISTAS DA REGIÃO DA AMUREL LTDA,199603,B3S,I,2,Cooperativa de Crédito,,SC,Tubarão,,,,,I
01392522,202506,COOPERATIVA DE CRÉDITO DOS MÉDICOS E DEMAIS PROFISSIONAIS DA SAUDE E DE CONTABILISTAS DO NORTE CATARINENSE LTDA - UNICRED NORTE CATARINENSE,199610,B3S,I,2,Cooperativa de Crédito,,SC,Joinville,,,,,I
03055269,202506,"COOPERATIVA DE CRÉDITO DOS MÉDICOS E DEMAIS PROFISSIONAIS DA SAÚDE, PEQUENOS EMPRESÁRIOS, MICROEMPRESÁRIOS E MICROEMPREENDEDORES - SICOOB UNIMAIS BANDEIRANTE",199905,B3S,I,2,Cooperativa de Crédito,,SP,Americana,,,,,I
07440317,202506,COOPERATIVA DE CRÉDITO DOS MEDICOS E DEMAIS PROFISSIONAIS DE NIVEL SUPERIOR DA AREA DE SAUDE DE SALVADOR E REGIAO METROPOLITANA LTDA - SICOOB CREDMED,200507,B3S,I,2,Cooperativa de Crédito,,BA,Salvador,S5,,,,I
08143326,202506,COOPERATIVA DE CRÉDITO DOS MÉDICOS E PROFISSIONAIS DE SAÚDE DE SÃO LUÍS - SICREDI SÃO LUÍS,200610,B3S,I,2,Cooperativa de Crédito,Mútuo com relevância em PJ,MA,São Luís,S4,,,,I
28815602,202506,"COOPERATIVA DE CRÉDITO DOS MÉDICOS, DEMAIS PROFISSIONAIS DE SAÚDE E DOS EMPRESÁRIOS DA REGIÃO  SUL E SUDESTE DO PARÁ - SICREDI SUL DO PARÁ",201712,B3S,I,2,Cooperativa de Crédito,,PA,Marabá,S5,,,,I
71884498,202506,"COOPERATIVA DE CRÉDITO DOS MÉDICOS, DENTISTAS, PROFISSIONAIS DA ÁREA DE SAÚDE E DE LIVRE ADMISSÃO DO ESTADO DE SÃO PAULO LTDA. - UNICRED DO ESTADO DE SÃO PAULO",199406,B3S,I,2,Cooperativa de Crédito,Mútuo com relevância em PJ,SP,Campinas,S5,,,,A
01052245,202506,"COOPERATIVA DE CRÉDITO DOS MÉDICOS, PROFISSIONAIS DA AREA DA SAÚDE, PROFESSORES, CONTABILISTAS E DE EMPRESÁRIOS DE LAGES LTDA",199604,B3S,I,2,Cooperativa de Crédito,,SC,Lages,,,,,I
36900256,202506,"COOPERATIVA DE CRÉDITO DOS MÉDICOS, PROFISSIONAIS DA SAÚDE E EMPRESÁRIOS DE MATO GROSSO",199111,B3S,I,2,Cooperativa de Crédito,Mútuo com relevância em PJ,MT,Cuiabá,S5,,,,A
02602922,202506,"COOPERATIVA DE CRÉDITO DOS MÉDICOS, SERVIDORES PÚBLICOS E EMPRESÁRIOS DO NORDESTE LTDA - UNICRED DO NORDESTE",199808,B3S,I,2,Cooperativa de Crédito,,BA,Feira de Santana,S5,,,,I
05740092,202506,COOPERATIVA DE CRÉDITO DOS METALÚRGICOS DO ABC - CREDABC,200308,B3S,I,2,Cooperativa de Crédito,Atípicas,SP,São Bernardo do Campo,S5,,,,A
08545351,202506,COOPERATIVA DE CRÉDITO DOS MICRO E PEQUENOS EMPRESÁRIOS DE CAMPO GRANDE E REGIÃO - SICREDI EMPRESARIAL MS,200703,B3S,I,2,Cooperativa de Crédito,,MS,Campo Grande,,,,,I
02781986,202506,COOPERATIVA DE CRÉDITO DOS MICROS E PEQUENOS EMPRESÁRIOS DO VALE DO ITAJAÍ - CONCREDI,199810,B3S,I,2,Cooperativa de Crédito,,SC,Blumenau,,,,,I
07141415,202506,"COOPERATIVA DE CRÉDITO DOS PEQUENOS EMPRESÁRIOS, MICROEMPRESÁRIOS E MICRO EMPREENDEDORES DE UBERABA LTDA - SICOOB CREDIACIU",200502,B3S,I,2,Cooperativa de Crédito,,MG,Uberaba,,,,,I
04904878,202506,"COOPERATIVA DE CRÉDITO DOS PEQUENOS EMPRESÁRIOS, MICROEMPRESÁRIOS E MICROEMPREENDEDORES DA GRANDE CUIABÁ   SICREDI EMPREENDEDORES MT",200203,B3S,I,2,Cooperativa de Crédito,,MT,Cuiabá,,,,,I
04902340,202506,"COOPERATIVA DE CRÉDITO DOS PEQUENOS EMPRESÁRIOS, MICROEMPRESÁRIOS E MICROEMPREENDEDORES DA REGIÃO METROPOLITANA DE FLORIANÓPOLIS - SICREDI METROPOLITANA SC",200205,B3S,I,2,Cooperativa de Crédito,,SC,Florianópolis,,,,,I
03581767,202506,"COOPERATIVA DE CRÉDITO DOS PEQUENOS EMPRESÁRIOS, MICROEMPRESÁRIOS E MICROEMPREENDEDORES DA REGIÃO NORDESTE DO RIO GRANDE DO SUL - SICREDI CAXIAS DO SUL RS",200003,B3S,I,2,Cooperativa de Crédito,,RS,Caxias do Sul,,,,,I
06260899,202506,"COOPERATIVA DE CRÉDITO DOS PEQUENOS EMPRESÁRIOS, MICROEMPRESÁRIOS E MICROEMPREENDEDORES DAS REGIÕES METROPOLITANA, VALE DOS SINOS E PARANHANA - SICREDI EMPREENDEDORES RS",200406,B3S,I,2,Cooperativa de Crédito,,RS,Porto Alegre,,,,,I
10506295,202506,"COOPERATIVA DE CRÉDITO DOS PEQUENOS EMPRESÁRIOS, MICROEMPRESÁRIOS E MICROEMPREENDEDORES DO VALE DO ITAJAÍ   SICREDI EMPREENDEDORES SC",200812,B3S,I,2,Cooperativa de Crédito,,SC,Blumenau,,,,,I
09978397,202506,COOPERATIVA DE CRÉDITO DOS PLANTADORES DE CANA DA ALTA NOROESTE LTDA.,180001,B3S,I,2,Cooperativa de Crédito,,SP,Penápolis,,,,,I
50848910,202506,COOPERATIVA DE CRÉDITO DOS PLANTADORES DE CANA DA REGIÃO DE LENÇÓIS PAULISTA,198212,B3S,I,2,Cooperativa de Crédito,,SP,Lençóis Paulista,S5,,,,I
10853810,202506,COOPERATIVA DE CRÉDITO DOS PLANTADORES DE CANA DE PERNAMBUCO LTDA,196907,B3S,I,2,Cooperativa de Crédito,,PE,Recife,,,,,I
25387697,202506,COOPERATIVA DE CRÉDITO DOS PLANTADORES DE CANA E PRODUTORES RURAIS DE PASSOS LTDA.,198811,B3S,I,2,Cooperativa de Crédito,,MG,Passos,,,,,I
00603454,202506,COOPERATIVA DE CRÉDITO DOS PRODUTORES RURAIS DA REGIÃO SANTA RITA DE MINAS LTDA,199505,B3S,I,2,Cooperativa de Crédito,,MG,Santa Rita de Minas,,,,,I
08324758,202506,COOPERATIVA DE CRÉDITO DOS PROFESSORES DO RIO GRANDE DO NORTE LTDA,196801,B3S,I,2,Cooperativa de Crédito,,RN,Natal,,,,,I
02412022,202506,"COOPERATIVA DE CRÉDITO DOS PROFISSIONAIS DA ÁREA DA SAÚDE DE FRANCISCO BELTRÃO-PR E REGIÃO, UNIPRIME FRANCISCO BELTRÃO",199804,B3S,I,2,Cooperativa de Crédito,,PR,Francisco Beltrão,,,,,I
70937271,202506,COOPERATIVA DE CRÉDITO DOS PROFISSIONAIS DA ÁREA DA SAÚDE E DE LIVRE ADMISSÃO LTDA - UNICRED ALIANÇA,199404,B3S,I,2,Cooperativa de Crédito,Mútuo com relevância em PJ,MG,Uberlândia,S5,,,,A
07791025,202506,COOPERATIVA DE CRÉDITO DOS PROFISSIONAIS DA SAUDE E EMPRESÁRIOS DE ARAXA E DO OESTE DE MINAS LTDA. - UNICRED COMERCIO,200604,B3S,I,2,Cooperativa de Crédito,,MG,Araxá,,,,,I
71418784,202506,COOPERATIVA DE CRÉDITO DOS PROFISSIONAIS DA SAÚDE E LIVRE ADMISSÃO DO SUL DE MINAS LTDA,199403,B3S,I,2,Cooperativa de Crédito,Atípicas,MG,Varginha,S5,,,,A
71432926,202506,COOPERATIVA DE CRÉDITO DOS PROFISSIONAIS DE SAÚDE E DE LIVRE ADMISSÃO DO TRIÂNGULO MINEIRO E SUL DE MINAS LTDA. - UNICRED PROGRESSO,199403,B3S,I,2,Cooperativa de Crédito,Mútuo PF com conta corrente,MG,Uberaba,S5,,,,A
06036911,202506,COOPERATIVA DE CRÉDITO DOS PROFISSIONAIS DE TECNOLOGIA DA INFORMAÇÃO DE SÃO PAULO E MICROREGIÃO LTDA - CREDITE,200403,B3S,I,2,Cooperativa de Crédito,,SP,São Paulo,,,,,I
05979692,202506,COOPERATIVA DE CRÉDITO DOS PROFISSIONAIS DOS CREAS E DEMAIS ÁREAS TECNOLÓGICAS - CREDCREA,200312,B3S,I,2,Cooperativa de Crédito,Mútuo com financiamento relevante,SC,Florianópolis,S5,,,,A
08335606,202506,COOPERATIVA DE CRÉDITO DOS SERVIDORES CIVIS AUTÁRQUICOS DA UNIÃO LTDA,196907,B3S,I,2,Cooperativa de Crédito,,RN,Natal,,,,,I
33808718,202506,COOPERATIVA DE CRÉDITO DOS SERVIDORES DA DELEGACIA DA SUNAB DA BAHIA,198903,B3S,I,2,Cooperativa de Crédito,,BA,Salvador,,,,,I
08324147,202506,COOPERATIVA DE CRÉDITO DOS SERVIDORES DA LBA NO RIO GRANDE DO NORTE LTDA,196801,B3S,I,2,Cooperativa de Crédito,,RN,Natal,,,,,I
27302181,202506,COOPERATIVA DE CRÉDITO DOS SERVIDORES DA UNIVERSIDADE FEDERAL DO ESPIRITO SANTO,198110,B3S,I,2,Cooperativa de Crédito,Mútuo PF com conta corrente,ES,Vitória,S5,,,,A
03294379,202506,COOPERATIVA DE CRÉDITO DOS SERVIDORES DAS POLICIAS FEDERAIS NO ESTADO DE SÃO PAULO - CREDIPOLF/SP,180001,B3S,I,2,Cooperativa de Crédito,,SP,São Paulo,,,,,I
00512839,202506,COOPERATIVA DE CRÉDITO DOS SERVIDORES DO MUNICIPIO DE SANTO ANDRÉ - SP - CECRESA,199506,B3S,I,2,Cooperativa de Crédito,Mútuo PF com conta corrente,SP,Santo André,S5,,,,A
03453295,202506,COOPERATIVA DE CRÉDITO DOS SERVIDORES DO PODER JUDICIÁRIO NO RIO GRANDE DO SUL E DE LIVRE ADMISSÃO EM PORTO ALEGRE - SICOOB PORTO ALEGRE,199911,B3S,I,2,Cooperativa de Crédito,,RS,Porto Alegre,S5,,,,I
21797311,202506,COOPERATIVA DE CRÉDITO DOS SERVIDORES DOS PODERES LEGISLATIVOS DO ESTADO DE MINAS GERAIS E DO SEU ÓRGÃO AUXILIAR E DE LIVRE ADMISSÃO LTDA. - SICOOB COFAL,198006,B3S,I,2,Cooperativa de Crédito,Atípicas,MG,Belo Horizonte,S5,,,,A
03269540,202506,"COOPERATIVA DE CRÉDITO DOS SERVIDORES MILITARES, POLÍCIA CIVIL E DA SECRETARIA DE EDUCAÇÃO DO ESTADO DE MINAS GERAIS LTDA - SICOOB COOPEMG",199909,B3S,I,2,Cooperativa de Crédito,Mútuo PF com conta corrente,MG,Belo Horizonte,S5,,,,A
07703024,202506,COOPERATIVA DE CRÉDITO DOS SERVIDORES PÚBLICOS DO ESTADO DE GOIÁS NA REGIÃO METROPOLITANA DE GOIÂNIA LTDA. - SERVCRED-GO,200603,B3S,I,2,Cooperativa de Crédito,,GO,Goiânia,,,,,I
01196238,202506,COOPERATIVA DE CRÉDITO DOS SERVIDORES PÚBLICOS E AUTÁRQUICOS MUNICIPAIS DE DIADEMA,199605,B3S,I,2,Cooperativa de Crédito,,SP,Diadema,,,,,I
01235921,202506,COOPERATIVA DE CRÉDITO DOS SERVIDORES PÚBLICOS MUNICIPAIS DA GRANDE VITÓRIA/ES,199605,B3S,I,2,Cooperativa de Crédito,Mútuo PF sem conta corrente,ES,Vitória,S5,,,,A
02763730,202506,COOPERATIVA DE CRÉDITO DOS SERVIDORES PÚBLICOS MUNICIPAIS DE PAULINIA - PAULICRED,199810,B3S,I,2,Cooperativa de Crédito,,SP,Paulínia,,,,,I
02996408,202506,COOPERATIVA DE CRÉDITO DOS SERVIDORES PUBLICOS MUNICIPAIS DE SERTAOZINHO - CREDSERT,180001,B3S,I,2,Cooperativa de Crédito,,SP,Sertãozinho,,,,,I
20833976,202506,COOPERATIVA DE CRÉDITO DOS SERVIDORES PÚBLICOS MUNICIPAIS DE TIMÓTEO LTDA. - COOPERTIM,198501,B3S,I,2,Cooperativa de Crédito,Mútuo PF sem conta corrente,MG,Timóteo,S5,,,,A
04321309,202506,COOPERATIVA DE CRÉDITO DOS SERVIDORES PÚBLICOS NO ESTADO DA BAHIA LTDA. - SICOOB CRED EXECUTIVO,200001,B3S,I,2,Cooperativa de Crédito,Mútuo com financiamento relevante,BA,Salvador,S5,,,,A
19535009,202506,COOPERATIVA DE CRÉDITO DOS TRANSPORTADORES RODOVIÁRIOS E DE LOGÍSTICA DO RIO GRANDE DO SUL - TRANSULCRED,201402,B3S,I,2,Cooperativa de Crédito,,RS,Bento Gonçalves,,,,,I
03047549,202506,COOPERATIVA DE CRÉDITO E CAPTAÇÃO SICOOB UNICIDADES,199909,B3S,I,2,Cooperativa de Crédito,Crédito misto,GO,Rio Verde,S5,,,,A
07412987,202506,COOPERATIVA DE CRÉDITO E ECONOMIA COM INTERAÇÃO SOLIDÁRIA - CRESOL ALIANÇA,200506,B3S,I,2,Cooperativa de Crédito,Crédito misto,SC,Chapecó,S5,,,,A
09488496,202506,COOPERATIVA DE CRÉDITO E ECONOMIA COM INTERAÇÃO SOLIDÁRIA - CRESOL COOPERACRED,200805,B3S,I,2,Cooperativa de Crédito,Crédito misto,SC,São João do Sul,S5,,,,A
05425526,202506,COOPERATIVA DE CRÉDITO E ECONOMIA COM INTERAÇÃO SOLIDÁRIA - CRESOL DESENVOLVIMENTO,200302,B3S,I,2,Cooperativa de Crédito,Crédito misto,SC,Concórdia,S5,,,,A
03485130,202506,COOPERATIVA DE CRÉDITO E ECONOMIA COM INTERAÇÃO SOLIDÁRIA - CRESOL ENCOSTAS DA SERRA GERAL,199911,B3S,I,2,Cooperativa de Crédito,Crédito misto,SC,Santa Rosa de Lima,S5,,,,A
05070112,202506,COOPERATIVA DE CRÉDITO E ECONOMIA COM INTERAÇÃO SOLIDÁRIA - CRESOL INOVAÇÃO,200207,B3S,I,2,Cooperativa de Crédito,Crédito misto,SC,Coronel Martins,S5,,,,A
08055016,202506,COOPERATIVA DE CRÉDITO E ECONOMIA COM INTERAÇÃO SOLIDÁRIA - CRESOL INTERAÇÃO,200607,B3S,I,2,Cooperativa de Crédito,Crédito rural,SC,Xavantina,S5,,,,A
09463721,202506,COOPERATIVA DE CREDITO E ECONOMIA COM INTERAÇÃO SOLIDÁRIA - CRESOL JACINTO MACHADO,200805,B3S,I,2,Cooperativa de Crédito,Crédito misto,SC,Jacinto Machado,S5,,,,A
05410056,202506,COOPERATIVA DE CREDITO E ECONOMIA COM INTERAÇÃO SOLIDARIA - CRESOL LITORAL,200302,B3S,I,2,Cooperativa de Crédito,Crédito misto,SC,Jaguaruna,S5,,,,A
05269976,202506,COOPERATIVA DE CRÉDITO E ECONOMIA COM INTERAÇÃO SOLIDÁRIA - CRESOL MAIS,200211,B3S,I,2,Cooperativa de Crédito,Crédito misto,SC,Quilombo,S5,,,,A
02663426,202506,COOPERATIVA DE CRÉDITO E ECONOMIA COM INTERAÇÃO SOLIDÁRIA - CRESOL NOROESTE,199807,B3S,I,2,Cooperativa de Crédito,Crédito misto,RS,Constantina,S5,,,,A
05428587,202506,COOPERATIVA DE CREDITO E ECONOMIA COM INTERAÇÃO SOLIDARIA - CRESOL OLIVEIRA DOS BREJINHOS,200302,B3S,I,2,Cooperativa de Crédito,,BA,Oliveira dos Brejinhos,S5,,,,I
07958405,202506,COOPERATIVA DE CREDITO E ECONOMIA COM INTERAÇÃO SOLIDÁRIA - CRESOL SERRA MAR,200606,B3S,I,2,Cooperativa de Crédito,Crédito misto,SC,Rio Fortuna,S5,,,,A
09330158,202506,COOPERATIVA DE CREDITO E ECONOMIA COM INTERAÇÃO SOLIDÁRIA - CRESOL TREZE DE MAIO,200803,B3S,I,2,Cooperativa de Crédito,Crédito misto,SC,Treze de Maio,S5,,,,A
07509426,202506,COOPERATIVA DE CRÉDITO E ECONOMIA COM INTERAÇÃO SOLIDÁRIA - CRESOL XANXERÊ,200508,B3S,I,2,Cooperativa de Crédito,Crédito misto,SC,Xanxerê,S5,,,,A
02844024,202506,COOPERATIVA DE CRÉDITO E ECONOMIA COM INTERAÇÃO SOLIDÁRIA CRESOL EVOLUÇÃO,199901,B3S,I,2,Cooperativa de Crédito,Crédito misto,SC,Dionísio Cerqueira,S5,,,,A
07320890,202506,COOPERATIVA DE CRÉDITO E ECONOMIA COM INTERAÇÃO SOLIDÁRIA CRESOL VALE,200505,B3S,I,2,Cooperativa de Crédito,Crédito misto,SC,Vitor Meireles,S5,,,,A
04565791,202506,COOPERATIVA DE CRÉDITO E ECONOMIA COM INTERAÇÃO SOLIDÁRIA DE ARATIBA - CRESOL ARATIBA,200108,B3S,I,2,Cooperativa de Crédito,Crédito rural,RS,Aratiba,S5,,,,A
04281182,202506,COOPERATIVA DE CREDITO E ECONOMIA COM INTERACAO SOLIDARIA DE CHAPECO - CRESOL CHAPECO,200103,B3S,I,2,Cooperativa de Crédito,,SC,Chapecó,S5,,,,I
08647473,202506,COOPERATIVA DE CRÉDITO E ECONOMIA COM INTERAÇÃO SOLIDÁRIA DE CORONEL FREITAS - CRESOL CORONEL FREITAS,200702,B3S,I,2,Cooperativa de Crédito,,SC,Coronel Freitas,S5,,,,I
05400634,202506,COOPERATIVA DE CRÉDITO E ECONOMIA COM INTERAÇÃO SOLIDÁRIA DE GUARACIABA - CRESOL GUARACIABA,200212,B3S,I,2,Cooperativa de Crédito,,SC,Guaraciaba,S5,,,,I
05745533,202506,COOPERATIVA DE CRÉDITO E ECONOMIA COM INTERAÇÃO SOLIDÁRIA DE ITATIBA DO SUL - CRESOL ITATIBA DO SUL,200307,B3S,I,2,Cooperativa de Crédito,,RS,Itatiba do Sul,S5,,,,I
02904125,202506,COOPERATIVA DE CRÉDITO E ECONOMIA COM INTERAÇÃO SOLIDÁRIA DE JACUTINGA - CRESOL JACUTINGA,199903,B3S,I,2,Cooperativa de Crédito,Crédito rural,RS,Jacutinga,S5,,,,A
05442759,202506,COOPERATIVA DE CRÉDITO E ECONOMIA COM INTERAÇÃO SOLIDARIA DE PORTO XAVIER - CRESOL PORTO XAVIER,200301,B3S,I,2,Cooperativa de Crédito,,RS,Porto Xavier,S5,,,,I
73254757,202506,COOPERATIVA DE CREDITO E ECONOMIA COM INTERAÇÃO SOLIDARIA DE QUILOMBO - CRESOL QUILOMBO,199310,B3S,I,2,Cooperativa de Crédito,,SC,Quilombo,S5,,,,I
08652872,202506,COOPERATIVA DE CRÉDITO E ECONOMIA COM INTERAÇÃO SOLIDÁRIA DE SANTA TEREZINHA DO PROGRESSO - CRESOL SANTA TEREZINHA DO PROGRESSO,200703,B3S,I,2,Cooperativa de Crédito,,SC,Santa Terezinha do Progresso,S5,,,,I
03015152,202506,COOPERATIVA DE CRÉDITO E ECONOMIA COM INTERAÇÃO SOLIDÁRIA DE SÃO VALENTIM - CRESOL SÃO VALENTIM,199903,B3S,I,2,Cooperativa de Crédito,Crédito rural,RS,São Valentim,S5,,,,A
05863726,202506,COOPERATIVA DE CRÉDITO E ECONOMIA COM INTERAÇÃO SOLIDÁRIA DO PLANALTO SERRA SUL DO RIO GRANDE DO SUL - CRESOL PLANALTO SERRA SUL,200309,B3S,I,2,Cooperativa de Crédito,Crédito rural,RS,Sananduva,S5,,,,A
07215632,202506,COOPERATIVA DE CRÉDITO E INVESTIMENTO COM INTERAÇÃO SOLIDÁRIA ALTERNATIVA - CRESOL ALTERNATIVA,200504,B3S,I,2,Cooperativa de Crédito,Crédito misto,SC,Rio do Sul,S5,,,,A
07465539,202506,COOPERATIVA DE CRÉDITO E INVESTIMENTO COM INTERAÇÃO SOLIDÁRIA ALTO VALE - CRESOL ALTO VALE,200507,B3S,I,2,Cooperativa de Crédito,Crédito misto,SC,Witmarsum,S5,,,,A
07946451,202506,COOPERATIVA DE CRÉDITO E INVESTIMENTO COM INTERAÇÃO SOLIDÁRIA ATIVA - CRESOL ATIVA,200605,B3S,I,2,Cooperativa de Crédito,Crédito misto,SC,Tangará,S5,,,,A
05211129,202506,COOPERATIVA DE CRÉDITO E INVESTIMENTO COM INTERAÇÃO SOLIDÁRIA CENTRO NORTE - CRESOL CENTRO NORTE,200208,B3S,I,2,Cooperativa de Crédito,Crédito misto,RS,Marcelino Ramos,S5,,,,A
01155801,202506,COOPERATIVA DE CRÉDITO E INVESTIMENTO COM INTERAÇÃO SOLIDÁRIA CENTRO SERRA - CRESOL CENTRO SERRA,199605,B3S,I,2,Cooperativa de Crédito,Crédito misto,SC,Curitibanos,S5,,,,A
02910987,202506,COOPERATIVA DE CRÉDITO E INVESTIMENTO COM INTERAÇÃO SOLIDÁRIA CENTRO SUL RS/MS - CRESOL CENTRO SUL RS/MS,199904,B3S,I,2,Cooperativa de Crédito,Crédito misto,RS,Erechim,S5,,,,A
11969853,202506,COOPERATIVA DE CRÉDITO E INVESTIMENTO COM INTERAÇÃO SOLIDÁRIA CONEXÃO - CRESOL CONEXÃO,201007,B3S,I,2,Cooperativa de Crédito,Crédito misto,PR,Medianeira,S5,,,,A
07252614,202506,COOPERATIVA DE CRÉDITO E INVESTIMENTO COM INTERAÇÃO SOLIDÁRIA CONFIANÇA - CRESOL CONFIANÇA,200504,B3S,I,2,Cooperativa de Crédito,Crédito rural,RS,Paim Filho,S5,,,,A
05983995,202506,COOPERATIVA DE CRÉDITO E INVESTIMENTO COM INTERAÇÃO SOLIDÁRIA COOPERAR - CRESOL COOPERAR,200312,B3S,I,2,Cooperativa de Crédito,Crédito misto,RS,Humaitá,S5,,,,A
10520232,202506,COOPERATIVA DE CRÉDITO E INVESTIMENTO COM INTERAÇÃO SOLIDÁRIA DA AMAZÔNIA - CRESOL AMAZÔNIA,200902,B3S,I,2,Cooperativa de Crédito,Crédito rural,RO,Ji-Paraná,S5,,,,A
04490531,202506,COOPERATIVA DE CRÉDITO E INVESTIMENTO COM INTERAÇÃO SOLIDÁRIA DE GOIÁS - CRESOL GOIÁS,200104,B3S,I,2,Cooperativa de Crédito,Crédito misto,GO,Orizona,S5,,,,A
08624548,202506,COOPERATIVA DE CRÉDITO E INVESTIMENTO COM INTERAÇÃO SOLIDÁRIA DE MINAS GERAIS - CRESOL MINAS GERAIS,200703,B3S,I,2,Cooperativa de Crédito,Crédito misto,MG,Muriaé,S5,,,,A
50735161,202506,COOPERATIVA DE CRÉDITO E INVESTIMENTO COM INTERAÇÃO SOLIDÁRIA DE NOVA MUTUM E REGIÃO - CRESOL MATO GROSSO,202305,B3S,I,2,Cooperativa de Crédito,Crédito misto,MT,Nova Mutum,S5,,,,A
53575491,202506,COOPERATIVA DE CRÉDITO E INVESTIMENTO COM INTERAÇÃO SOLIDÁRIA DE TOLEDO E REGIÃO - CRESOL PRIMATO CREDI,202403,B3S,I,2,Cooperativa de Crédito,Atípicas,PR,Toledo,S5,,,,A
06139650,202506,COOPERATIVA DE CRÉDITO E INVESTIMENTO COM INTERAÇÃO SOLIDÁRIA DO RIO GRANDE DO SUL - CRESOL RIO GRANDE DO SUL,200405,B3S,I,2,Cooperativa de Crédito,Crédito misto,RS,Bento Gonçalves,S5,,,,A
07512780,202506,COOPERATIVA DE CRÉDITO E INVESTIMENTO COM INTERAÇÃO SOLIDÁRIA DO VALE EUROPEU - CRESOL VALE EUROPEU,200508,B3S,I,2,Cooperativa de Crédito,Crédito misto,SC,Águas Mornas,S5,,,,A
06031727,202506,COOPERATIVA DE CRÉDITO E INVESTIMENTO COM INTERAÇÃO SOLIDÁRIA ESSÊNCIA - CRESOL ESSÊNCIA,200401,B3S,I,2,Cooperativa de Crédito,Crédito misto,RS,Santo Cristo,S5,,,,A
05276770,202506,COOPERATIVA DE CRÉDITO E INVESTIMENTO COM INTERAÇÃO SOLIDÁRIA FRONTEIRAS PR/SC/SP/ES - CRESOL FRONTEIRAS PR/SC/SP/ES,200210,B3S,I,2,Cooperativa de Crédito,Crédito misto,PR,Realeza,S5,,,,A
04622657,202506,COOPERATIVA DE CRÉDITO E INVESTIMENTO COM INTERAÇÃO SOLIDÁRIA GERAÇÕES - CRESOL GERAÇÕES,200109,B3S,I,2,Cooperativa de Crédito,,RS,Tenente Portela,S5,,,,I
06126780,202506,COOPERATIVA DE CRÉDITO E INVESTIMENTO COM INTERAÇÃO SOLIDÁRIA GRANDES LAGOS PR/SP - CRESOL GRANDES LAGOS PR/SP,200404,B3S,I,2,Cooperativa de Crédito,Crédito misto,PR,Guarapuava,S5,,,,A
05277312,202506,COOPERATIVA DE CRÉDITO E INVESTIMENTO COM INTERAÇÃO SOLIDÁRIA HORIZONTE - CRESOL HORIZONTE,200209,B3S,I,2,Cooperativa de Crédito,Crédito misto,PR,União da Vitória,S5,,,,A
07268499,202506,COOPERATIVA DE CRÉDITO E INVESTIMENTO COM INTERAÇÃO SOLIDÁRIA INTEGRAÇÃO - CRESOL INTEGRAÇÃO,200504,B3S,I,2,Cooperativa de Crédito,Crédito misto,PR,Toledo,S5,,,,A
02934201,202506,COOPERATIVA DE CRÉDITO E INVESTIMENTO COM INTERAÇÃO SOLIDÁRIA LIDERANÇA - CRESOL LIDERANÇA,199904,B3S,I,2,Cooperativa de Crédito,Crédito misto,PR,Chopinzinho,S5,,,,A
08488377,202506,COOPERATIVA DE CRÉDITO E INVESTIMENTO COM INTERAÇÃO SOLIDÁRIA MISSÕES FRONTEIRA RS - CRESOL MISSÕES FRONTEIRA RS,200612,B3S,I,2,Cooperativa de Crédito,Crédito misto,RS,Guarani das Missões,S5,,,,A
05494591,202506,COOPERATIVA DE CRÉDITO E INVESTIMENTO COM INTERAÇÃO SOLIDÁRIA NASCENTE - CRESOL NASCENTE,200302,B3S,I,2,Cooperativa de Crédito,Crédito misto,SC,Alfredo Wagner,S5,,,,A
02025743,202506,COOPERATIVA DE CRÉDITO E INVESTIMENTO COM INTERAÇÃO SOLIDÁRIA NORDESTE - CRESOL NORDESTE,199707,B3S,I,2,Cooperativa de Crédito,Mútuo com financiamento relevante,BA,Lauro de Freitas,S5,,,,I
07925729,202506,COOPERATIVA DE CRÉDITO E INVESTIMENTO COM INTERAÇÃO SOLIDÁRIA NORTE PARANAENSE - CRESOL NORTE PARANAENSE,200606,B3S,I,2,Cooperativa de Crédito,Crédito misto,PR,Londrina,S5,,,,A
05220243,202506,COOPERATIVA DE CRÉDITO E INVESTIMENTO COM INTERAÇÃO SOLIDÁRIA ORIGENS - CRESOL ORIGENS,200208,B3S,I,2,Cooperativa de Crédito,Crédito misto,RS,Sarandi,S5,,,,A
00971300,202506,COOPERATIVA DE CREDITO E INVESTIMENTO COM INTERACAO SOLIDARIA PIONEIRA - CRESOL PIONEIRA,199601,B3S,I,2,Cooperativa de Crédito,Crédito misto,PR,Dois Vizinhos,S5,,,,A
02766672,202506,COOPERATIVA DE CRÉDITO E INVESTIMENTO COM INTERAÇÃO SOLIDÁRIA PLANALTO SUL - CRESOL PLANALTO SUL,199901,B3S,I,2,Cooperativa de Crédito,Crédito misto,SC,São Joaquim,S5,,,,A
02448310,202506,COOPERATIVA DE CRÉDITO E INVESTIMENTO COM INTERAÇÃO SOLIDÁRIA PROGRESSO - CRESOL PROGRESSO,199804,B3S,I,2,Cooperativa de Crédito,Crédito misto,PR,Cascavel,S5,,,,A
17343510,202506,COOPERATIVA DE CRÉDITO E INVESTIMENTO COM INTERAÇÃO SOLIDÁRIA RAIZ - CRESOL RAIZ,201301,B3S,I,2,Cooperativa de Crédito,Crédito misto,RS,Frederico Westphalen,S5,,,,A
04350225,202506,COOPERATIVA DE CRÉDITO E INVESTIMENTO COM INTERAÇÃO SOLIDÁRIA TRADIÇÃO - CRESOL TRADIÇÃO,200102,B3S,I,2,Cooperativa de Crédito,Crédito misto,PR,Francisco Beltrão,S5,,,,A
24431221,202506,COOPERATIVA DE CRÉDITO E INVESTIMENTO COM INTERAÇÃO SOLIDÁRIA TRANSAMAZÔNICA - CRESOL TRANSAMAZÔNICA,201604,B3S,I,2,Cooperativa de Crédito,Mútuo PF com conta corrente,PA,Pacajá,S5,,,,A
04261151,202506,COOPERATIVA DE CRÉDITO E INVESTIMENTO COM INTERAÇÃO SOLIDÁRIA TRANSFORMAÇÃO - CRESOL TRANSFORMAÇÃO,200104,B3S,I,2,Cooperativa de Crédito,Crédito misto,SC,Dona Emma,S5,,,,A
08560508,202506,COOPERATIVA DE CRÉDITO E INVESTIMENTO COM INTERAÇÃO SOLIDÁRIA TRIUNFO - CRESOL TRIUNFO,200702,B3S,I,2,Cooperativa de Crédito,Crédito misto,PR,São João do Triunfo,S5,,,,A
02446089,202506,COOPERATIVA DE CRÉDITO E INVESTIMENTO COM INTERAÇÃO SOLIDÁRIA UNIÃO - CRESOL UNIÃO,199801,B3S,I,2,Cooperativa de Crédito,Crédito misto,PR,Coronel Vivida,S5,,,,A
05231945,202506,COOPERATIVA DE CRÉDITO E INVESTIMENTO COM INTERAÇÃO SOLIDÁRIA UNIÃO DOS VALES - CRESOL UNIÃO DOS VALES,200209,B3S,I,2,Cooperativa de Crédito,Crédito misto,PR,Ivaiporã,S5,,,,A
04663561,202506,COOPERATIVA DE CRÉDITO E INVESTIMENTO COM INTERAÇÃO SOLIDÁRIA VALE DAS ÁGUAS PR/MG - CRESOL VALE DAS ÁGUAS PR/MG,200110,B3S,I,2,Cooperativa de Crédito,Crédito misto,PR,Laranjeiras do Sul,S5,,,,A
03965737,202506,COOPERATIVA DE CRÉDITO E INVESTIMENTO COM INTERAÇÃO SOLIDÁRIA VANGUARDA - CRESOL VANGUARDA,200104,B3S,I,2,Cooperativa de Crédito,Crédito misto,SC,Chapecó,S5,,,,A
79457883,202506,COOPERATIVA DE CRÉDITO E INVESTIMENTO DE LIVRE ADMISSÃO AGROEMPRESARIAL - SICREDI AGROEMPRESARIAL PR/SP,198610,B3S,I,2,Cooperativa de Crédito,Mútuo com relevância em PJ,PR,Mandaguari,S4,,,,A
03974280,202506,COOPERATIVA DE CRÉDITO E INVESTIMENTO DE LIVRE ADMISSÃO DA REGIÃO CENTRAL DO ESTADO DE SÃO PAULO - SICREDI CENTRO PAULISTA SP,200009,B3S,I,2,Cooperativa de Crédito,,SP,Bauru,,,,,I
11094093,202506,COOPERATIVA DE CRÉDITO E INVESTIMENTO DE LIVRE ADMISSÃO DA REGIÃO DA NOVA ALTA PAULISTA - SICREDI NOVA ALTA PAULISTA SP,200910,B3S,I,2,Cooperativa de Crédito,,SP,Dracena,,,,,I
03632872,202506,COOPERATIVA DE CRÉDITO E INVESTIMENTO DO SUDOESTE  DA AMAZÔNIA LTDA - SICOOB CREDISUL,200003,B3S,I,2,Cooperativa de Crédito,Crédito misto,RO,Vilhena,S5,,,,A
66555665,202506,COOPERATIVA DE CRÉDITO E INVESTIMENTO DOS EMPREGADOS E SERVIDORES DA SECRETARIA ESTADUAL DE LOGÍSTICA E TRANSPORTES E ÓRGÃOS SUBORDINADOS DO ESTADO DE SÃO PAULO - SICOOB COOPTRANSP,199108,B3S,I,2,Cooperativa de Crédito,,SP,São Paulo,S5,,,,I
88530142,202506,COOPERATIVA DE CRÉDITO E INVESTIMENTO LIBERDADE - SICREDI LIBERDADE,198209,B3S,I,2,Cooperativa de Crédito,Crédito rural,RS,Bagé,S4,,,,A
08044854,202506,COOPERATIVA DE CRÉDITO E INVESTIMENTO SICOOB CENTRO - SICOOB CENTRO,200606,B3S,I,2,Cooperativa de Crédito,Crédito misto,RO,Ji-Paraná,S5,,,,A
53841911,202506,COOPERATIVA DE CRÉDITO E INVESTIMENTO UNINDÚSTRIA,202402,B3S,I,2,Cooperativa de Crédito,Atípicas,SC,Concórdia,S5,,,,A
04751713,202506,COOPERATIVA DE CRÉDITO E INVESTIMENTOS DE RONDÔNIA - SICOOB CREDJURD,200205,B3S,I,2,Cooperativa de Crédito,Mútuo PF com conta corrente,RO,Porto Velho,S5,,,,A
03528402,202506,COOPERATIVA DE CRÉDITO E INVESTIMENTOS DO ACRE - SICOOB ACRE,200001,B3S,I,2,Cooperativa de Crédito,,AC,Rio Branco,S5,,,,I
88445093,202506,COOPERATIVA DE CREDITO E RESERVA DE CARAZINHO LTDA,180001,B3S,I,2,Cooperativa de Crédito,,RS,Carazinho,,,,,I
05097757,202506,COOPERATIVA DE CRÉDITO E SERVIÇOS FINANCEIROS DE CURITIBA E REGIÃO METROPOLITANA,200208,B3S,I,2,Cooperativa de Crédito,Mútuo com relevância em PJ,PR,Curitiba,S5,,,,A
10311218,202506,COOPERATIVA DE CRÉDITO EVOLUA,200810,B3S,I,2,Cooperativa de Crédito,Mútuo com financiamento relevante,PR,Francisco Beltrão,S5,,,,A
88471024,202506,COOPERATIVA DE CRÉDITO GERAÇÕES - SICREDI GERAÇÕES RS/MG,198209,B3S,I,2,Cooperativa de Crédito,Mútuo com relevância em PJ,RS,Cachoeira do Sul,S4,,,,A
26014175,202506,COOPERATIVA DE CRÉDITO GUARANICREDI LTDA. - SICOOB GUARANICREDI,198911,B3S,I,2,Cooperativa de Crédito,Atípicas,MG,Guarani,S5,,,,A
07194313,202506,COOPERATIVA DE CRÉDITO HORIZONTE - SICOOB HORIZONTE,200504,B3S,I,2,Cooperativa de Crédito,Mútuo com relevância em PJ,PR,Arapongas,S5,,,,A
92659622,202506,COOPERATIVA DE CRÉDITO INDÚSTRIAS RENNER LTDA,196710,B3S,I,2,Cooperativa de Crédito,,RS,Porto Alegre,,,,,I
07122321,202506,COOPERATIVA DE CRÉDITO INTEGRADO - SICOOB INTEGRADO,200502,B3S,I,2,Cooperativa de Crédito,Mútuo com relevância em PJ,PR,Pato Branco,S5,,,,A
07577844,202506,COOPERATIVA DE CRÉDITO JUAZEIRENSE LTDA,196812,B3S,I,2,Cooperativa de Crédito,,CE,Juazeiro do Norte,,,,,I
85291086,202506,COOPERATIVA DE CRÉDITO LITORÂNEA,199206,B3S,I,2,Cooperativa de Crédito,Crédito misto,SC,Jacinto Machado,S5,,,,A
02179673,202506,COOPERATIVA DE CRÉDITO LIVRE ADMISSÃO SICOOB OURICRED,199711,B3S,I,2,Cooperativa de Crédito,Atípicas,SP,Ourinhos,S5,,,,A
09777306,202506,COOPERATIVA DE CREDITO MAUA DE BAGE LTDA,180001,B3S,I,2,Cooperativa de Crédito,,,,,,,,I
78825270,202506,COOPERATIVA DE CRÉDITO MAXI ALFA DE LIVRE ADMISSÃO DE ASSOCIADOS - SICOOB MAXICRÉDITO,198508,B3S,I,2,Cooperativa de Crédito,Mútuo com relevância em PJ,SC,Chapecó,S4,,,,A
09777305,202506,COOPERATIVA DE CREDITO MOBIM LTDA,180001,B3S,I,2,Cooperativa de Crédito,,,,,,,,I
71392047,202506,COOPERATIVA DE CRÉDITO MONTECREDI LTDA. - SICOOB MONTECREDI,199402,B3S,I,2,Cooperativa de Crédito,Atípicas,MG,Monte Carmelo,S5,,,,A
07669921,202506,COOPERATIVA DE CRÉDITO MÚTUO - SICOOB CREDIACISC,200511,B3S,I,2,Cooperativa de Crédito,Mútuo com relevância em PJ,SP,São Carlos,S5,,,,A
60764271,202506,COOPERATIVA DE CRÉDITO MÚTUO ANAFON DE RESPONSABILIDADE LTDA,195306,B3S,I,2,Cooperativa de Crédito,,SP,São Paulo,,,,,I
10175348,202506,COOPERATIVA DE CRÉDITO MÚTUO DE LIVRE ADMISSÃO DA REGIÃO ADMINISTRATIVA DE SOROCABA - SICOOB COOPERASO,200808,B3S,I,2,Cooperativa de Crédito,Mútuo com financiamento relevante,SP,Sorocaba,S5,,,,A
04546162,202506,COOPERATIVA DE CRÉDITO MÚTUO DE SERVIDORES PÚBLICOS DO ESTADO DE SÃO PAULO - CREDIFISCO,200110,B3S,I,2,Cooperativa de Crédito,,SP,São Paulo,S5,,,,I
04414354,202506,COOPERATIVA DE CRÉDITO MÚTUO DO ABC - COOPER 7,200108,B3S,I,2,Cooperativa de Crédito,Mútuo PF com conta corrente,SP,São Bernardo do Campo,S5,,,,A
03620772,202506,COOPERATIVA DE CRÉDITO MÚTUO DO CEARÁ - SICOOB CEARÁ,200004,B3S,I,2,Cooperativa de Crédito,Mútuo com relevância em PJ,CE,Fortaleza,S5,,,,A
33377862,202506,COOPERATIVA DE CRÉDITO MÚTUO DO PESSOAL DO BNCC LTDA,196904,B3S,I,2,Cooperativa de Crédito,,DF,Brasília,,,,,I
37119864,202506,COOPERATIVA DE CRÉDITO MÚTUO DO PODER LEGISLATIVO FEDERAL LTDA,180001,B3S,I,2,Cooperativa de Crédito,,DF,Brasília,,,,,I
05861932,202506,COOPERATIVA DE CRÉDITO MÚTUO DOS ADVOGADOS DE SANTA CATARINA,200410,B3S,I,2,Cooperativa de Crédito,Atípicas,SC,São José,S5,,,,A
09817835,202506,COOPERATIVA DE CRÉDITO MÚTUO DOS ASSOCIADOS DO PROJETO CRIANDO HABITAÇÃO,180001,B3S,I,2,Cooperativa de Crédito,,SP,São Paulo,,,,,I
04766558,202506,COOPERATIVA DE CREDITO MUTUO DOS CIRURGIÕES DENTISTAS E DEMAIS PROFISSIONAIS DA AREA DE SAUDE DO OESTE PAULISTA - SICREDI OESTE SP,200203,B3S,I,2,Cooperativa de Crédito,,SP,Presidente Prudente,,,,,I
03189349,202506,COOPERATIVA DE CRÉDITO MÚTUO DOS COMERCIANTES DE ARMARINHO DE BRASILIA - CREDICAB,199907,B3S,I,2,Cooperativa de Crédito,,DF,Brasília,,,,,I
02426053,202506,COOPERATIVA DE CRÉDITO MÚTUO DOS COMERCIANTES DE CONFECÇÕES  DE CUPIRA,199803,B3S,I,2,Cooperativa de Crédito,,PE,Cupira,,,,,I
06376786,202506,COOPERATIVA DE CRÉDITO MÚTUO DOS COMERCIANTES DE CONFECCOES DE BEBEDOURO E REGIAO - UNICOM BEBEDOURO,200410,B3S,I,2,Cooperativa de Crédito,,SP,Bebedouro,,,,,I
04492458,202506,COOPERATIVA DE CRÉDITO MÚTUO DOS COMERCIANTES DE VESTUÁRIOS DE ARARAQUARA E REGIÃO - COMCRED,200111,B3S,I,2,Cooperativa de Crédito,,SP,Araraquara,,,,,I
05052490,202506,COOPERATIVA DE CRÉDITO MÚTUO DOS CONTABILISTAS DA REGIÃO METROPOLITANA DE FLORIANÓPOLIS - COOPERCONT -EM LIQUIDAÇÃO ORDINÁRIA,200211,B3S,I,2,Cooperativa de Crédito,,SC,Florianópolis,,,,,I
04593058,202506,"COOPERATIVA DE CRÉDITO MÚTUO DOS CONTABILISTAS, ECONOMISTAS E ADMINISTRADORES DA REGIÃO METROPOLITANA DO RECIFE - CONTCRED LTDA",200110,B3S,I,2,Cooperativa de Crédito,,PE,Recife,,,,,I
02406781,202506,COOPERATIVA DE CRÉDITO MÚTUO DOS CORRETORES DE IMÓVEIS DE  JOÃO PESSOA - CREDICOLIBRI,199803,B3S,I,2,Cooperativa de Crédito,,PB,João Pessoa,,,,,I
08030602,202506,COOPERATIVA DE CRÉDITO MÚTUO DOS CORRETORES DE SEGUROS DO ESTADO DE SÃO PAULO - SICOOB CREDICOR/SP,200606,B3S,I,2,Cooperativa de Crédito,Atípicas,SP,São Paulo,S5,,,,A
04715685,202506,COOPERATIVA DE CRÉDITO MÚTUO DOS DESPACHANTES DE TRÂNSITO DE SANTA CATARINA E RIO GRANDE DO SUL - SICOOB CREDITRAN,200112,B3S,I,2,Cooperativa de Crédito,Atípicas,SC,Florianópolis,S5,,,,A
07839980,202506,COOPERATIVA DE CRÉDITO MÚTUO DOS DESPACHANTES DOCUMENTALISTAS DO ESTADO DE SÃO PAULO - COOPERDESP,200605,B3S,I,2,Cooperativa de Crédito,,SP,Campinas,,,,,I
07753938,202506,COOPERATIVA DE CRÉDITO MÚTUO DOS DISTRIBUIDORES DE BEBIDAS DO ESTADO DE SÃO PAULO - SICOOB CREDIBESP,200601,B3S,I,2,Cooperativa de Crédito,,SP,São Paulo,S5,,,,I
41156084,202506,"COOPERATIVA DE CRÉDITO MÚTUO DOS ECONOMISTAS, ADMINISTRADORES E CONTADORES DE JOÃO PESSOA - COOPECON LTDA.",199305,B3S,I,2,Cooperativa de Crédito,,PB,João Pessoa,,,,,I
01535631,202506,"COOPERATIVA DE CRÉDITO MÚTUO DOS EMPREGADOS DA ARKEMA QUÍMICA, ATOTECH DO BRASIL, TREBOL BRASIL E TOTAL LUBRIFICANTES DO BRASIL - CREDIQUÍMICA",199611,B3S,I,2,Cooperativa de Crédito,,SP,São Paulo,,,,,I
09778395,202506,COOPERATIVA DE CRÉDITO MÚTUO DOS EMPREGADOS DA CIA ENERGÉTICA SANTA ELISA E DA CASE - COMERCIAL AGRÍCOLA SERTÃOZINHO - CREDLISA,180001,B3S,I,2,Cooperativa de Crédito,,SP,Sertãozinho,,,,,I
60504636,202506,COOPERATIVA DE CRÉDITO MÚTUO DOS EMPREGADOS DA COBRASMA LTDA,196902,B3S,I,2,Cooperativa de Crédito,,SP,Osasco,,,,,I
46642294,202506,COOPERATIVA DE CRÉDITO MÚTUO DOS EMPREGADOS DA EMBRAER- SICOOB COOPEREMB,197409,B3S,I,2,Cooperativa de Crédito,Mútuo PF com conta corrente,SP,São José dos Campos,S5,,,,A
05815966,202506,COOPERATIVA DE CREDITO MUTUO DOS EMPREGADOS DA EMPRESA DE CALÇADOS BIBI LTDA.,200309,B3S,I,2,Cooperativa de Crédito,,RS,Parobé,,,,,I
55319370,202506,COOPERATIVA DE CRÉDITO MÚTUO DOS EMPREGADOS DA FIAÇÃO ALPINA - COOPERALPINA,198606,B3S,I,2,Cooperativa de Crédito,Mútuo PF sem conta corrente,SP,Morungaba,S5,,,,A
49060635,202506,"COOPERATIVA DE CRÉDITO MÚTUO DOS EMPREGADOS DA INDÚSTRIA E COMÉRCIO DOS RAMOS METALÚRGICO, ELETROMECÂNICO E QUÍMICO DE SOROCABA",198201,B3S,I,2,Cooperativa de Crédito,,SP,Sorocaba,,,,,I
49200827,202506,COOPERATIVA DE CRÉDITO MÚTUO DOS EMPREGADOS DA IRMANDADE SANTA CASA MISERI. SANTOS,197710,B3S,I,2,Cooperativa de Crédito,,SP,Santos,,,,,I
47858162,202506,COOPERATIVA DE CRÉDITO MÚTUO DOS EMPREGADOS DA LP DISPLAYS BRASIL,196710,B3S,I,2,Cooperativa de Crédito,,SP,Suzano,,,,,I
58290800,202506,COOPERATIVA DE CRÉDITO MÚTUO DOS EMPREGADOS DA MAXION - CREDMAXION,198906,B3S,I,2,Cooperativa de Crédito,Mútuo PF sem conta corrente,SP,Cruzeiro,S5,,,,A
02365873,202506,COOPERATIVA DE CRÉDITO MÚTUO DOS EMPREGADOS DA MILLENIUM INORGANIC CHEMICALS MINERAÇÃO LTDA. - RIBCRED LTDA.,199803,B3S,I,2,Cooperativa de Crédito,,PB,Mataraca,,,,,I
69225266,202506,COOPERATIVA DE CRÉDITO MÚTUO DOS EMPREGADOS DA MONTCALM LTDA.,199211,B3S,I,2,Cooperativa de Crédito,,SP,São Paulo,,,,,I
02104058,202506,COOPERATIVA DE CRÉDITO MÚTUO DOS EMPREGADOS DA PILKINGTON BRASIL,199711,B3S,I,2,Cooperativa de Crédito,Mútuo PF sem conta corrente,SP,Caçapava,S5,,,,A
60403730,202506,"COOPERATIVA DE CRÉDITO MÚTUO DOS EMPREGADOS DA SKF COMERCIAL E COLIGADAS, LTDA.",198907,B3S,I,2,Cooperativa de Crédito,,SP,São Paulo,,,,,I
49091119,202506,COOPERATIVA DE CRÉDITO MÚTUO DOS EMPREGADOS DA SKF E COLIGADAS,196908,B3S,I,2,Cooperativa de Crédito,Mútuo PF sem conta corrente,SP,Cajamar,S5,,,,A
94781788,202506,COOPERATIVA DE CREDITO MUTUO DOS EMPREGADOS DA TERMOLAR S.A.-COTERMO LTDA.,199210,B3S,I,2,Cooperativa de Crédito,,RS,Porto Alegre,,,,,I
05645952,202506,COOPERATIVA DE CRÉDITO MÚTUO DOS EMPREGADOS DAS EMPRESAS DE TRANSPORTE DE PASSAGEIROS DE ITU E REGIÃO - VALECRED,200404,B3S,I,2,Cooperativa de Crédito,,SP,Itu,,,,,I
06369729,202506,"COOPERATIVA DE CRÉDITO MÚTUO DOS EMPREGADOS DAS INDÚSTRIAS DO PAPEL, PAPELÃO E CORTIÇA DE OTACÍLIO COSTA, LAGES E CORREA PINTO - PAPELCREDI",200408,B3S,I,2,Cooperativa de Crédito,Mútuo PF sem conta corrente,SC,Otacílio Costa,S5,,,,A
20833992,202506,COOPERATIVA DE CRÉDITO MÚTUO DOS EMPREGADOS DO CENTRO UNIVERSITÁRIO NEWTON PAIVA LTDA. - CREDIPAIVA,198501,B3S,I,2,Cooperativa de Crédito,Mútuo PF sem conta corrente,MG,Belo Horizonte,S5,,,,A
53264529,202506,COOPERATIVA DE CRÉDITO MÚTUO DOS EMPREGADOS DO GRUPO CLC,198402,B3S,I,2,Cooperativa de Crédito,,SP,Mairinque,,,,,I
23069867,202506,COOPERATIVA DE CRÉDITO MÚTUO DOS EMPREGADOS DO GRUPO NOVELIS DO BRASIL E HINDALCO DO BRASIL LTDA. - COOPA,196910,B3S,I,2,Cooperativa de Crédito,,MG,Ouro Preto,,,,,I
02093154,202506,"COOPERATIVA DE CRÉDITO MÚTUO DOS EMPREGADOS DO MAGAZINE LUIZA, EMPRESAS CONTROLADAS E COLIGADAS - COOPLUIZA",199709,B3S,I,2,Cooperativa de Crédito,Mútuo PF sem conta corrente,SP,Franca,S5,,,,A
05292849,202506,COOPERATIVA DE CRÉDITO MÚTUO DOS EMPREGADOS EM EMPRESAS ADMINISTRADORAS DE AEROPORTOS - AEROCRED,200301,B3S,I,2,Cooperativa de Crédito,Mútuo PF sem conta corrente,SP,Guarulhos,S5,,,,I
03674133,202506,COOPERATIVA DE CRÉDITO MÚTUO DOS EMPREGADOS EM INSTITUIÇÕES DO SISTEMA FINANCEIRO NAS REGIÕES DE SÃO PAULO E CAMPINAS (SP) - CREDISCOOP,200003,B3S,I,2,Cooperativa de Crédito,Mútuo PF sem conta corrente,SP,São Paulo,S5,,,,A
33502345,202506,COOPERATIVA DE CREDITO MUTUO DOS EMPREGADOS EM SERVICOS PUBLICOS DO RIO DE JANEIRO LTDA,196708,B3S,I,2,Cooperativa de Crédito,,RJ,Rio de Janeiro,,,,,I
09818121,202506,COOPERATIVA DE CRÉDITO MÚTUO DOS EMPREGADOS EM USINAS DE AÇÚCAR E ÁLCOOL DE JUNQUEIRÓPOLIS - COOCREALCOOL,180001,B3S,I,2,Cooperativa de Crédito,,SP,Junqueirópolis,,,,,I
07814673,202506,COOPERATIVA DE CRÉDITO MÚTUO DOS EMPREGADOS NA CAIXA ECONÔMICA FEDERAL NO ESTADO DE SÃO PAULO - APCEFCREDI-SP,200603,B3S,I,2,Cooperativa de Crédito,,SP,São Paulo,S5,,,,I
06948735,202506,COOPERATIVA DE CRÉDITO MÚTUO DOS EMPRESÁRIOS DO ABCD PAULISTA - SICREDI ABCD SP,200409,B3S,I,2,Cooperativa de Crédito,,SP,São Bernardo do Campo,,,,,I
10400359,202506,COOPERATIVA DE CRÉDITO MÚTUO DOS EMPRESÁRIOS DO CONE LESTE PAULISTA - SICREDI CONE LESTE SP,200810,B3S,I,2,Cooperativa de Crédito,,SP,Taubaté,,,,,I
08969199,202506,COOPERATIVA DE CRÉDITO MÚTUO DOS EMPRESÁRIOS DO MUNICÍPIO DE GUARULHOS E REGIÃO - COOPERSIGMA,200708,B3S,I,2,Cooperativa de Crédito,,SP,Guarulhos,,,,,I
06970227,202506,COOPERATIVA DE CRÉDITO MÚTUO DOS EMPRESÁRIOS DO SETOR INDUSTRIAL ASSOCIADOS AO CEISE-BR DA ALTA MOGIANA - SICREDI ALTA MOGIANA SP,200409,B3S,I,2,Cooperativa de Crédito,,SP,Sertãozinho,,,,,I
06913907,202506,COOPERATIVA DE CRÉDITO MÚTUO DOS EMPRESÁRIOS DO SETOR INDUSTRIAL ASSOCIADOS AO CIESP DA ALTA NOROESTE DE SÃO PAULO - SICREDI CIESP ALTA NOROESTE,200408,B3S,I,2,Cooperativa de Crédito,,SP,Birigui,,,,,I
02118275,202506,COOPERATIVA DE CRÉDITO MÚTUO DOS ENGENHEIROS E ARQUITETOS DE  JOÃO PESSOA LTDA,199709,B3S,I,2,Cooperativa de Crédito,,PB,João Pessoa,,,,,I
07286250,202506,COOPERATIVA DE CRÉDITO MÚTUO DOS ESTIVADORES DE ITAJAÍ - ESTIVACREDI,200506,B3S,I,2,Cooperativa de Crédito,,SC,Itajaí,,,,,I
05165103,202506,COOPERATIVA DE CRÉDITO MÚTUO DOS FUNCIONÁRIOS DA CAMDA-COCREALPA - CREDI-CAMDA,200301,B3S,I,2,Cooperativa de Crédito,,SP,Adamantina,S5,,,,I
01523675,202506,COOPERATIVA DE CRÉDITO MÚTUO DOS FUNCIONÁRIOS DA COOPERATIVA DOS CAFEICULTORES DA REGIÃO DE MARÍLIA,199610,B3S,I,2,Cooperativa de Crédito,,SP,Marília,,,,,I
01380386,202506,COOPERATIVA DE CRÉDITO MÚTUO DOS FUNCIONÁRIOS DA EDITORA GLOBO - CREDGLOBO,199607,B3S,I,2,Cooperativa de Crédito,,SP,São Paulo,,,,,I
03361439,202506,COOPERATIVA DE CRÉDITO MÚTUO DOS FUNCIONÁRIOS DA ENCOM ENGENHARIA - CREDENCOM,199909,B3S,I,2,Cooperativa de Crédito,,DF,Brasília,,,,,I
45421856,202506,COOPERATIVA DE CRÉDITO MÚTUO DOS FUNCIONÁRIOS DA FÁBRICA DE CIMENTO VOTORAN,197310,B3S,I,2,Cooperativa de Crédito,,SP,Votorantim,S5,,,,I
05747018,202506,"COOPERATIVA DE CRÉDITO MÚTUO DOS FUNCIONÁRIOS DA FIEPB, SESI, SENAI, IEL E DO CONDOMÍNIO EDIFÍCIO AGOSTINHO VELLOSO DA SILVEIRA (CEAVS  - CREDFISP LTDA.",200309,B3S,I,2,Cooperativa de Crédito,Mútuo PF sem conta corrente,PB,Campina Grande,S5,,,,A
02380717,202506,COOPERATIVA DE CRÉDITO MÚTUO DOS FUNCIONÁRIOS DA JUNTA  COMERCIAL DO ESTADO DA PARAÍBA LTDA,199802,B3S,I,2,Cooperativa de Crédito,,PB,João Pessoa,,,,,I
13056056,202506,COOPERATIVA DE CRÉDITO MÚTUO DOS FUNCIONÁRIOS DA NOVELIS ARATU,197307,B3S,I,2,Cooperativa de Crédito,,BA,Candeias,,,,,I
06077760,202506,COOPERATIVA DE CRÉDITO MÚTUO DOS FUNCIONÁRIOS DA RICLAN,200402,B3S,I,2,Cooperativa de Crédito,Mútuo PF sem conta corrente,SP,Rio Claro,S5,,,,A
80403306,202506,COOPERATIVA DE CRÉDITO MÚTUO DOS FUNCIONÁRIOS DA SADIA - SICREDI COOFATO,198908,B3S,I,2,Cooperativa de Crédito,,PR,Toledo,,,,,I
03480988,202506,COOPERATIVA DE CRÉDITO MÚTUO DOS FUNCIONÁRIOS DA USINA SANTA CRUZ - COPACRED,199910,B3S,I,2,Cooperativa de Crédito,,SP,Américo Brasiliense,,,,,I
38063897,202506,COOPERATIVA DE CRÉDITO MÚTUO DOS FUNCIONÁRIOS DA VIACAO PLANETA DO DISTRITO FEDERAL LTDA,180001,B3S,I,2,Cooperativa de Crédito,,DF,Brasília,,,,,I
53932869,202506,COOPERATIVA DE CRÉDITO MÚTUO DOS FUNCIONÁRIOS DAS EMPRESAS FERROVIÁRIAS NO ESTADO DE SÃO PAULO,198410,B3S,I,2,Cooperativa de Crédito,Mútuo PF sem conta corrente,SP,Osasco,S5,,,,A
68986330,202506,"COOPERATIVA DE CRÉDITO MÚTUO DOS FUNCIONÁRIOS DAS EMPRESAS HIDROPLAS S/A, BORDOPLAS BRASIL LTDA, EME 4 INDÚSTRIA E COMÉRCIO DE PLÁSTICOS LTDA E BRASHIDRO S/A INDÚSTRIA E COMÉRCIO.",199209,B3S,I,2,Cooperativa de Crédito,,SP,Botucatu,,,,,I
09720794,202506,COOPERATIVA DE CRÉDITO MÚTUO DOS INTEGRANTES DA DEFENSORIA PÚBLICA DO ESTADO DO RIO DE JANEIRO LIMITADA - COODPERJ,200807,B3S,I,2,Cooperativa de Crédito,,RJ,Rio de Janeiro,,,,,I
05689508,202506,"COOPERATIVA DE CRÉDITO MÚTUO DOS MAGISTRADOS, PROMOTORES, SERVENTUÁRIOS DO MINISTÉRIO PÚBLICO E DA JUSTIÇA DA CIDADE DO SALVADOR E REGIÃO METROPOLITANA",200306,B3S,I,2,Cooperativa de Crédito,,BA,Salvador,,,,,I
69321644,202506,COOPERATIVA DE CRÉDITO MÚTUO DOS MÉDICOS DE JUNDIAÍ E REGIÃO - COOPCREM,199302,B3S,I,2,Cooperativa de Crédito,,SP,Jundiaí,,,,,I
03001648,202506,COOPERATIVA DE CRÉDITO MÚTUO DOS MÉDICOS E DEMAIS PROFISSIONAIS DE NÍVEL SUPERIOR DA SAÚDE DA REGIÃO DE SÃO JOÃO DA BOA VISTA - SICREDI LESTE PAULISTA SP,199903,B3S,I,2,Cooperativa de Crédito,,SP,São João da Boa Vista,,,,,I
05742404,202506,"COOPERATIVA DE CRÉDITO MÚTUO DOS MILITARES DA ATIVA E DA RESERVA REMUNERADA, REFORMADOS, PENSIONISTAS E EXPEDICIONÁRIOS DAS FORÇAS ARMADAS - BS",200312,B3S,I,2,Cooperativa de Crédito,,SP,São Vicente,,,,,I
09777304,202506,COOPERATIVA DE CREDITO MUTUO DOS MILITARES E SERVIDORES PUBLICOS,180001,B3S,I,2,Cooperativa de Crédito,,,,,,,,I
10484001,202506,COOPERATIVA DE CRÉDITO MÚTUO DOS POLICIAIS FEDERAIS E SERVIDORES DA UNIÃO EM PERNAMBUCO - FEDERALCRED,200901,B3S,I,2,Cooperativa de Crédito,,PE,Recife,,,,,I
02339371,202506,COOPERATIVA DE CRÉDITO MÚTUO DOS POLICIAIS FEDERAIS E SERVIDORES DA UNIÃO NO ESTADO DE GOIÁS - FEDERALCRED,199712,B3S,I,2,Cooperativa de Crédito,,GO,Goiânia,,,,,I
02083914,202506,COOPERATIVA DE CRÉDITO MÚTUO DOS POLICIAIS FEDERAIS E SERVIDORES PÚBLICOS NO ESPÍRITO SANTO - CREDFEDERAL,199708,B3S,I,2,Cooperativa de Crédito,Mútuo PF com conta corrente,ES,Vila Velha,S5,,,,A
05369422,202506,COOPERATIVA DE CRÉDITO MÚTUO DOS POLICIAIS FEDERAIS EM MINAS GERAIS - FEDERALCRED,200301,B3S,I,2,Cooperativa de Crédito,,MG,Belo Horizonte,,,,,I
09586871,202506,COOPERATIVA DE CRÉDITO MÚTUO DOS POLICIAIS FEDERAIS EM SERGIPE - FEDERALCRED,200807,B3S,I,2,Cooperativa de Crédito,,SE,Aracaju,,,,,I
09599126,202506,COOPERATIVA DE CRÉDITO MÚTUO DOS POLICIAIS FEDERAIS NA BAHIA - FEDERALCRED,200806,B3S,I,2,Cooperativa de Crédito,,BA,Salvador,,,,,I
08237246,202506,COOPERATIVA DE CRÉDITO MÚTUO DOS POLICIAIS FEDERAIS NO RIO GRANDE DO NORTE - FEDERALCRED,200611,B3S,I,2,Cooperativa de Crédito,,RN,Natal,,,,,I
07030145,202506,COOPERATIVA DE CRÉDITO MÚTUO DOS PRAÇAS E OFICIAIS DA POLÍCIA MILITAR DO ESTADO DE SÃO PAULO - COOPERACS- SP,200502,B3S,I,2,Cooperativa de Crédito,,SP,São Paulo,S5,,,,I
04802000,202506,COOPERATIVA DE CRÉDITO MÚTUO DOS PROFESSORES E FUNCIONÁRIOS DO CENTRO UNIVERSITÁRIO FEEVALE,200201,B3S,I,2,Cooperativa de Crédito,,RS,Novo Hamburgo,,,,,I
04204721,202506,"COOPERATIVA DE CRÉDITO MÚTUO DOS PROFISSIONAIS DA ÁREA DA SAÚDE E DOS PEQUENOS EMPRESÁRIOS, MICROEMPRESÁRIOS E MICROEMPREENDEDORES DO CENTRO LESTE PAULISTA -SICREDI INTEGRADAS CENTRO LESTE PAULISTA SP",200101,B3S,I,2,Cooperativa de Crédito,,SP,Limeira,,,,,I
08452935,202506,COOPERATIVA DE CREDITO MUTUO DOS PROFISSIONAIS DA PANIFICAÇÃO E CONFEITARIA DA REGIÃO METROPOLITANA DE SÃO PAULO - SICOOB COOPERPAN,200708,B3S,I,2,Cooperativa de Crédito,,SP,São Paulo,,,,,I
03112504,202506,COOPERATIVA DE CRÉDITO MÚTUO DOS PROFISSIONAIS DA SAÚDE DE ASSIS E REGIÃO,199904,B3S,I,2,Cooperativa de Crédito,,SP,Assis,,,,,I
02988257,202506,COOPERATIVA DE CREDITO MUTUO DOS PROFISSIONAIS DA SAUDE DE CURITIBA,199904,B3S,I,2,Cooperativa de Crédito,,PR,Curitiba,,,,,I
01709266,202506,COOPERATIVA DE CRÉDITO MÚTUO DOS PROFISSIONAIS DA SAÚDE E LIVRE ADMISSÃO DE TEÓFILO OTONI LTDA. - UNICRED TRÊS VALES,199704,B3S,I,2,Cooperativa de Crédito,Mútuo com relevância em PJ,MG,Teófilo Otoni,S5,,,,A
04791645,202506,COOPERATIVA DE CRÉDITO MÚTUO DOS SERVIDORES DA ASSEMBLEIA LEGISLATIVA DO ESTADO DE SÃO PAULO - COOPERALESP,200202,B3S,I,2,Cooperativa de Crédito,Mútuo PF sem conta corrente,SP,São Paulo,S5,,,,A
08278537,202506,COOPERATIVA DE CRÉDITO MÚTUO DOS SERVIDORES DA PREVIDÊNCIA SOCIAL DO ESTADO DE SÃO PAULO - COOPERPREV,180001,B3S,I,2,Cooperativa de Crédito,,SP,São Paulo,,,,,I
04804353,202506,COOPERATIVA DE CRÉDITO MÚTUO DOS SERVIDORES DA SEGURANÇA PÚBLICA DE SÃO PAULO - CREDIAFAM,200112,B3S,I,2,Cooperativa de Crédito,Mútuo PF sem conta corrente,SP,São Paulo,S5,,,,A
38060554,202506,COOPERATIVA DE CRÉDITO MÚTUO DOS SERVIDORES DA SOCIEDADE DE TRANSPORTES COLETIVOS DE BRASILIA LTDA,199405,B3S,I,2,Cooperativa de Crédito,,DF,Brasília,,,,,I
13782900,202506,COOPERATIVA DE CRÉDITO MÚTUO DOS SERVIDORES DA UNIÃO NO PARANÁ E EM SANTA CATARINA - FEDERALCRED SUL,201107,B3S,I,2,Cooperativa de Crédito,,PR,Curitiba,,,,,I
03277088,202506,COOPERATIVA DE CRÉDITO MÚTUO DOS SERVIDORES DA UNIMONTES E 22A SRE - COOPERMONTES LTDA,199907,B3S,I,2,Cooperativa de Crédito,,MG,Montes Claros,,,,,I
53800488,202506,COOPERATIVA DE CRÉDITO MÚTUO DOS SERVIDORES DE ÓRGAOS GESTORES DE RECURSOS HÍDRICOS DO ESTADO DE SÃO PAULO - COOPERHIDRO,198409,B3S,I,2,Cooperativa de Crédito,Mútuo PF sem conta corrente,SP,São Paulo,S5,,,,A
46104816,202506,COOPERATIVA DE CRÉDITO MÚTUO DOS SERVIDORES DO D.E.R. LTDA.,196910,B3S,I,2,Cooperativa de Crédito,,SP,Campinas,,,,,I
36895670,202506,COOPERATIVA DE CREDITO MUTUO DOS SERVIDORES DO INCRA-MT LTDA,199204,B3S,I,2,Cooperativa de Crédito,,MT,Cuiabá,,,,,I
37433448,202506,"COOPERATIVA DE CRÉDITO MÚTUO DOS SERVIDORES DO INSTITUTO FEDERAL DE EDUCAÇÃO, CIÊNCIA E TECNOLOGIA DE MATO GROSSO - SICOOB COOPERTEC",199207,B3S,I,2,Cooperativa de Crédito,,MT,Cuiabá,,,,,I
73092827,202506,COOPERATIVA DE CRÉDITO MÚTUO DOS SERVIDORES DO MINISTERIO DA EDUCAÇÃO EM SÃO PAULO - COOPEMESP,199310,B3S,I,2,Cooperativa de Crédito,Mútuo PF com conta corrente,SP,São Paulo,S5,,,,A
04160724,202506,COOPERATIVA DE CRÉDITO MÚTUO DOS SERVIDORES DO MINISTÉRIO DA SAÚDE E DA ADVOCACIA GERAL DA UNIÃO NO PARÁ - COOSEMS,200006,B3S,I,2,Cooperativa de Crédito,,PA,Belém,,,,,I
05728016,202506,COOPERATIVA DE CRÉDITO MÚTUO DOS SERVIDORES DO MINISTÉRIO DA SAÚDE EM MACEIÓ - SAUDECRED,200307,B3S,I,2,Cooperativa de Crédito,,AL,Maceió,S5,,,,I
02899661,202506,COOPERATIVA DE CRÉDITO MÚTUO DOS SERVIDORES E MAGISTRADOS DO JUDICIÁRIO FEDERAL DO ESTADO DE SÃO PAULO - COOPERJUSP,199812,B3S,I,2,Cooperativa de Crédito,,SP,Campinas,,,,,I
02275781,202506,COOPERATIVA DE CRÉDITO MÚTUO DOS SERVIDORES FEDERAIS NA PARAÍBA - SICOOB COOPERCRET,199712,B3S,I,2,Cooperativa de Crédito,Mútuo PF com conta corrente,PB,João Pessoa,S5,,,,A
05969937,202506,COOPERATIVA DE CRÉDITO MÚTUO DOS SERVIDORES MUNICIPAIS DE BEBEDOURO - COOCRESB.,200405,B3S,I,2,Cooperativa de Crédito,Mútuo PF com conta corrente,SP,Bebedouro,S5,,,,A
74248949,202506,COOPERATIVA DE CRÉDITO MÚTUO DOS SERVIDORES MUNICIPAIS DE SÃO JOÃO DA BOA VISTA - CREDIVISTA,199312,B3S,I,2,Cooperativa de Crédito,Mútuo PF com conta corrente,SP,São João da Boa Vista,S5,,,,A
70431317,202506,COOPERATIVA DE CREDITO MUTUO DOS SERVIDORES MUNICIPAIS DO VALE DO PEIXOTO LTDA,199309,B3S,I,2,Cooperativa de Crédito,,MT,Peixoto de Azevedo,,,,,I
03612679,202506,COOPERATIVA DE CRÉDITO MÚTUO DOS SERVIDORES PÚBLICOS - CREDI-SP,200003,B3S,I,2,Cooperativa de Crédito,Mútuo PF sem conta corrente,SP,São Bernardo do Campo,S5,,,,A
01582068,202506,COOPERATIVA DE CRÉDITO MÚTUO DOS SERVIDORES PÚBLICOS AUTÁRQUICOS E CÂMARA MUNICIPAL DE MAUÁ - MAUACOOPER,199612,B3S,I,2,Cooperativa de Crédito,,SP,Mauá,,,,,I
04587402,202506,COOPERATIVA DE CRÉDITO MÚTUO DOS SERVIDORES PÚBLICOS DA ESTÂNCIA TURÍSTICA DE RIBEIRÃO PIRES - CREDIRP,200112,B3S,I,2,Cooperativa de Crédito,,SP,Ribeirão Pires,,,,,I
04665046,202506,COOPERATIVA DE CREDITO MUTUO DOS SERVIDORES PUBLICOS DA PREFEITURA DA CIDADE DO RJ-POUPRIO,200109,B3S,I,2,Cooperativa de Crédito,,RJ,Rio de Janeiro,,,,,I
07226799,202506,COOPERATIVA DE CRÉDITO MÚTUO DOS SERVIDORES PUBLICOS DE MINEIROS/GOIÁS,200504,B3S,I,2,Cooperativa de Crédito,,GO,Mineiros,,,,,I
03249640,202506,COOPERATIVA DE CREDITO MUTUO DOS SERVIDORES PUBLICOS DE PLANALTO,199907,B3S,I,2,Cooperativa de Crédito,,PR,Planalto,,,,,I
02191265,202506,COOPERATIVA DE CRÉDITO MÚTUO DOS SERVIDORES PÚBLICOS DO MUNICÍPIO DE BAURU - CREDISERV,199711,B3S,I,2,Cooperativa de Crédito,,SP,Bauru,,,,,I
04219215,202506,"COOPERATIVA DE CREDITO MUTUO DOS SERVIDORES PÚBLICOS ESTADUAIS CIVIS,MILITARES E PENSIONISTAS EM ARARAQUARA E REGIÃO, SERVIDORES E MAGISTRADOS  JUDICIÁRIO FEDERAL NO ESTADO DE SÃO PAULO-SICOOB COOPARA",200101,B3S,I,2,Cooperativa de Crédito,,SP,Araraquara,S5,,,,I
03711697,202506,COOPERATIVA DE CREDITO MUTUO DOS SERVIDORES PUBLICOS ESTADUAIS DE LONDRINA E REGIAO,200005,B3S,I,2,Cooperativa de Crédito,,PR,Londrina,,,,,I
02750363,202506,COOPERATIVA DE CRÉDITO MÚTUO DOS SERVIDORES PÚBLICOS ESTADUAIS DO MUNICÍPIO DE SÃO PAULO E MUNICÍPIOS LIMÍTROFES,199808,B3S,I,2,Cooperativa de Crédito,,SP,São Paulo,,,,,I
08809060,202506,COOPERATIVA DE CRÉDITO MÚTUO DOS SERVIDORES PÚBLICOS MUNICIPAIS DE BARRETOS - CREDISERV BARRETOS,200709,B3S,I,2,Cooperativa de Crédito,,SP,Barretos,,,,,I
00881829,202506,COOPERATIVA DE CRÉDITO MÚTUO DOS SERVIDORES PÚBLICOS MUNICIPAIS DE JABOTICABAL - COOPERSERV,199410,B3S,I,2,Cooperativa de Crédito,Mútuo PF sem conta corrente,SP,Jaboticabal,S5,,,,I
06982955,202506,COOPERATIVA DE CRÉDITO MÚTUO DOS SERVIDORES PÚBLICOS NA REGIÃO METROPOLITANA DE SÃO PAULO,200411,B3S,I,2,Cooperativa de Crédito,,SP,São Paulo,,,,,I
09418427,202506,COOPERATIVA DE CRÉDITO MÚTUO DOS SÓCIOS DA ASSOCIAÇÃO DOS CICLISTAS CEARENSES LTDA,196806,B3S,I,2,Cooperativa de Crédito,,CE,Fortaleza,,,,,I
06212204,202506,COOPERATIVA DE CRÉDITO MÚTUO DOS SUBTENENTES E SARGENTOS DA POLÍCIA MILITAR DO ESTADO DE SÃO PAULO - COOPERASSE - SP,180001,B3S,I,2,Cooperativa de Crédito,,SP,São Paulo,,,,,I
08227676,202506,COOPERATIVA DE CRÉDITO MÚTUO DOS TRABALHADORES DO SETOR AEROESPACIAL DE SÃO JOSE DOS CAMPOS - COSAE,200610,B3S,I,2,Cooperativa de Crédito,,SP,São José dos Campos,S5,,,,I
06942423,202506,COOPERATIVA DE CRÉDITO MÚTUO DOS TRABALHADORES DO SISTEMA FINANCEIRO DE CURITIBA E REGIÃO - COOPCREFI,200503,B3S,I,2,Cooperativa de Crédito,Mútuo PF sem conta corrente,PR,Curitiba,S5,,,,A
06049517,202506,COOPERATIVA DE CRÉDITO MÚTUO DOS TRABALHADORES EM ESTABELECIMENTOS DE ENSINO DE PRESIDENTE PRUDENTE E REGIÃO,200402,B3S,I,2,Cooperativa de Crédito,,SP,Presidente Prudente,,,,,I
13081722,202506,COOPERATIVA DE CRÉDITO MÚTUO DOS TRANSPORTADORES DE CARGAS FILIADOS AOS SINDICATOS INTEGRANTES DA FETCESP - FEDERAÇÃO DAS EMPRESAS DE TRANSPORTES DE CARGAS DO ESTADO DE SÃO PAULO - SICREDI FETCOOP SP,201102,B3S,I,2,Cooperativa de Crédito,,SP,São Paulo,,,,,I
86803939,202506,COOPERATIVA DE CRÉDITO MÚTUO SERRA MAR LTDA. - UNICRED SERRA MAR,199405,B3S,I,2,Cooperativa de Crédito,,RJ,Rio de Janeiro,S5,,,,I
05477038,202506,COOPERATIVA DE CRÉDITO NO PIAUÍ - SICOOB PIAUÍ,200305,B3S,I,2,Cooperativa de Crédito,Mútuo com relevância em PJ,PI,Teresina,S5,,,,A
86564051,202506,COOPERATIVA DE CRÉDITO NOROESTE DE MINAS LTDA. - SICOOB NOROESTE DE MINAS,199409,B3S,I,2,Cooperativa de Crédito,Crédito misto,MG,Unaí,S5,,,,A
31815293,202506,COOPERATIVA DE CRÉDITO NORTE DO ESPÍRITO SANTO - SICOOB NORTE,198907,B3S,I,2,Cooperativa de Crédito,,ES,São Gabriel da Palha,S5,,,,I
03419786,202506,COOPERATIVA DE CRÉDITO NOSSA SENHORA DO DESTERRO - SICOOB CREDISC,199911,B3S,I,2,Cooperativa de Crédito,Mútuo PF com conta corrente,SC,Florianópolis,S5,,,,A
59869560,202506,COOPERATIVA DE CREDITO NOSSO - SICOOB NOSSO,198901,B3S,I,2,Cooperativa de Crédito,Crédito misto,SP,Adamantina,S5,,,,A
22760839,202506,COOPERATIVA DE CRÉDITO NOSSOCRÉDITO LTDA - SICOOB NOSSOCRÉDITO,198707,B3S,I,2,Cooperativa de Crédito,Mútuo com financiamento relevante,MG,São Sebastião do Paraíso,S5,,,,A
81292278,202506,COOPERATIVA DE CRÉDITO ORIGINAL - SICOOB ORIGINAL,198907,B3S,I,2,Cooperativa de Crédito,Crédito rural,SC,São Lourenço do Oeste,S5,,,,A
09777303,202506,COOPERATIVA DE CREDITO POPULAR CAPITAL BANDEIRANTE - SOC. RESPONSABILIDADE LTDA,180001,B3S,I,2,Cooperativa de Crédito,,,,,,,,I
10350684,202506,COOPERATIVA DE CRÉDITO POPULAR DE GRAVATÁ - SICOOB COOPERCRÉDITO,196612,B3S,I,2,Cooperativa de Crédito,,PE,Gravatá,,,,,I
53224630,202506,COOPERATIVA DE CRÉDITO POPULAR DE OLÍMPIA,196705,B3S,I,2,Cooperativa de Crédito,,SP,São José do Rio Preto,,,,,I
02382755,202506,COOPERATIVA DE CREDITO POTIGUAR - SICOOB POTIGUAR,199802,B3S,I,2,Cooperativa de Crédito,Mútuo com relevância em PJ,RN,Natal,S5,,,,A
04484490,202506,COOPERATIVA DE CRÉDITO POUPANÇA E INVESTIMENTO DA ALTA NOROESTE DE SÃO PAULO - SICREDI ALTA NOROESTE SP,200108,B3S,I,2,Cooperativa de Crédito,Mútuo com relevância em PJ,SP,Birigui,S4,,,,A
26408187,202506,COOPERATIVA DE CRÉDITO POUPANÇA E INVESTIMENTO PANTANAL DO MATO GROSSO DO SUL - SICREDI PANTANAL MS,198909,B3S,I,2,Cooperativa de Crédito,Mútuo com relevância em PJ,MS,Maracaju,S4,,,,A
44469161,202506,COOPERATIVA DE CRÉDITO PRO,197506,B3S,I,2,Cooperativa de Crédito,Crédito misto,SP,Guariba,S4,,,,A
02057470,202506,COOPERATIVA DE CRÉDITO PRODUTORES RURAIS DE GURINHATA LTDA,199709,B3S,I,2,Cooperativa de Crédito,,MG,Gurinhatã,,,,,I
87510475,202506,COOPERATIVA DE CRÉDITO ROTA DAS TERRAS - SICREDI ROTA DAS TERRAS RS/MG,198104,B3S,I,2,Cooperativa de Crédito,Crédito rural,RS,Tapera,S4,,,,A
93119378,202506,COOPERATIVA DE CREDITO RURAL  TUCUNDUVA LTDA,199001,B3S,I,2,Cooperativa de Crédito,,RS,Tucunduva,,,,,I
74365354,202506,COOPERATIVA DE CRÉDITO RURAL AGRO-PECUÁRIA DO SUDOESTE PAULISTA,199403,B3S,I,2,Cooperativa de Crédito,,SP,Sorocaba,,,,,I
02585998,202506,COOPERATIVA DE CREDITO RURAL ANITA GARIBALDI,180001,B3S,I,2,Cooperativa de Crédito,,SC,Anita Garibaldi,,,,,I
09244973,202506,COOPERATIVA DE CRÉDITO RURAL ASCOOB COOPEC - ASCOOB COOPEC,200801,B3S,I,2,Cooperativa de Crédito,,SE,Poço Verde,S5,,,,I
03087263,202506,COOPERATIVA DE CRÉDITO RURAL ASCOOB COSTA DO DENDÊ,199807,B3S,I,2,Cooperativa de Crédito,,BA,Valença,,,,,I
05602448,202506,COOPERATIVA DE CREDITO RURAL ASCOOB CREDIMONTE,200307,B3S,I,2,Cooperativa de Crédito,,BA,Jacobina,,,,,I
03921543,202506,COOPERATIVA DE CRÉDITO RURAL ASCOOB ITAPICURU - ASCOOB ITAPICURU.,200009,B3S,I,2,Cooperativa de Crédito,,BA,Santaluz,S5,,,,I
04588258,202506,COOPERATIVA DE CRÉDITO RURAL ASCOOB PARAGUASSU,200204,B3S,I,2,Cooperativa de Crédito,,BA,Governador Mangabeira,S5,,,,I
07564184,202506,COOPERATIVA DE CRÉDITO RURAL ASCOOB SERTÕES - ASCOOB SERTÕES,200510,B3S,I,2,Cooperativa de Crédito,,AL,Pão de Açúcar,S5,,,,I
63229629,202506,COOPERATIVA DE CREDITO RURAL ASCOOB SISAL,199203,B3S,I,2,Cooperativa de Crédito,,BA,Serrinha,S5,,,,I
04368521,202506,COOPERATIVA DE CRÉDITO RURAL BAIXA GRANDE - SICOOB GRANDE,200107,B3S,I,2,Cooperativa de Crédito,,BA,Baixa Grande,,,,,I
01499061,202506,COOPERATIVA DE CRÉDITO RURAL BOM JESUS DA LAPA,199703,B3S,I,2,Cooperativa de Crédito,,BA,Bom Jesus da Lapa,,,,,I
00071717,202506,COOPERATIVA DE CRÉDITO RURAL BRUMADENSE LTDA,199406,B3S,I,2,Cooperativa de Crédito,,BA,Brumado,,,,,I
32620999,202506,COOPERATIVA DE CRÉDITO RURAL CAMACA LTDA,198901,B3S,I,2,Cooperativa de Crédito,,BA,Camacan,,,,,I
48641880,202506,COOPERATIVA DE CRÉDITO RURAL CAMPINAS LTDA,197610,B3S,I,2,Cooperativa de Crédito,,SP,Campinas,,,,,I
24617789,202506,COOPERATIVA DE CREDITO RURAL CAMPO GRANDE LTDA,198902,B3S,I,2,Cooperativa de Crédito,,MS,Campo Grande,,,,,I
76791128,202506,COOPERATIVA DE CREDITO RURAL CAPEG LTDA,198305,B3S,I,2,Cooperativa de Crédito,,PR,Pato Branco,,,,,I
00315406,202506,COOPERATIVA DE CRÉDITO RURAL CAZOLA - SICOOB CREDICAZOLA,199501,B3S,I,2,Cooperativa de Crédito,,SP,Lucélia,,,,,I
78717469,202506,COOPERATIVA DE CREDITO RURAL CENTRO NORTE DO PARANA,198401,B3S,I,2,Cooperativa de Crédito,,PR,Apucarana,,,,,I
74040056,202506,COOPERATIVA DE CRÉDITO RURAL CERRADO - SICREDI CERRADO,199402,B3S,I,2,Cooperativa de Crédito,,MT,Campo Verde,,,,,I
60793148,202506,COOPERATIVA DE CRÉDITO RURAL COLABA,199002,B3S,I,2,Cooperativa de Crédito,,SP,Batatais,,,,,I
05138766,202506,COOPERATIVA DE CRÉDITO RURAL COM INTERAÇÃO SOLIDÁRIA ALIANÇA - CRESOL ALIANÇA,200208,B3S,I,2,Cooperativa de Crédito,,PR,Pérola d'Oeste,,,,,I
06100881,202506,COOPERATIVA DE CRÉDITO RURAL COM INTERAÇÃO SOLIDÁRIA CÂNDIDO DE ABREU - CRESOL CÂNDIDO DE ABREU,200404,B3S,I,2,Cooperativa de Crédito,,PR,Cândido de Abreu,,,,,I
05220232,202506,COOPERATIVA DE CREDITO RURAL COM INTERACAO SOLIDARIA CONEXÕES -CRESOL CONEXÕES,200208,B3S,I,2,Cooperativa de Crédito,,RS,Santa Maria,S5,,,,I
03190530,202506,COOPERATIVA DE CRÉDITO RURAL COM INTERAÇÃO SOLIDÁRIA DA FRONTEIRA - CRESOL FRONTEIRA,199907,B3S,I,2,Cooperativa de Crédito,,PR,Pranchita,,,,,I
11300087,202506,COOPERATIVA DE CRÉDITO RURAL COM INTERAÇÃO SOLIDÁRIA DA QUARTA COLONIA - CRESOL QUARTA COLONIA,201003,B3S,I,2,Cooperativa de Crédito,,RS,Faxinal do Soturno,,,,,I
07208637,202506,COOPERATIVA DE CREDITO RURAL COM INTERAÇÃO SOLIDARIA DA ZONA DA MATA - CRESOL ZONA DA MATA,200502,B3S,I,2,Cooperativa de Crédito,,MG,Tombos,S5,,,,I
07396258,202506,COOPERATIVA DE CRÉDITO RURAL COM INTERAÇÃO SOLIDÁRIA DE ADRIANÓPOLIS - CRESOL ADRIANÓPOLIS,200508,B3S,I,2,Cooperativa de Crédito,,PR,Adrianópolis,,,,,I
07514202,202506,COOPERATIVA DE CRÉDITO RURAL COM INTERAÇÃO SOLIDÁRIA DE ÁGUAS DE CHAPECÓ - CRESOL ÁGUAS DE CHAPECÓ,200508,B3S,I,2,Cooperativa de Crédito,,SC,Águas de Chapecó,,,,,I
12095687,202506,COOPERATIVA DE CRÉDITO RURAL COM INTERAÇÃO SOLIDÁRIA DE ALTÔNIA - CRESOL ALTÔNIA,201008,B3S,I,2,Cooperativa de Crédito,,PR,Altônia,,,,,I
03066193,202506,COOPERATIVA DE CREDITO RURAL COM INTERACAO SOLIDARIA DE AMPERE - CRESOL AMPERE,199906,B3S,I,2,Cooperativa de Crédito,,PR,Ampére,,,,,I
07016503,202506,COOPERATIVA DE CRÉDITO RURAL COM INTERAÇÃO SOLIDÁRIA DE ARAPONGA - CRESOL ARAPONGA,200411,B3S,I,2,Cooperativa de Crédito,,MG,Araponga,S5,,,,I
03285967,202506,COOPERATIVA DE CRÉDITO RURAL COM INTERAÇÃO SOLIDARIA DE BARRACÃO   CRE$OL BARRACÃO,199908,B3S,I,2,Cooperativa de Crédito,,PR,Barracão,,,,,I
07312152,202506,COOPERATIVA DE CRÉDITO RURAL COM INTERAÇÃO SOLIDÁRIA DE BELA VISTA DA CAROBA - CRESOL BELA VISTA DA CAROBA,200504,B3S,I,2,Cooperativa de Crédito,,PR,Bela Vista da Caroba,,,,,I
06115743,202506,COOPERATIVA DE CRÉDITO RURAL COM INTERAÇÃO SOLIDÁRIA DE BOA VENTURA DE SÃO ROQUE - CRESOL BOA VENTURA DE SÃO ROQUE,200404,B3S,I,2,Cooperativa de Crédito,,PR,Boa Ventura de São Roque,,,,,I
04929712,202506,COOPERATIVA DE CREDITO RURAL COM INTERACAO SOLIDARIA DE BOA VISTA-CRESOL BOA VISTA,200203,B3S,I,2,Cooperativa de Crédito,,RS,São Lourenço do Sul,,,,,I
08658915,202506,COOPERATIVA DE CRÉDITO RURAL COM INTERAÇÃO SOLIDÁRIA DE BOM CONSELHO - CRESOL BOM CONSELHO,200705,B3S,I,2,Cooperativa de Crédito,,PE,Bom Conselho,,,,,I
04599400,202506,COOPERATIVA DE CREDITO RURAL COM INTERACAO SOLIDARIA DE CAMPO NOVO-CRESOL CAMPO NOVO,200108,B3S,I,2,Cooperativa de Crédito,,RS,Campo Novo,,,,,I
03356447,202506,COOPERATIVA DE CREDITO RURAL COM INTERACAO SOLIDARIA DE CANDOI - CRESOL CANDOI,199910,B3S,I,2,Cooperativa de Crédito,,PR,Candói,,,,,I
05132104,202506,COOPERATIVA DE CREDITO RURAL COM INTERAÇÃO SOLIDARIA DE CANGUÇU - CRESOL SUL,200207,B3S,I,2,Cooperativa de Crédito,,RS,Canguçu,S5,,,,I
01201006,202506,COOPERATIVA DE CRÉDITO RURAL COM INTERAÇÃO SOLIDÁRIA DE CAPANEMA - CRESOL CAPANEMA,199605,B3S,I,2,Cooperativa de Crédito,,PR,Capanema,S5,,,,I
07407136,202506,COOPERATIVA DE CRÉDITO RURAL COM INTERAÇÃO SOLIDÁRIA DE CASTRO - CRESOL CASTRO,200507,B3S,I,2,Cooperativa de Crédito,,PR,Castro,,,,,I
08239542,202506,COOPERATIVA DE CRÉDITO RURAL COM INTERAÇÃO SOLIDÁRIA DE CERRO LARGO - CRESOL CERRO LARGO,200608,B3S,I,2,Cooperativa de Crédito,,RS,Cerro Largo,,,,,I
02511232,202506,COOPERATIVA DE CREDITO RURAL COM INTERACAO SOLIDARIA DE CHOPINZINHO - CRESOL CHOPINZINHO,199805,B3S,I,2,Cooperativa de Crédito,,PR,Chopinzinho,,,,,I
08801139,202506,COOPERATIVA DE CRÉDITO RURAL COM INTERAÇÃO SOLIDÁRIA DE CLEVELÂNDIA - CRESOL CLEVELÂNDIA,200707,B3S,I,2,Cooperativa de Crédito,,PR,Clevelândia,,,,,I
08574988,202506,COOPERATIVA DE CRÉDITO RURAL COM INTERAÇÃO SOLIDÁRIA DE CONTENDA - CRESOL CONTENDA,200704,B3S,I,2,Cooperativa de Crédito,,PR,Contenda,,,,,I
07286011,202506,COOPERATIVA DE CRÉDITO RURAL COM INTERAÇÃO SOLIDÁRIA DE CORONEL DOMINGOS SOARES - CRESOL CORONEL DOMINGOS SOARES,200504,B3S,I,2,Cooperativa de Crédito,,PR,Coronel Domingos Soares,,,,,I
08812388,202506,COOPERATIVA DE CRÉDITO RURAL COM INTERAÇÃO SOLIDÁRIA DE ENÉAS MARQUES - CRESOL ENÉAS MARQUES,200706,B3S,I,2,Cooperativa de Crédito,,PR,Enéas Marques,,,,,I
02698001,202506,COOPERATIVA DE CREDITO RURAL COM INTERACAO SOLIDARIA DE FRANCISCO BELTRAO - CRESOL FRANCISCO BELTRAO,199808,B3S,I,2,Cooperativa de Crédito,,PR,Francisco Beltrão,,,,,I
06890201,202506,COOPERATIVA DE CRÉDITO RURAL COM INTERAÇÃO SOLIDÁRIA DE FREI ROGÉRIO - CRESOL FREI ROGÉRIO,200409,B3S,I,2,Cooperativa de Crédito,,SC,Frei Rogério,,,,,I
05121687,202506,COOPERATIVA DE CREDITO RURAL COM INTERACAO SOLIDARIA DE GUARANIAÇU - CRESOL GUARANIAÇU,200207,B3S,I,2,Cooperativa de Crédito,,PR,Guaraniaçu,,,,,I
02565350,202506,COOPERATIVA DE CREDITO RURAL COM INTERACAO SOLIDARIA DE HONORIO SERPA - CRESOL HONORIO SERPA,199807,B3S,I,2,Cooperativa de Crédito,,PR,Honório Serpa,,,,,I
11239236,202506,COOPERATIVA DE CRÉDITO RURAL COM INTERAÇÃO SOLIDÁRIA DE IBAITI - CRESOL IBAITI,201003,B3S,I,2,Cooperativa de Crédito,,PR,Ibaiti,,,,,I
07519375,202506,COOPERATIVA DE CRÉDITO RURAL COM INTERAÇÃO SOLIDÁRIA DE IMARUÍ - CRESOL IMARUÍ,200508,B3S,I,2,Cooperativa de Crédito,,SC,Imaruí,,,,,I
04973378,202506,COOPERATIVA DE CREDITO RURAL COM INTERACAO SOLIDARIA DE ITAPEJARA D`OESTE - CRESOL ITAPEJARA D`OESTE,200205,B3S,I,2,Cooperativa de Crédito,,PR,Itapejara d'Oeste,S5,,,,I
04496867,202506,COOPERATIVA DE CREDITO RURAL COM INTERACAO SOLIDARIA DE ITAPERUÇU - CRESOL ITAPERUÇU,200107,B3S,I,2,Cooperativa de Crédito,,PR,Itaperuçu,,,,,I
10514580,202506,COOPERATIVA DE CRÉDITO RURAL COM INTERAÇÃO SOLIDÁRIA DE JARU - CRESOL JARU,200902,B3S,I,2,Cooperativa de Crédito,,RO,Jaru,,,,,I
01086342,202506,COOPERATIVA DE CRÉDITO RURAL COM INTERAÇÃO SOLIDÁRIA DE LARANJEIRAS DO SUL - CRESOL LARANJEIRAS DO SUL,199603,B3S,I,2,Cooperativa de Crédito,,PR,Laranjeiras do Sul,,,,,I
03013889,202506,COOPERATIVA DE CREDITO RURAL COM INTERACAO SOLIDARIA DE LINDOESTE - CRESOL LINDOESTE,199904,B3S,I,2,Cooperativa de Crédito,,PR,Lindoeste,,,,,I
07211698,202506,COOPERATIVA DE CRÉDITO RURAL COM INTERAÇÃO SOLIDÁRIA DE LONDRINA - CRESOL LONDRINA,200504,B3S,I,2,Cooperativa de Crédito,,PR,Londrina,,,,,I
02961072,202506,COOPERATIVA DE CREDITO RURAL COM INTERACAO SOLIDARIA DE MANGUEIRINHA - CRESOL MANGUEIRINHA,199903,B3S,I,2,Cooperativa de Crédito,,PR,Mangueirinha,S5,,,,I
11212010,202506,COOPERATIVA DE CRÉDITO RURAL COM INTERAÇÃO SOLIDÁRIA DE MARILENA - CRESOL MARILENA,200911,B3S,I,2,Cooperativa de Crédito,,PR,Marilena,,,,,I
00971297,202506,COOPERATIVA DE CREDITO RURAL COM INTERACAO SOLIDARIA DE MARMELEIRO - CRESOL MARMELEIRO,199602,B3S,I,2,Cooperativa de Crédito,,PR,Marmeleiro,,,,,I
08850098,202506,COOPERATIVA DE CRÉDITO RURAL COM INTERAÇÃO SOLIDÁRIA DE MEDIANEIRA - CRESOL MEDIANEIRA,200707,B3S,I,2,Cooperativa de Crédito,,PR,Medianeira,,,,,I
10514648,202506,COOPERATIVA DE CRÉDITO RURAL COM INTERAÇÃO SOLIDÁRIA DE MINISTRO ANDREAZZA   CRESOL ANDREAZZA,200901,B3S,I,2,Cooperativa de Crédito,,RO,Ministro Andreazza,,,,,I
08850180,202506,COOPERATIVA DE CRÉDITO RURAL COM INTERAÇÃO SOLIDÁRIA DE MISSAL - CRESOL MISSAL,200707,B3S,I,2,Cooperativa de Crédito,,PR,Missal,,,,,I
11369294,202506,COOPERATIVA DE CRÉDITO RURAL COM INTERAÇÃO SOLIDÁRIA DE NOVA ESPERANÇA - CRESOL NOVA ESPERANÇA,201001,B3S,I,2,Cooperativa de Crédito,,PR,Nova Esperança,,,,,I
07926510,202506,COOPERATIVA DE CRÉDITO RURAL COM INTERAÇÃO SOLIDÁRIA DE NOVA ESPERANÇA DO SUDOESTE - CRESOL NOVA ESPERANÇA DO SUDOESTE,200606,B3S,I,2,Cooperativa de Crédito,,PR,Nova Esperança do Sudoeste,,,,,I
03014407,202506,COOPERATIVA DE CREDITO RURAL COM INTERACAO SOLIDARIA DE NOVA PRATA DO IGUACU - CRESOL NOVA PRATA DO IGUACU,199902,B3S,I,2,Cooperativa de Crédito,,PR,Nova Prata do Iguaçu,,,,,I
08087331,202506,COOPERATIVA DE CRÉDITO RURAL COM INTERAÇÃO SOLIDÁRIA DE OURICURI - CRESOL ARARIPE,200606,B3S,I,2,Cooperativa de Crédito,,PE,Ouricuri,,,,,I
11346312,202506,COOPERATIVA DE CRÉDITO RURAL COM INTERAÇÃO SOLIDÁRIA DE PARANACITY - CRESOL PARANACITY,201003,B3S,I,2,Cooperativa de Crédito,,PR,Paranacity,,,,,I
05413161,202506,COOPERATIVA DE CRÉDITO RURAL COM INTERAÇÃO SOLIDÁRIA DE PETROLINA   CRESOL PETROLINA,200307,B3S,I,2,Cooperativa de Crédito,,PE,Petrolina,,,,,I
01276398,202506,COOPERATIVA DE CREDITO RURAL COM INTERACAO SOLIDARIA DE PINHAO - CRESOL PINHAO,199603,B3S,I,2,Cooperativa de Crédito,,PR,Pinhão,,,,,I
02645093,202506,COOPERATIVA DE CREDITO RURAL COM INTERACAO SOLIDARIA DE PITANGA - CRESOL PITANGA,199807,B3S,I,2,Cooperativa de Crédito,,PR,Pitanga,,,,,I
04225119,202506,COOPERATIVA DE CREDITO RURAL COM INTERACAO SOLIDARIA DE PLANALTO - CRESOL PLANALTO,200101,B3S,I,2,Cooperativa de Crédito,,PR,Planalto,,,,,I
09825924,202506,COOPERATIVA DE CRÉDITO RURAL COM INTERAÇÃO SOLIDÁRIA DE PONTA GROSSA - CRESOL PONTA GROSSA,180001,B3S,I,2,Cooperativa de Crédito,,PR,Ponta Grossa,,,,,I
09377504,202506,COOPERATIVA DE CRÉDITO RURAL COM INTERAÇÃO SOLIDÁRIA DE PONTE ALTA - CRESOL PONTE ALTA,200803,B3S,I,2,Cooperativa de Crédito,,SC,Ponte Alta,,,,,I
09051765,202506,COOPERATIVA DE CRÉDITO RURAL COM INTERAÇÃO SOLIDÁRIA DE PORTO LUCENA - CRESOL PORTO LUCENA,200711,B3S,I,2,Cooperativa de Crédito,,RS,Porto Lucena,,,,,I
07076644,202506,COOPERATIVA DE CREDITO RURAL COM INTERAÇÃO SOLIDARIA DE REALEZA - CRESOL REALEZA,200411,B3S,I,2,Cooperativa de Crédito,,PR,Realeza,,,,,I
09598438,202506,COOPERATIVA DE CRÉDITO RURAL COM INTERAÇÃO SOLIDÁRIA DE RIO BONITO DO IGUAÇU - CRESOL RIO BONITO DO IGUAÇU,200807,B3S,I,2,Cooperativa de Crédito,,PR,Rio Bonito do Iguaçu,,,,,I
10512171,202506,COOPERATIVA DE CRÉDITO RURAL COM INTERAÇÃO SOLIDÁRIA DE RIO BRANCO DO SUL - CRESOL RIO BRANCO DO SUL,200904,B3S,I,2,Cooperativa de Crédito,,PR,Rio Branco do Sul,S5,,,,I
08623418,202506,COOPERATIVA DE CRÉDITO RURAL COM INTERAÇÃO SOLIDÁRIA DE ROSÁRIO DO IVAÍ - CRESOL ROSÁRIO DO IVAÍ,200703,B3S,I,2,Cooperativa de Crédito,,PR,Rosário do Ivaí,,,,,I
04611476,202506,COOPERATIVA DE CREDITO RURAL COM INTERACAO SOLIDARIA DE SALGADO FILHO - CRESOL SALGADO FILHO,200109,B3S,I,2,Cooperativa de Crédito,,PR,Salgado Filho,,,,,I
05169275,202506,COOPERATIVA DE CREDITO RURAL COM INTERACAO SOLIDARIA DE SANTA MARIA DO OESTE - CRESOL SANTA MARIA DO OESTE,200208,B3S,I,2,Cooperativa de Crédito,,PR,Santa Maria do Oeste,,,,,I
03661027,202506,COOPERATIVA DE CRÉDITO RURAL COM INTERAÇÃO SOLIDÁRIA DE SANTIAGO DO SUL - CRESOL SANTIAGO,200004,B3S,I,2,Cooperativa de Crédito,,SC,Santiago do Sul,,,,,I
04649750,202506,COOPERATIVA DE CREDITO RURAL COM INTERACAO SOLIDARIA DE SANTO ANTONIO DO SUDOESTE - CRESOL SANTO ANTONIO DO SUDOESTE,200109,B3S,I,2,Cooperativa de Crédito,,PR,Santo Antônio do Sudoeste,,,,,I
07557462,202506,COOPERATIVA DE CRÉDITO RURAL COM INTERAÇÃO SOLIDÁRIA DE SÃO JOÃO - CRESOL SÃO JOÃO,200509,B3S,I,2,Cooperativa de Crédito,,PR,São João,,,,,I
07542211,202506,COOPERATIVA DE CRÉDITO RURAL COM INTERAÇÃO SOLIDÁRIA DE SÃO JOÃO DA URTIGA - CRESOL SÃO JOÃO DA URTIGA,200509,B3S,I,2,Cooperativa de Crédito,,RS,São João da Urtiga,,,,,I
13059232,202506,COOPERATIVA DE CRÉDITO RURAL COM INTERAÇÃO SOLIDÁRIA DE SÃO JOÃO DO ITAPERIÚ   CRESOL SÃO JOÃO DO ITAPERIÚ,201101,B3S,I,2,Cooperativa de Crédito,,SC,São João do Itaperiú,,,,,I
08387258,202506,COOPERATIVA DE CRÉDITO RURAL COM INTERAÇÃO SOLIDÁRIA DE SCHROEDER - CRESOL SCHROEDER,200611,B3S,I,2,Cooperativa de Crédito,,SC,Schroeder,,,,,I
05533128,202506,COOPERATIVA DE CRÉDITO RURAL COM INTERAÇÃO SOLIDÁRIA DE SERRA GERAL - CRESOL SERRA GERAL,200305,B3S,I,2,Cooperativa de Crédito,,BA,Caculé,,,,,I
05478479,202506,COOPERATIVA DE CRÉDITO RURAL COM INTERAÇÃO SOLIDÁRIA DE TABOCAS DO BREJO VELHO - CRESOL TABOCAS DO BREJO VELHO,200304,B3S,I,2,Cooperativa de Crédito,,BA,Tabocas do Brejo Velho,,,,,I
07319077,202506,COOPERATIVA DE CRÉDITO RURAL COM INTERAÇÃO SOLIDÁRIA DE TAIÓ - CRESOL TAIÓ,200505,B3S,I,2,Cooperativa de Crédito,,SC,Taió,,,,,I
11282942,202506,COOPERATIVA DE CRÉDITO RURAL COM INTERAÇÃO SOLIDÁRIA DE TAMBOARA - CRESOL TAMBOARA,201001,B3S,I,2,Cooperativa de Crédito,,PR,Tamboara,,,,,I
08805562,202506,COOPERATIVA DE CRÉDITO RURAL COM INTERAÇÃO SOLIDÁRIA DE TIRADENTES DO SUL - CRESOL TIRADENTES DO SUL,200707,B3S,I,2,Cooperativa de Crédito,,RS,Tiradentes do Sul,S5,,,,I
04273001,202506,COOPERATIVA DE CREDITO RURAL COM INTERACAO SOLIDARIA DE TRES BARRAS DO PARANA - CRESOL TRES BARRAS DO PARANA,200102,B3S,I,2,Cooperativa de Crédito,,PR,Três Barras do Paraná,,,,,I
08597482,202506,COOPERATIVA DE CRÉDITO RURAL COM INTERAÇÃO SOLIDÁRIA DE UNIÃO DOS PLANALTOS - CRESOL UNIÃO DOS PLANALTOS,200704,B3S,I,2,Cooperativa de Crédito,,PR,Lapa,,,,,I
05152177,202506,COOPERATIVA DE CREDITO RURAL COM INTERACAO SOLIDARIA DE VERA CRUZ DO OESTE - CRESOL VERA CRUZ DO OESTE,200207,B3S,I,2,Cooperativa de Crédito,,PR,Vera Cruz do Oeste,,,,,I
03348165,202506,COOPERATIVA DE CREDITO RURAL COM INTERACAO SOLIDARIA DE VERE - CRESOL VERE,199909,B3S,I,2,Cooperativa de Crédito,,PR,Verê,S5,,,,I
07356021,202506,COOPERATIVA DE CRÉDITO RURAL COM INTERAÇÃO SOLIDÁRIA DO ALTO DO VALE DO TAQUARI - CRESOL ILOPOLIS,200507,B3S,I,2,Cooperativa de Crédito,,RS,Ilópolis,,,,,I
07507647,202506,COOPERATIVA DE CRÉDITO RURAL COM INTERAÇÃO SOLIDÁRIA DO ALTO VALE - CRESOL ALTO VALE,200508,B3S,I,2,Cooperativa de Crédito,,SC,Ituporanga,,,,,I
09280638,202506,COOPERATIVA DE CRÉDITO RURAL COM INTERAÇÃO SOLIDÁRIA DO ALTO VALE - CRESOL ALTO VALE,200802,B3S,I,2,Cooperativa de Crédito,,SC,Agrolândia,,,,,I
07475376,202506,COOPERATIVA DE CRÉDITO RURAL COM INTERAÇÃO SOLIDÁRIA DO ESPÍRITO SANTO - CRESOL ESPÍRITO SANTO,200509,B3S,I,2,Cooperativa de Crédito,,ES,Colatina,S5,,,,I
07642803,202506,COOPERATIVA DE CRÉDITO RURAL COM INTERAÇÃO SOLIDÁRIA DO EXTREMO NORTE DO ESPÍRITO SANTO   CRESOL EXTREMO NORTE ES,200603,B3S,I,2,Cooperativa de Crédito,,ES,Nova Venécia,,,,,I
23256599,202506,COOPERATIVA DE CRÉDITO RURAL COM INTERAÇÃO SOLIDÁRIA DO MATO GROSSO DO SUL - CRESOL MS,201510,B3S,I,2,Cooperativa de Crédito,,MS,Glória de Dourados,S5,,,,I
07522059,202506,COOPERATIVA DE CRÉDITO RURAL COM INTERAÇÃO SOLIDÁRIA DO MÉDIO VALE - CRESOL MÉDIO VALE,200508,B3S,I,2,Cooperativa de Crédito,,SC,Blumenau,,,,,I
05094985,202506,COOPERATIVA DE CRÉDITO RURAL COM INTERAÇÃO SOLIDÁRIA DO PAJEÚ - CRESOL PAJEÚ,200209,B3S,I,2,Cooperativa de Crédito,,PE,Tabira,,,,,I
08197413,202506,COOPERATIVA DE CRÉDITO RURAL COM INTERAÇÃO SOLIDÁRIA DO SERTÃO CENTRAL DO CEARÁ - CRESOL SERTÃO CENTRAL,200610,B3S,I,2,Cooperativa de Crédito,,CE,Quixadá,,,,,I
02483330,202506,COOPERATIVA DE CRÉDITO RURAL COM INTERAÇAO SOLIDÁRIA DO VALE DAS ARAUCÁRIAS - CRESOL VALE DAS ARAUCÁRIAS,199801,B3S,I,2,Cooperativa de Crédito,,PR,Turvo,,,,,I
04232022,202506,COOPERATIVA DE CRÉDITO RURAL COM INTERAÇÃO SOLIDÁRIA DO VALE DO PIQUIRI - CRESOL VALE DO PIQUIRI,200102,B3S,I,2,Cooperativa de Crédito,,PR,Guaraniaçu,S5,,,,I
08297831,202506,COOPERATIVA DE CRÉDITO RURAL COM INTERAÇÃO SOLIDÁRIA DO VALE EUROPEU - CRESOL VALE EUROPEU,200611,B3S,I,2,Cooperativa de Crédito,,SC,Botuverá,,,,,I
05326643,202506,COOPERATIVA DE CRÉDITO RURAL COM INTERAÇÃO SOLIDÁRIA LESTE PARANAENSE - CRESOL LESTE PARANAENSE,200210,B3S,I,2,Cooperativa de Crédito,,PR,Cerro Azul,S5,,,,I
11453724,202506,COOPERATIVA DE CRÉDITO RURAL COM INTERAÇÃO SOLIDÁRIA NOROESTE - CRESOL NOROESTE,201003,B3S,I,2,Cooperativa de Crédito,,PR,Alto Paraná,,,,,I
10453077,202506,COOPERATIVA DE CRÉDITO RURAL COM INTERAÇÃO SOLIDÁRIA REALIZA - CRESOL REALIZA,200812,B3S,I,2,Cooperativa de Crédito,,SC,Pouso Redondo,S5,,,,I
09476168,202506,COOPERATIVA DE CRÉDITO RURAL COM INTERAÇÃO SOLIDÁRIA SERRANA - CRESOL SERRANA,200805,B3S,I,2,Cooperativa de Crédito,,SP,Capão Bonito,S5,,,,I
07707311,202506,COOPERATIVA DE CRÉDITO RURAL COM INTERAÇÃO SOLIDÁRIA SUL CAPIXABA - CRESOL SUL CAPIXABA,200604,B3S,I,2,Cooperativa de Crédito,,ES,Muqui,,,,,I
06036510,202506,COOPERATIVA DE CRÉDITO RURAL COM INTERAÇÃO SOLIDÁRIA TRIUNFO/FLORES - CRESOL TRIUNFO/FLORES,200402,B3S,I,2,Cooperativa de Crédito,,PE,Flores,,,,,I
09433005,202506,COOPERATIVA DE CRÉDITO RURAL COM INTERAÇÃO SOLIDÁRIA VALE DO CONTESTADO - CRESOL VALE DO CONTESTADO,200804,B3S,I,2,Cooperativa de Crédito,,SC,Irineópolis,S5,,,,I
05135542,202506,COOPERATIVA DE CRÉDITO RURAL COM INTERAÇÃO SOLIDÁRIA VALE DO COTEGIPE - CRESOL VALE DO COTEGIPE,200207,B3S,I,2,Cooperativa de Crédito,,PR,Salto do Lontra,S5,,,,I
00852242,202506,COOPERATIVA DE CREDITO RURAL CONQUISTA DE FRIBURGO LTDA.,199605,B3S,I,2,Cooperativa de Crédito,,RJ,Nova Friburgo,,,,,I
32655946,202506,COOPERATIVA DE CRÉDITO RURAL CONQUISTA LIMITADA - CREDIC,198906,B3S,I,2,Cooperativa de Crédito,,BA,Vitória da Conquista,,,,,I
76461557,202506,COOPERATIVA DE CRÉDITO RURAL COOPAVEL,198209,B3S,I,2,Cooperativa de Crédito,Mútuo PF com conta corrente,PR,Cascavel,S5,,,,A
10868136,202506,COOPERATIVA DE CRÉDITO RURAL DA AGRICULTURA       FAMILIAR E ECONOMIA SOLIDÁRIA DE BREJO DA MADRE DE DEUS E JATAÚBA/PERNAMBUCO.,200905,B3S,I,2,Cooperativa de Crédito,,PE,Brejo da Madre de Deus,,,,,I
05282417,202506,COOPERATIVA DE CRÉDITO RURAL DA AGRICULTURA FAMILIAR COM INTERACAO SOLIDARIA DE DOVERLÂNDIA - GOIÁS,200301,B3S,I,2,Cooperativa de Crédito,,GO,Doverlândia,,,,,I
09674889,202506,COOPERATIVA DE CRÉDITO RURAL DA AGRICULTURA FAMILIAR DOS TRABALHADORES E TRABALHADORAS RURAIS DA REGIÃO DE JOÃO PINHEIRO,200807,B3S,I,2,Cooperativa de Crédito,,MG,João Pinheiro,,,,,I
10391291,202506,COOPERATIVA DE CREDITO RURAL DA AGRICULTURA FAMILIAR DOS TRABALHADORES E TRABALHADORAS RURAIS DA REGIÃO DE SABINOPOLIS/MG,200810,B3S,I,2,Cooperativa de Crédito,,MG,Sabinópolis,,,,,I
08609123,202506,COOPERATIVA DE CRÉDITO RURAL DA AGRICULTURA FAMILIAR DOS TRABALHADORES E TRABALHADORAS RURAIS DE PONTES E LACERDA,200706,B3S,I,2,Cooperativa de Crédito,,MT,Pontes e Lacerda,,,,,I
08520148,202506,COOPERATIVA DE CRÉDITO RURAL DA AGRICULTURA FAMILIAR DOS TRABALHADORES E TRABALHADORAS RURAIS DE PORTO ESPERIDIÃO,200708,B3S,I,2,Cooperativa de Crédito,,MT,Porto Esperidião,,,,,I
08529775,202506,COOPERATIVA DE CRÉDITO RURAL DA AGRICULTURA FAMILIAR DOS TRABALHADORES E TRABALHADORAS RURAIS DE SÃO JOSÉ DOS QUATRO MARCOS,200706,B3S,I,2,Cooperativa de Crédito,,MT,São José dos Quatro Marcos,,,,,I
09274146,202506,COOPERATIVA DE CRÉDITO RURAL DA AGRICULTURA FAMILIAR DOS TRABALHADORES E TRABALHADORAS RURAIS DO MUNICÍPIO DE IBIÚNA E REGIÃO/SÃO PAULO,200802,B3S,I,2,Cooperativa de Crédito,,SP,Ibiúna,,,,,I
09568299,202506,COOPERATIVA DE CRÉDITO RURAL DA AGRICULTURA FAMILIAR E ECONOMIA SOLIDÁRIA DE BELO JARDIM/PERNAMBUCO,200805,B3S,I,2,Cooperativa de Crédito,,PE,Belo Jardim,,,,,I
09524431,202506,COOPERATIVA DE CRÉDITO RURAL DA AGRICULTURA FAMILIAR E ECONOMIA SOLIDÁRIA DE CARUARU E RIACHO DAS ALMAS/PERNAMBUCO,200804,B3S,I,2,Cooperativa de Crédito,,PE,Caruaru,,,,,I
08363543,202506,COOPERATIVA DE CRÉDITO RURAL DA AGRICULTURA FAMILIAR E ECONOMIA SOLIDÁRIA DE CLÁUDIO,200701,B3S,I,2,Cooperativa de Crédito,,MG,Cláudio,,,,,I
05201878,202506,COOPERATIVA DE CRÉDITO RURAL DA AGRICULTURA FAMILIAR E ECONOMIA SOLIDÁRIA DE JATAÍ,200210,B3S,I,2,Cooperativa de Crédito,,GO,Jataí,,,,,I
09467338,202506,COOPERATIVA DE CREDITO RURAL DA AGRICULTURA FAMILIAR E ECONOMIA SOLIDARIA DE MORRO DO CHAPEU -ECOSOL MORRO DO CHAPEU,200804,B3S,I,2,Cooperativa de Crédito,,BA,Morro do Chapéu,,,,,I
05370947,202506,COOPERATIVA DE CRÉDITO RURAL DA AGRICULTURA FAMILIAR E ECONOMIA SOLIDÁRIA DE RIO VERDE,200307,B3S,I,2,Cooperativa de Crédito,,GO,Rio Verde,,,,,I
08178439,202506,COOPERATIVA DE CRÉDITO RURAL DA AGRICULTURA FAMILIAR E ECONOMIA SOLIDÁRIA DE SILVÂNIA-GO,200611,B3S,I,2,Cooperativa de Crédito,,GO,Silvânia,,,,,I
08839952,202506,COOPERATIVA DE CRÉDITO RURAL DA AGRICULTURA FAMILIAR E ECONOMIA SOLIDÁRIA DO VALE DO IPANEMA - CREDITAG ÁGUAS BELAS,200707,B3S,I,2,Cooperativa de Crédito,,PE,Águas Belas,,,,,I
09347187,202506,"COOPERATIVA DE CRÉDITO RURAL DA AGRICULTURA FAMILIAR, DOS TRABALHADORES E TRABALHADORAS RURAIS DO MUNICÍPIO DE APIAÍ E REGIÃO/SÃO PAULO",200802,B3S,I,2,Cooperativa de Crédito,,SP,Apiaí,,,,,I
03736906,202506,COOPERATIVA DE CREDITO RURAL DA BAIXADA CUIABANA,200006,B3S,I,2,Cooperativa de Crédito,,MT,Cuiabá,,,,,I
37446614,202506,COOPERATIVA DE CREDITO RURAL DA CAPITAL MATOGROSSENSE LTDA,199210,B3S,I,2,Cooperativa de Crédito,,MT,Cuiabá,,,,,I
13774609,202506,COOPERATIVA DE CRÉDITO RURAL DA CHAPADA DIAMANTINA RESPONSABILIDADE LTDA,198509,B3S,I,2,Cooperativa de Crédito,,BA,Itaberaba,,,,,I
54288816,202506,COOPERATIVA DE CRÉDITO RURAL DA COLÔNIA RIOGRANDENSE LTDA,198412,B3S,I,2,Cooperativa de Crédito,,SP,Maracaí,,,,,I
03500740,202506,COOPERATIVA DE CREDITO RURAL DA GRANDE CACERES,199912,B3S,I,2,Cooperativa de Crédito,,MT,Cáceres,,,,,I
22724694,202506,COOPERATIVA DE CRÉDITO RURAL DA MANTIQUEIRA LTDA,198706,B3S,I,2,Cooperativa de Crédito,,MG,Ibertioga,,,,,I
02146953,202506,COOPERATIVA DE CRÉDITO RURAL DA PONTA DO ABUNÃ,199710,B3S,I,2,Cooperativa de Crédito,,RO,Porto Velho,,,,,I
02283302,202506,COOPERATIVA DE CRÉDITO RURAL DA REGIÃO CENTRO DO ESTADO DE SÃO PAULO,199803,B3S,I,2,Cooperativa de Crédito,,SP,Dourado,,,,,I
59869792,202506,COOPERATIVA DE CRÉDITO RURAL DA REGIÃO DE CASA BRANCA,198901,B3S,I,2,Cooperativa de Crédito,,SP,Casa Branca,,,,,I
59710160,202506,COOPERATIVA DE CRÉDITO RURAL DA REGIÃO DE LARANJAL PAULISTA LTDA,198902,B3S,I,2,Cooperativa de Crédito,,SP,Laranjal Paulista,,,,,I
54300686,202506,COOPERATIVA DE CRÉDITO RURAL DA REGIÃO DE PIRACICABA LTDA,180001,B3S,I,2,Cooperativa de Crédito,,SP,Piracicaba,,,,,I
86589645,202506,COOPERATIVA DE CRÉDITO RURAL DA REGIÃO DE POÇOS DE CALDAS LTDA - CAFECREDI,199409,B3S,I,2,Cooperativa de Crédito,,MG,Poços de Caldas,,,,,I
04326853,202506,COOPERATIVA DE CRÉDITO RURAL DA REGIÃO DO BOLSÃO - SICREDI BOLSÃO MS,200104,B3S,I,2,Cooperativa de Crédito,,MS,Paranaíba,,,,,I
53002010,202506,COOPERATIVA DE CRÉDITO RURAL DA REGIÃO LESTE PAULISTA E SUL DE MINAS,198308,B3S,I,2,Cooperativa de Crédito,,SP,Mococa,,,,,I
04564553,202506,COOPERATIVA DE CRÉDITO RURAL DA REGIÃO NOROESTE DO  ESTADO DE SÃO PAULO E MATO GROSSO DO SUL,200108,B3S,I,2,Cooperativa de Crédito,,SP,Araçatuba,,,,,I
81673154,202506,COOPERATIVA DE CREDITO RURAL DA REGIAO NORTE DO PARANA,199001,B3S,I,2,Cooperativa de Crédito,,PR,Cornélio Procópio,,,,,I
03803404,202506,COOPERATIVA DE CRÉDITO RURAL DA REGIÃO SUDESTE DO ESTADO DE TOCANTINS,180001,B3S,I,2,Cooperativa de Crédito,,TO,Paranã,,,,,I
00627008,202506,COOPERATIVA DE CREDITO RURAL DA SERRA DE PETROPOLIS LTDA,199506,B3S,I,2,Cooperativa de Crédito,,RJ,Petrópolis,,,,,I
11859428,202506,COOPERATIVA DE CRÉDITO RURAL DA VITÓRIA DE SANTO ANTÃO LTDA,196711,B3S,I,2,Cooperativa de Crédito,,PE,Vitória de Santo Antão,,,,,I
62612643,202506,COOPERATIVA DE CRÉDITO RURAL DAS REGIÕES NORDESTE PAULISTA E SUL MINEIRA,199003,B3S,I,2,Cooperativa de Crédito,,SP,Bragança Paulista,,,,,I
01073966,202506,COOPERATIVA DE CRÉDITO RURAL DE ABELARDO LUZ - SULCREDI/CREDILUZ,199603,B3S,I,2,Cooperativa de Crédito,Mútuo com relevância em PJ,SC,Abelardo Luz,S5,,,,A
01715638,202506,COOPERATIVA DE CREDITO RURAL DE AFONSO CLAUDIO LTDA,199704,B3S,I,2,Cooperativa de Crédito,,ES,Afonso Cláudio,,,,,I
26339895,202506,COOPERATIVA DE CRÉDITO RURAL DE AGROPECUARISTA DE ITURAMA LTDA,199004,B3S,I,2,Cooperativa de Crédito,,MG,Iturama,,,,,I
26254359,202506,COOPERATIVA DE CREDITO RURAL DE ALEM PARAIBA LTDA - SICOOB CREDIALEM,199005,B3S,I,2,Cooperativa de Crédito,,MG,Além Paraíba,,,,,I
04979202,202506,COOPERATIVA DE CRÉDITO RURAL DE ALTA FLORESTA D'OESTE LTDA,200206,B3S,I,2,Cooperativa de Crédito,,RO,Alta Floresta D'Oeste,,,,,I
36904191,202506,COOPERATIVA DE CREDITO RURAL DE ALTA FLORESTA LTDA.,199202,B3S,I,2,Cooperativa de Crédito,,MT,Alta Floresta,,,,,I
71437123,202506,COOPERATIVA DE CRÉDITO RURAL DE ALTEROSA LTDA - SICOOB COOPEROSA,199403,B3S,I,2,Cooperativa de Crédito,,MG,Alterosa,S5,,,,I
02194468,202506,COOPERATIVA DE CRÉDITO RURAL DE ALTO ALEGRE DOS PARECIS,199711,B3S,I,2,Cooperativa de Crédito,,RO,Alto Alegre dos Parecis,,,,,I
00142092,202506,COOPERATIVA DE CREDITO RURAL DE ALTO ARAGUAIA LTDA,199410,B3S,I,2,Cooperativa de Crédito,,MT,Alto Araguaia,,,,,I
89940811,202506,COOPERATIVA DE CREDITO RURAL DE ALTO FELIZ LTDA,197008,B3S,I,2,Cooperativa de Crédito,,RS,Feliz,,,,,I
36932416,202506,COOPERATIVA DE CREDITO RURAL DE ALTO TAQUARI LTDA,199112,B3S,I,2,Cooperativa de Crédito,,MT,Alto Taquari,,,,,I
00171007,202506,COOPERATIVA DE CREDITO RURAL DE ANGRA DOS REIS LTDA.,199402,B3S,I,2,Cooperativa de Crédito,,RJ,Angra dos Reis,,,,,I
00377854,202506,COOPERATIVA DE CRÉDITO RURAL DE ARACAJU LTDA - ARACREDI,199502,B3S,I,2,Cooperativa de Crédito,,SE,Aracaju,,,,,I
26533836,202506,COOPERATIVA DE CRÉDITO RURAL DE BARRA DO GARCAS LTDA,199007,B3S,I,2,Cooperativa de Crédito,,MT,Barra do Garças,,,,,I
00586088,202506,COOPERATIVA DE CREDITO RURAL DE BARRA DO PIRAI LTDA. - CREDI-SUL,199501,B3S,I,2,Cooperativa de Crédito,,RJ,Barra do Piraí,,,,,I
09778804,202506,COOPERATIVA DE CRÉDITO RURAL DE BARREIROS LTDA .- CREDIBARREIROS,197012,B3S,I,2,Cooperativa de Crédito,,PE,Barreiros,,,,,I
33286576,202506,COOPERATIVA DE CRÉDITO RURAL DE BELA VISTA DE GOIÁS LTDA,198910,B3S,I,2,Cooperativa de Crédito,,GO,Bela Vista de Goiás,,,,,I
71250021,202506,COOPERATIVA DE CRÉDITO RURAL DE BELO HORIZONTE LTDA. - CREDIBEL,199310,B3S,I,2,Cooperativa de Crédito,,MG,Belo Horizonte,,,,,I
09978316,202506,COOPERATIVA DE CRÉDITO RURAL DE BENTO GONCALVES LTDA,180001,B3S,I,2,Cooperativa de Crédito,,RS,Bento Gonçalves,,,,,I
09834227,202506,COOPERATIVA DE CRÉDITO RURAL DE BEZERROS LTDA.-CREDIBEZERROS,196906,B3S,I,2,Cooperativa de Crédito,,PE,Bezerros,,,,,I
26239483,202506,COOPERATIVA DE CRÉDITO RURAL DE BOA ESPERANÇA LTDA - BELCREDI,180001,B3S,I,2,Cooperativa de Crédito,,MG,Boa Esperança,,,,,I
42920694,202506,COOPERATIVA DE CRÉDITO RURAL DE BOCAIÚVA LTDA,199212,B3S,I,2,Cooperativa de Crédito,,MG,Bocaiúva,,,,,I
00058338,202506,COOPERATIVA DE CRÉDITO RURAL DE BOM JARDIM LTDA. - BOM CREDI.,199406,B3S,I,2,Cooperativa de Crédito,,RJ,Bom Jardim,,,,,I
26408179,202506,COOPERATIVA DE CREDITO RURAL DE BONITO LTDA.,198909,B3S,I,2,Cooperativa de Crédito,,MS,Dourados,,,,,I
09978329,202506,COOPERATIVA DE CRÉDITO RURAL DE BOTELHOS LTDA,180001,B3S,I,2,Cooperativa de Crédito,,MG,Botelhos,,,,,I
09978358,202506,COOPERATIVA DE CRÉDITO RURAL DE BUENOPOLIS LTDA.,180001,B3S,I,2,Cooperativa de Crédito,,MG,Buenópolis,,,,,I
26408138,202506,COOPERATIVA DE CREDITO RURAL DE CAARAPO LTDA,198909,B3S,I,2,Cooperativa de Crédito,,MS,Caarapó,,,,,I
08762809,202506,COOPERATIVA DE CRÉDITO RURAL DE CABACEIRAS LTDA.-CREDICABACEIRAS,196812,B3S,I,2,Cooperativa de Crédito,,PB,Cabaceiras,,,,,I
73568339,202506,COOPERATIVA DE CREDITO RURAL DE CABO FRIO LTDA.,199311,B3S,I,2,Cooperativa de Crédito,,RJ,Cabo Frio,,,,,I
00391873,202506,COOPERATIVA DE CREDITO RURAL DE CAMPOS DE JULIO - CREDICAMPO - EM LIQ.ORDINÁRIA,199503,B3S,I,2,Cooperativa de Crédito,,MT,Campos de Júlio,,,,,I
39238837,202506,COOPERATIVA DE CREDITO RURAL DE CAMPOS LTDA,199404,B3S,I,2,Cooperativa de Crédito,,RJ,Campos dos Goytacazes,,,,,I
88455100,202506,COOPERATIVA DE CRÉDITO RURAL DE CANDELÁRIA LTDA,198209,B3S,I,2,Cooperativa de Crédito,,RS,Candelária,,,,,I
12214979,202506,COOPERATIVA DE CRÉDITO RURAL DE CAPELA LTDA,197004,B3S,I,2,Cooperativa de Crédito,,AL,Capela,,,,,I
88459896,202506,COOPERATIVA DE CREDITO RURAL DE CARAZINHO E CHAPADA LTDA.,198209,B3S,I,2,Cooperativa de Crédito,,RS,Carazinho,,,,,I
22597264,202506,COOPERATIVA DE CREDITO RURAL DE CASSIA LTDA - SICOOB CREDICASSIA,198704,B3S,I,2,Cooperativa de Crédito,,MG,Cássia,,,,,I
09978330,202506,COOPERATIVA DE CRÉDITO RURAL DE CATOLE DO ROCHA LTDA,180001,B3S,I,2,Cooperativa de Crédito,,PB,Catolé do Rocha,,,,,I
63288310,202506,COOPERATIVA DE CRÉDITO RURAL DE CENTRAL LTDA,180001,B3S,I,2,Cooperativa de Crédito,,BA,Central,,,,,I
03562230,202506,COOPERATIVA DE CREDITO RURAL DE CHAPADAO DO SUL E REGIAO,200002,B3S,I,2,Cooperativa de Crédito,,MS,Chapadão do Sul,,,,,I
16348328,202506,COOPERATIVA DE CRÉDITO RURAL DE COARACI LTDA,198812,B3S,I,2,Cooperativa de Crédito,,BA,Coaraci,,,,,I
31794373,202506,COOPERATIVA DE CREDITO RURAL DE COLATINA LTDA,180001,B3S,I,2,Cooperativa de Crédito,,ES,Colatina,,,,,I
87776209,202506,COOPERATIVA DE CREDITO RURAL DE COLORADO,198110,B3S,I,2,Cooperativa de Crédito,,RS,Colorado,,,,,I
05360478,202506,COOPERATIVA DE CRÉDITO RURAL DE COLORADO DO OESTE LTDA.,200212,B3S,I,2,Cooperativa de Crédito,,RO,Colorado do Oeste,,,,,I
71494561,202506,COOPERATIVA DE CRÉDITO RURAL DE CONCEIÇÃO DA APARECIDA LTDA,199402,B3S,I,2,Cooperativa de Crédito,,MG,Conceição da Aparecida,,,,,I
25613324,202506,COOPERATIVA DE CRÉDITO RURAL DE CORDISBURGO LTDA,198905,B3S,I,2,Cooperativa de Crédito,,MG,Cordisburgo,,,,,I
25982133,202506,COOPERATIVA DE CRÉDITO RURAL DE CORINTO LTDA,198911,B3S,I,2,Cooperativa de Crédito,,MG,Corinto,,,,,I
25807769,202506,COOPERATIVA DE CRÉDITO RURAL DE COROMANDEL LTDA.,198906,B3S,I,2,Cooperativa de Crédito,,MG,Coromandel,,,,,I
09978360,202506,COOPERATIVA DE CRÉDITO RURAL DE CORREGO DANTA LTDA,180001,B3S,I,2,Cooperativa de Crédito,,MG,Córrego Danta,,,,,I
02426738,202506,COOPERATIVA DE CRÉDITO RURAL DE CORREGO FUNDO LTDA,199807,B3S,I,2,Cooperativa de Crédito,,MG,Córrego Fundo,,,,,I
31484793,202506,COOPERATIVA DE CREDITO RURAL DE CRISTAL LTDA - SICREDI CRISTAL DO NORTE,198708,B3S,I,2,Cooperativa de Crédito,,ES,Pedro Canário,,,,,I
97354674,202506,COOPERATIVA DE CRÉDITO RURAL DE CRISTALINA LTDA.,199408,B3S,I,2,Cooperativa de Crédito,,GO,Cristalina,,,,,I
87797288,202506,COOPERATIVA DE CREDITO RURAL DE CRUZ ALTA LTDA,198101,B3S,I,2,Cooperativa de Crédito,,RS,Cruz Alta,,,,,I
08984056,202506,COOPERATIVA DE CRÉDITO RURAL DE CUITÉ LTDA,196906,B3S,I,2,Cooperativa de Crédito,,PB,Cuité,,,,,I
05850566,202506,COOPERATIVA DE CREDITO RURAL DE DESENVOLVIMENTO SOLIDARIO DE IUNA-ES - CREDSOL,200310,B3S,I,2,Cooperativa de Crédito,,ES,Iúna,,,,,I
89238794,202506,COOPERATIVA DE CREDITO RURAL DE DOIS IRMAOS LTDA,196909,B3S,I,2,Cooperativa de Crédito,,RS,Dois Irmãos,,,,,I
26371740,202506,COOPERATIVA DE CRÉDITO RURAL DE DOM SILVÉRIO LTDA,180001,B3S,I,2,Cooperativa de Crédito,,MG,Dom Silvério,,,,,I
66460866,202506,COOPERATIVA DE CRÉDITO RURAL DE DORESÓPOLIS LTDA,199304,B3S,I,2,Cooperativa de Crédito,,MG,Doresópolis,,,,,I
86739414,202506,COOPERATIVA DE CREDITO RURAL DE DUQUE DE CAXIAS LTDA,199404,B3S,I,2,Cooperativa de Crédito,,RJ,Duque de Caxias,,,,,I
10926439,202506,COOPERATIVA DE CRÉDITO RURAL DE ECONOMIA SOLIDÁRIA DE BENJAMIN CONSTANT - SOLICRED BENJAMIN CONSTANT,200910,B3S,I,2,Cooperativa de Crédito,,AM,Benjamin Constant,,,,,I
17015842,202506,COOPERATIVA DE CRÉDITO RURAL DE ECONOMIA SOLIDÁRIA DE CODAJÁS - CODCRED,201302,B3S,I,2,Cooperativa de Crédito,,AM,Codajás,,,,,I
06879529,202506,COOPERATIVA DE CRÉDITO RURAL DE ECONOMIA SOLIDÁRIA DE NOVA IPIXUNA - ECOSOL NOVA IPIXUNA,200505,B3S,I,2,Cooperativa de Crédito,,PA,Nova Ipixuna,,,,,I
09611309,202506,COOPERATIVA DE CRÉDITO RURAL DE ECONOMIA SOLIDÁRIA DE TABATINGA - SOLICRED TABATINGA,180001,B3S,I,2,Cooperativa de Crédito,,AM,Tabatinga,,,,,I
06300153,202506,COOPERATIVA DE CRÉDITO RURAL DE ECONOMIA SOLIDÁRIA DO ARAGUAIA - ECOSOL ARAGUAIA,180001,B3S,I,2,Cooperativa de Crédito,,PA,São Domingos do Araguaia,,,,,I
07913550,202506,COOPERATIVA DE CRÉDITO RURAL DE ECONOMIA SOLIDÁRIA DO SERTÃO CENTRAL DE PERNAMBUCO - ECOSOL SERTÃO CENTRAL DE PERNAMBUCO,200603,B3S,I,2,Cooperativa de Crédito,,PE,Serra Talhada,,,,,I
05875674,202506,COOPERATIVA DE CRÉDITO RURAL DE ECONOMIA SOLIDÁRIA DO SUBMÉDIO SÃO FRANCISCO - ECOSOL SUBMÉDIO SÃO FRANCISCO,200309,B3S,I,2,Cooperativa de Crédito,,BA,Curaçá,,,,,I
05413165,202506,COOPERATIVA DE CRÉDITO RURAL DE ECONOMIA SOLIDÁRIA DO VALE DO  SÃO FRANCISCO - ECOSOL VALE DO SÃO FRANCISCO,200304,B3S,I,2,Cooperativa de Crédito,,PE,Lagoa Grande,,,,,I
87732491,202506,COOPERATIVA DE CREDITO RURAL DE ENCRUZILHADA DO SUL LTDA,198103,B3S,I,2,Cooperativa de Crédito,,RS,Encruzilhada do Sul,,,,,I
33730896,202506,COOPERATIVA DE CREDITO RURAL DE FATIMA DO SUL LTDA,199011,B3S,I,2,Cooperativa de Crédito,,MS,Dourados,,,,,I
02274863,202506,COOPERATIVA DE CRÉDITO RURAL DE FEIRA DE SANTANA,199805,B3S,I,2,Cooperativa de Crédito,,BA,Feira de Santana,,,,,I
09978389,202506,COOPERATIVA DE CRÉDITO RURAL DE FORTALEZA LTDA.,180001,B3S,I,2,Cooperativa de Crédito,,CE,Fortaleza,,,,,I
90562539,202506,COOPERATIVA DE CREDITO RURAL DE FREDERICO WESTPHALEN LTDA,180001,B3S,I,2,Cooperativa de Crédito,,RS,Frederico Westphalen,,,,,I
72500705,202506,COOPERATIVA DE CREDITO RURAL DE FREDERICO WESTPHALEN LTDA,199308,B3S,I,2,Cooperativa de Crédito,,RS,Frederico Westphalen,,,,,I
10322758,202506,COOPERATIVA DE CRÉDITO RURAL DE GOIANA LTDA,196908,B3S,I,2,Cooperativa de Crédito,,PE,Goiana,,,,,I
05579376,202506,COOPERATIVA DE CRÉDITO RURAL DE GOVERNADOR JORGE TEIXEIRA - CREDITE,200208,B3S,I,2,Cooperativa de Crédito,,RO,Governador Jorge Teixeira,,,,,I
00460514,202506,COOPERATIVA DE CREDITO RURAL DE GOVERNADOR LINDENBERG LTDA,199503,B3S,I,2,Cooperativa de Crédito,,ES,Colatina,,,,,I
32422628,202506,COOPERATIVA DE CREDITO RURAL DE GUACUI - CREDIGUAÇUÍ,198908,B3S,I,2,Cooperativa de Crédito,Atípicas,ES,Guaçuí,S5,,,,A
00165567,202506,COOPERATIVA DE CREDITO RURAL DE GUARANTA DO NORTE LTDA,199410,B3S,I,2,Cooperativa de Crédito,,MT,Guarantã do Norte,,,,,I
87791232,202506,COOPERATIVA DE CREDITO RURAL DE HARMONIA LTDA,198109,B3S,I,2,Cooperativa de Crédito,,RS,Montenegro,,,,,I
08240446,202506,COOPERATIVA DE CREDITO RURAL DE IBIAM - SULCREDI/IBIAM,200608,B3S,I,2,Cooperativa de Crédito,Mútuo PF com conta corrente,SC,Ibiam,S5,,,,A
00670076,202506,COOPERATIVA DE CRÉDITO RURAL DE ILICÍNEA LTDA - CREDILICÍNEA,199509,B3S,I,2,Cooperativa de Crédito,,MG,Ilicínea,,,,,I
01845359,202506,COOPERATIVA DE CRÉDITO RURAL DE INHAMBUPE LTDA. - SICOOB CREDITE,199709,B3S,I,2,Cooperativa de Crédito,,BA,Inhambupe,,,,,I
71207740,202506,COOPERATIVA DE CRÉDITO RURAL DE IRAÍ DE MINAS LTDA -SICOOB CREDIMIL,199309,B3S,I,2,Cooperativa de Crédito,Crédito rural,MG,Iraí de Minas,S5,,,,A
22115877,202506,COOPERATIVA DE CRÉDITO RURAL DE ITABIRA LTDA,199002,B3S,I,2,Cooperativa de Crédito,,MG,Itabira,,,,,I
16357832,202506,COOPERATIVA DE CRÉDITO RURAL DE ITABUNA LTDA,198112,B3S,I,2,Cooperativa de Crédito,,BA,Itabuna,,,,,I
32470924,202506,COOPERATIVA DE CREDITO RURAL DE ITAGUACU - SICOOB ITAGUACU,199002,B3S,I,2,Cooperativa de Crédito,,ES,Itaguaçu,,,,,I
39416383,202506,COOPERATIVA DE CREDITO RURAL DE ITAOCARA LTDA.,199401,B3S,I,2,Cooperativa de Crédito,,RJ,Itaocara,,,,,I
39218169,202506,COOPERATIVA DE CREDITO RURAL DE ITAPERUNA,199306,B3S,I,2,Cooperativa de Crédito,,RJ,Itaperuna,,,,,I
14468151,202506,COOPERATIVA DE CRÉDITO RURAL DE ITAPETINGA,196909,B3S,I,2,Cooperativa de Crédito,,BA,Itapetinga,,,,,I
26408112,202506,COOPERATIVA DE CRÉDITO RURAL DE ITAPORÃ - SICREDI ITAPORÃ MS,198909,B3S,I,2,Cooperativa de Crédito,,MS,Itaporã,,,,,I
09978356,202506,COOPERATIVA DE CREDITO RURAL DE JABORANDI LTDA.,180001,B3S,I,2,Cooperativa de Crédito,,BA,Correntina,,,,,I
02939044,202506,"COOPERATIVA DE CRÉDITO RURAL DE JACARACI E MUNICÍPIOS DO VALE DO GAVIÃO, VALE DO RIO DO ANTÔNIO E ALTO RIO PARDO",199803,B3S,I,2,Cooperativa de Crédito,,BA,Jacaraci,,,,,I
92573179,202506,COOPERATIVA DE CRÉDITO RURAL DE JACUTINGA LTDA,198903,B3S,I,2,Cooperativa de Crédito,,RS,Jacutinga,,,,,I
05407722,202506,COOPERATIVA DE CRÉDITO RURAL DE JAGUARETAMA - ECOSOL,200302,B3S,I,2,Cooperativa de Crédito,,CE,Jaguaretama,,,,,I
87739322,202506,COOPERATIVA DE CREDITO RURAL DE JAGUARI LTDA,198107,B3S,I,2,Cooperativa de Crédito,,RS,Jaguari,,,,,I
04685303,202506,COOPERATIVA DE CRÉDITO RURAL DE JARU LTDA. - SICOOB JARUCREDI,200112,B3S,I,2,Cooperativa de Crédito,,RO,Jaru,,,,,I
52198074,202506,COOPERATIVA DE CRÉDITO RURAL DE JAÚ E REGIÃO,198304,B3S,I,2,Cooperativa de Crédito,,SP,Jaú,,,,,I
38689584,202506,COOPERATIVA DE CRÉDITO RURAL DE JOAIMA LTDA,199009,B3S,I,2,Cooperativa de Crédito,,MG,Joaíma,,,,,I
09978362,202506,COOPERATIVA DE CRÉDITO RURAL DE JORDANIA LTDA,180001,B3S,I,2,Cooperativa de Crédito,,MG,Jordânia,,,,,I
02892637,202506,COOPERATIVA DE CRÉDITO RURAL DE JUAZEIRO LTDA. - SICOOB CREDIJU,199902,B3S,I,2,Cooperativa de Crédito,,BA,Juazeiro,,,,,I
87763355,202506,COOPERATIVA DE CREDITO RURAL DE JULIO DE CASTILHOS LTDA,198108,B3S,I,2,Cooperativa de Crédito,,RS,Júlio de Castilhos,,,,,I
02221805,202506,COOPERATIVA DE CRÉDITO RURAL DE LAGOA FORMOSA LTDA,199709,B3S,I,2,Cooperativa de Crédito,,MG,Lagoa Formosa,,,,,I
94491719,202506,COOPERATIVA DE CREDITO RURAL DE LAGOA VERMELHA,199203,B3S,I,2,Cooperativa de Crédito,,RS,Lagoa Vermelha,,,,,I
25405275,202506,COOPERATIVA DE CREDITO RURAL DE LEOPOLDINA LTDA - SICOOB CREDILEO,198811,B3S,I,2,Cooperativa de Crédito,,MG,Leopoldina,,,,,I
10505634,202506,COOPERATIVA DE CRÉDITO RURAL DE LIMOEIRO LTDA,196809,B3S,I,2,Cooperativa de Crédito,,PE,Limoeiro,,,,,I
73634503,202506,COOPERATIVA DE CRÉDITO RURAL DE MACAÉ LTDA - CREDI-NORTE,199311,B3S,I,2,Cooperativa de Crédito,,RJ,Macaé,,,,,I
00165569,202506,COOPERATIVA DE CREDITO RURAL DE MATUPA LTDA.,199410,B3S,I,2,Cooperativa de Crédito,,MT,Matupá,,,,,I
14774228,202506,COOPERATIVA DE CRÉDITO RURAL DE MIGUEL CALMON RESPONSABILIDADE LTDA,180001,B3S,I,2,Cooperativa de Crédito,,BA,Miguel Calmon,,,,,I
03725578,202506,COOPERATIVA DE CRÉDITO RURAL DE MIRANORTE E REGIÃO,200010,B3S,I,2,Cooperativa de Crédito,,TO,Miranorte,,,,,I
25404567,202506,COOPERATIVA DE CRÉDITO RURAL DE MONTE ALEGRE DE MINAS LTDA,198902,B3S,I,2,Cooperativa de Crédito,,MG,Monte Alegre de Minas,,,,,I
09978387,202506,COOPERATIVA DE CRÉDITO RURAL DE MORADA NOVA LTDA,180001,B3S,I,2,Cooperativa de Crédito,,CE,Morada Nova,,,,,I
09978245,202506,COOPERATIVA DE CRÉDITO RURAL DE NATIVIDADE LTDA.,180001,B3S,I,2,Cooperativa de Crédito,,RJ,Natividade,,,,,I
33190935,202506,COOPERATIVA DE CRÉDITO RURAL DE NAVIRAI LTDA-SICREDI-NAVIRAI,199011,B3S,I,2,Cooperativa de Crédito,,MS,Naviraí,,,,,I
86811130,202506,COOPERATIVA DE CREDITO RURAL DE NOVA FRIBURGO LTDA.,199404,B3S,I,2,Cooperativa de Crédito,,RJ,Nova Friburgo,,,,,I
42869479,202506,COOPERATIVA DE CRÉDITO RURAL DE NOVA PONTE LTDA,199210,B3S,I,2,Cooperativa de Crédito,,MG,Nova Ponte,,,,,I
07690514,202506,COOPERATIVA DE CRÉDITO RURAL DE NOVA RUSSAS LTDA.,197006,B3S,I,2,Cooperativa de Crédito,,CE,Nova Russas,,,,,I
32470684,202506,COOPERATIVA DE CREDITO RURAL DE NOVA VENECIA LTDA,180001,B3S,I,2,Cooperativa de Crédito,,ES,Nova Venécia,,,,,I
32984015,202506,COOPERATIVA DE CREDITO RURAL DE NOVA XAVANTINA LTDA,198907,B3S,I,2,Cooperativa de Crédito,,MT,Nova Xavantina,,,,,I
26393181,202506,COOPERATIVA DE CRÉDITO RURAL DE OLIVEIRA,199006,B3S,I,2,Cooperativa de Crédito,,MG,Oliveira,,,,,I
03634460,202506,COOPERATIVA DE CRÉDITO RURAL DE PALMAS,200001,B3S,I,2,Cooperativa de Crédito,,TO,Palmas,,,,,I
09512419,202506,COOPERATIVA DE CRÉDITO RURAL DE PANELAS LTDA,196911,B3S,I,2,Cooperativa de Crédito,,PE,Panelas,,,,,I
10646289,202506,COOPERATIVA DE CRÉDITO RURAL DE PAUDALHO LTDA,197001,B3S,I,2,Cooperativa de Crédito,,PE,Paudalho,,,,,I
71376073,202506,COOPERATIVA DE CRÉDITO RURAL DE PEDRA AZUL LTDA,199311,B3S,I,2,Cooperativa de Crédito,,MG,Pedra Azul,,,,,I
09978242,202506,COOPERATIVA DE CRÉDITO RURAL DE PEJUCARA LTDA,180001,B3S,I,2,Cooperativa de Crédito,,RS,Pejuçara,,,,,I
04073519,202506,COOPERATIVA DE CRÉDITO RURAL DE PEQUENOS AGRICULTORES E REFORMA AGRÁRIA DO EXTREMO OESTE CATARINENSE,200010,B3S,I,2,Cooperativa de Crédito,,SC,São Miguel do Oeste,,,,,I
00166719,202506,COOPERATIVA DE CRÉDITO RURAL DE PETRÓPOLIS LTDA,199411,B3S,I,2,Cooperativa de Crédito,,RJ,Petrópolis,,,,,I
09978374,202506,COOPERATIVA DE CRÉDITO RURAL DE POCO FUNDO LTDA,180001,B3S,I,2,Cooperativa de Crédito,,MG,Poço Fundo,,,,,I
78420262,202506,COOPERATIVA DE CREDITO RURAL DE PORECATU,198406,B3S,I,2,Cooperativa de Crédito,,PR,Porecatu,,,,,I
25407917,202506,COOPERATIVA DE CRÉDITO RURAL DE PRATA LTDA,198811,B3S,I,2,Cooperativa de Crédito,,MG,Prata,,,,,I
05627993,202506,COOPERATIVA DE CRÉDITO RURAL DE PRESIDENTE MÉDICI LTDA,200307,B3S,I,2,Cooperativa de Crédito,,RO,Presidente Médici,,,,,I
36513018,202506,COOPERATIVA DE CREDITO RURAL DE RESENDE LTDA,180001,B3S,I,2,Cooperativa de Crédito,,RJ,Resende,,,,,I
86927324,202506,COOPERATIVA DE CRÉDITO RURAL DE RIO BONITO LTDA.,199406,B3S,I,2,Cooperativa de Crédito,,RJ,Rio Bonito,,,,,I
26408146,202506,COOPERATIVA DE CREDITO RURAL DE RIO BRILHANTE LTDA,198909,B3S,I,2,Cooperativa de Crédito,,MS,Rio Brilhante,,,,,I
02027122,202506,COOPERATIVA DE CRÉDITO RURAL DE RIO PARANAÍBA LTDA - CREDIRIO,199709,B3S,I,2,Cooperativa de Crédito,,MG,Rio Paranaíba,,,,,I
93121473,202506,COOPERATIVA DE CREDITO RURAL DE RIO PARDO LTDA,199001,B3S,I,2,Cooperativa de Crédito,,RS,Rio Pardo,,,,,I
35787522,202506,COOPERATIVA DE CREDITO RURAL DE RIO PRETO LTDA - EM LIQUIDAÇÃO,198909,B3S,I,2,Cooperativa de Crédito,,RJ,Valença,,,,,I
87758009,202506,COOPERATIVA DE CREDITO RURAL DE ROSARIO DO SUL LTDA,198107,B3S,I,2,Cooperativa de Crédito,,RS,Rosário do Sul,,,,,I
04224673,202506,COOPERATIVA DE CRÉDITO RURAL DE SANTA BÁRBARA E REGIÃO LTDA.,200012,B3S,I,2,Cooperativa de Crédito,,MG,Santa Bárbara,,,,,I
21916275,202506,COOPERATIVA DE CRÉDITO RURAL DE SANTA RITA DO SAPUCAÍ LTDA,180001,B3S,I,2,Cooperativa de Crédito,,MG,Santa Rita do Sapucaí,,,,,I
05003587,202506,COOPERATIVA DE CREDITO RURAL DE SANTANA DO LIVRAMENTO LTDA,180001,B3S,I,2,Cooperativa de Crédito,,RS,Sant'Ana do Livramento,,,,,I
15933641,202506,COOPERATIVA DE CRÉDITO RURAL DE SANTO ANTÔNIO DE JESUS RESPONSABILIDADE LTDA,196909,B3S,I,2,Cooperativa de Crédito,,BA,Santo Antônio de Jesus,,,,,I
74133851,202506,COOPERATIVA DE CREDITO RURAL DE SANTO ANTONIO DE PADUA LTDA,199405,B3S,I,2,Cooperativa de Crédito,,RJ,Santo Antônio de Pádua,,,,,I
01917605,202506,COOPERATIVA DE CRÉDITO RURAL DE SANTO ANTÔNIO DO AMPARO LTDA,199709,B3S,I,2,Cooperativa de Crédito,,MG,Santo Antônio do Amparo,,,,,I
87788378,202506,COOPERATIVA DE CREDITO RURAL DE SÃO BORJA LTDA,198109,B3S,I,2,Cooperativa de Crédito,,RS,São Borja,,,,,I
87784104,202506,COOPERATIVA DE CRÉDITO RURAL DE SÃO FRANCISCO DE ASSIS LTDA.,198108,B3S,I,2,Cooperativa de Crédito,,RS,São Francisco de Assis,,,,,I
00727678,202506,COOPERATIVA DE CREDITO RURAL DE SAO FRANCISCO DE ITABAPOANA LTDA.,180001,B3S,I,2,Cooperativa de Crédito,,RJ,São Francisco de Itabapoana,,,,,I
88462825,202506,COOPERATIVA DE CREDITO RURAL DE SAO GABRIEL LTDA,198209,B3S,I,2,Cooperativa de Crédito,,RS,São Gabriel,,,,,I
00681634,202506,COOPERATIVA DE CREDITO RURAL DE SAO GONCALO LTDA.,180001,B3S,I,2,Cooperativa de Crédito,,RJ,São Gonçalo,,,,,I
25677477,202506,COOPERATIVA DE CRÉDITO RURAL DE SÃO JOÃO NEPOMUCENO LTDA,198903,B3S,I,2,Cooperativa de Crédito,,MG,São João Nepomuceno,,,,,I
12706834,202506,COOPERATIVA DE CRÉDITO RURAL DE SÃO JOSÉ DA LAGE,196712,B3S,I,2,Cooperativa de Crédito,,AL,São José da Laje,,,,,I
12416442,202506,COOPERATIVA DE CRÉDITO RURAL DE SAO MIGUEL DOS CAMPOS LTDA,197804,B3S,I,2,Cooperativa de Crédito,,AL,São Miguel dos Campos,,,,,I
00578694,202506,COOPERATIVA DE CREDITO RURAL DE SAPUCAIA LTDA.,180001,B3S,I,2,Cooperativa de Crédito,,RJ,Sapucaia,,,,,I
26369595,202506,COOPERATIVA DE CRÉDITO RURAL DE SERRO LTDA,199003,B3S,I,2,Cooperativa de Crédito,,MG,Serro,,,,,I
26408153,202506,COOPERATIVA DE CREDITO RURAL DE SIDROLANDIA LTDA,198909,B3S,I,2,Cooperativa de Crédito,,MS,Sidrolândia,,,,,I
09244976,202506,COOPERATIVA DE CRÉDITO RURAL DE SIMÃO DIAS LTDA. - CREATIVA,200801,B3S,I,2,Cooperativa de Crédito,,SE,Simão Dias,,,,,I
87764551,202506,COOPERATIVA DE CRÉDITO RURAL DE SOBRADINHO LTDA,198108,B3S,I,2,Cooperativa de Crédito,,RS,Sobradinho,,,,,I
03442542,202506,COOPERATIVA DE CRÉDITO RURAL DE TAMBAU,200001,B3S,I,2,Cooperativa de Crédito,,SP,Tambaú,,,,,I
93285815,202506,COOPERATIVA DE CREDITO RURAL DE TENENTE PORTELA LTDA,199004,B3S,I,2,Cooperativa de Crédito,,RS,Tenente Portela,,,,,I
36463255,202506,COOPERATIVA DE CRÉDITO RURAL DE TERESÓPOLIS LTDA.,199203,B3S,I,2,Cooperativa de Crédito,,RJ,Teresópolis,,,,,I
88580329,202506,COOPERATIVA DE CREDITO RURAL DE TRES DE MAIO LTDA,198209,B3S,I,2,Cooperativa de Crédito,,RS,Três de Maio,,,,,I
74042425,202506,COOPERATIVA DE CRÉDITO RURAL DE TRÊS RIOS LTDA,199402,B3S,I,2,Cooperativa de Crédito,,RJ,Três Rios,,,,,I
87804951,202506,COOPERATIVA DE CREDITO RURAL DE TUPANCIRETA LTDA,198111,B3S,I,2,Cooperativa de Crédito,,RS,Tupanciretã,,,,,I
81445827,202506,COOPERATIVA DE CREDITO RURAL DE UMUARAMA LTDA,198910,B3S,I,2,Cooperativa de Crédito,,PR,Umuarama,,,,,I
09978326,202506,COOPERATIVA DE CRÉDITO RURAL DE UNAI LTDA,180001,B3S,I,2,Cooperativa de Crédito,,MG,Unaí,,,,,I
88478797,202506,COOPERATIVA DE CREDITO RURAL DE URUGUAIANA LTDA,198209,B3S,I,2,Cooperativa de Crédito,,RS,Uruguaiana,,,,,I
71113229,202506,COOPERATIVA DE CRÉDITO RURAL DE VARGEM BONITA LTDA,199309,B3S,I,2,Cooperativa de Crédito,,MG,Vargem Bonita,,,,,I
01083395,202506,COOPERATIVA DE CREDITO RURAL DE VARZEA GRANDE LTDA,199603,B3S,I,2,Cooperativa de Crédito,,MT,Várzea Grande,,,,,I
00254909,202506,COOPERATIVA DE CREDITO RURAL DE VASSOURAS LTDA.,199503,B3S,I,2,Cooperativa de Crédito,,RJ,Vassouras,,,,,I
00254908,202506,COOPERATIVA DE CRÉDITO RURAL DE VOLTA REDONDA - CREDIAÇO,199412,B3S,I,2,Cooperativa de Crédito,,RJ,Volta Redonda,,,,,I
08482873,202506,COOPERATIVA DE CRÉDITO RURAL DO AGRESTE ALAGOANO - COOPERAGRE,200701,B3S,I,2,Cooperativa de Crédito,Mútuo com relevância em PJ,AL,Igaci,S5,,,,A
08202793,202506,COOPERATIVA DE CRÉDITO RURAL DO AGRESTE CENTRAL ALAGOANO LTDA. - COOPCRAL,200611,B3S,I,2,Cooperativa de Crédito,,AL,Arapiraca,S5,,,,I
12986360,202506,COOPERATIVA DE CRÉDITO RURAL DO AGRESTE POTIGUAR,198811,B3S,I,2,Cooperativa de Crédito,,RN,Natal,,,,,I
35295609,202506,COOPERATIVA DE CRÉDITO RURAL DO ALTO OESTE,199103,B3S,I,2,Cooperativa de Crédito,,RN,Pau dos Ferros,,,,,I
54213889,202506,"COOPERATIVA DE CRÉDITO RURAL DO CENTRO OESTE PAULISTA, SICOOB / CREDIPAULI",198502,B3S,I,2,Cooperativa de Crédito,,SP,Marília,,,,,I
09978281,202506,COOPERATIVA DE CRÉDITO RURAL DO CENTRO SUL LTDA.,180001,B3S,I,2,Cooperativa de Crédito,,RJ,Rio de Janeiro,,,,,I
38485983,202506,COOPERATIVA DE CRÉDITO RURAL DO LESTE DE MINAS LTDA. - SICOOB LESTE,199008,B3S,I,2,Cooperativa de Crédito,,MG,Resplendor,,,,,I
04430100,202506,COOPERATIVA DE CRÉDITO RURAL DO LITORAL VALE DO ITAJAÍ E NORTE CATARINENSE - CREDIALVES,200107,B3S,I,2,Cooperativa de Crédito,,SC,Luiz Alves,,,,,I
26571224,202506,COOPERATIVA DE CRÉDITO RURAL DO MÉDIO ARAGUAIA,199011,B3S,I,2,Cooperativa de Crédito,,MT,Barra do Garças,,,,,I
09978307,202506,COOPERATIVA DE CRÉDITO RURAL DO MEDIO OESTE LTDA,180001,B3S,I,2,Cooperativa de Crédito,,RN,Itaú,,,,,I
04788289,202506,COOPERATIVA DE CRÉDITO RURAL DO NORDESTE DA BAHIA,200203,B3S,I,2,Cooperativa de Crédito,,BA,Ribeira do Pombal,,,,,I
33713348,202506,COOPERATIVA DE CREDITO RURAL DO NORTE DE MATO GROSSO LTDA,199003,B3S,I,2,Cooperativa de Crédito,,MT,Sinop,,,,,I
03937769,202506,COOPERATIVA DE CRÉDITO RURAL DO NORTE DO TOCANTINS,200002,B3S,I,2,Cooperativa de Crédito,,TO,Araguatins,,,,,I
32666059,202506,COOPERATIVA DE CRÉDITO RURAL DO OESTE LTDA,198907,B3S,I,2,Cooperativa de Crédito,,BA,Luís Eduardo Magalhães,,,,,I
00998115,202506,COOPERATIVA DE CRÉDITO RURAL DO OESTE POTIGUAR,199611,B3S,I,2,Cooperativa de Crédito,,RN,Itaú,,,,,I
36946317,202506,COOPERATIVA DE CREDITO RURAL DO PANTANAL,199201,B3S,I,2,Cooperativa de Crédito,,SP,São Paulo,,,,,I
02359108,202506,COOPERATIVA DE CRÉDITO RURAL DO PLANALTO PAULISTA - CREDISOLO,199803,B3S,I,2,Cooperativa de Crédito,,SP,Garça,,,,,I
01956736,202506,COOPERATIVA DE CRÉDITO RURAL DO POTENGI LTDA,199710,B3S,I,2,Cooperativa de Crédito,,RN,São Tomé,,,,,I
03079626,202506,COOPERATIVA DE CRÉDITO RURAL DO RECÔNCAVO SUL - SICOOB RECÔNCAVO,199902,B3S,I,2,Cooperativa de Crédito,,BA,Nazaré,,,,,I
73518516,202506,COOPERATIVA DE CREDITO RURAL DO RIO DE JANEIRO LTDA,199312,B3S,I,2,Cooperativa de Crédito,,RJ,Rio de Janeiro,,,,,I
04426950,202506,COOPERATIVA DE CRÉDITO RURAL DO SEMI-ÁRIDO DO NORTE DA BAHIA,200106,B3S,I,2,Cooperativa de Crédito,,BA,Jaguarari,,,,,I
24210569,202506,COOPERATIVA DE CRÉDITO RURAL DO SERIDÓ,198910,B3S,I,2,Cooperativa de Crédito,,RN,Currais Novos,,,,,I
73926305,202506,COOPERATIVA DE CRÉDITO RURAL DO SUDESTE LTDA,199402,B3S,I,2,Cooperativa de Crédito,,GO,Catalão,,,,,I
05194149,202506,COOPERATIVA DE CRÉDITO RURAL DO SUDOESTE PAULISTA,200210,B3S,I,2,Cooperativa de Crédito,,SP,Itapetininga,,,,,I
03590086,202506,COOPERATIVA DE CRÉDITO RURAL DO SUL DE MINAS LTDA. - SICOOB RIVERCRED,200002,B3S,I,2,Cooperativa de Crédito,,MG,Carmo de Minas,,,,,I
02685487,202506,COOPERATIVA DE CRÉDITO RURAL DO SUL DO PARÁ,199807,B3S,I,2,Cooperativa de Crédito,,PA,São Félix do Xingu,,,,,I
04382656,202506,COOPERATIVA DE CRÉDITO RURAL DO TRAIRY POTIGUAR - CREDITRAIRY,200110,B3S,I,2,Cooperativa de Crédito,,RN,Santa Cruz,,,,,I
40762460,202506,COOPERATIVA DE CRÉDITO RURAL DO VALE DO ASSU,199201,B3S,I,2,Cooperativa de Crédito,,RN,Açu,,,,,I
04542393,202506,COOPERATIVA DE CRÉDITO RURAL DO VALE DO GUAPORÉ LTDA.,200107,B3S,I,2,Cooperativa de Crédito,,RO,São Miguel do Guaporé,,,,,I
02057576,202506,COOPERATIVA DE CRÉDITO RURAL DO VALE DO ITANHÉM - SICOOB ITANHÉM,199710,B3S,I,2,Cooperativa de Crédito,,BA,Itanhém,,,,,I
09978301,202506,COOPERATIVA DE CRÉDITO RURAL DO VALE DO JEQUIRICA,180001,B3S,I,2,Cooperativa de Crédito,,BA,Jiquiriçá,,,,,I
01285935,202506,COOPERATIVA DE CRÉDITO RURAL DO VALE DO JEQUITINHONHA LTDA - SICOOB NOSSACREDIAL,199607,B3S,I,2,Cooperativa de Crédito,,MG,Almenara,,,,,I
04228807,202506,COOPERATIVA DE CRÉDITO RURAL DO VALE DO MAMORÉ,200103,B3S,I,2,Cooperativa de Crédito,,RO,Guajará-Mirim,,,,,I
00177554,202506,COOPERATIVA DE CREDITO RURAL DO VALE DO PARAIBA LTDA.,199502,B3S,I,2,Cooperativa de Crédito,,RJ,Resende,,,,,I
00570795,202506,COOPERATIVA DE CRÉDITO RURAL DO VALE DO PARAIBA LTDA.,180001,B3S,I,2,Cooperativa de Crédito,,SP,Guaratinguetá,,,,,I
81745242,202506,COOPERATIVA DE CREDITO RURAL DO VALE DO PARANAPANEMA LTDA,199008,B3S,I,2,Cooperativa de Crédito,,PR,Alvorada do Sul,,,,,I
81740060,202506,COOPERATIVA DE CREDITO RURAL DO VALE DO RIO GOIOERE,199003,B3S,I,2,Cooperativa de Crédito,,PR,Goioerê,,,,,I
00255613,202506,COOPERATIVA DE CREDITO RURAL DO VALE DO RIO MANSO LTDA,199412,B3S,I,2,Cooperativa de Crédito,,MT,Novo São Joaquim,,,,,I
25526914,202506,COOPERATIVA DE CRÉDITO RURAL DO VALE DO RIO VERDE LTDA - CREDIRIVER,198901,B3S,I,2,Cooperativa de Crédito,,MG,Elói Mendes,,,,,I
04287631,202506,COOPERATIVA DE CRÉDITO RURAL DO VALE DO SUBAÉ,200103,B3S,I,2,Cooperativa de Crédito,,BA,Feira de Santana,,,,,I
03871777,202506,COOPERATIVA DE CRÉDITO RURAL DO VALE DO TOCANTINS,200103,B3S,I,2,Cooperativa de Crédito,,TO,Araguaína,,,,,I
02049217,202506,COOPERATIVA DE CRÉDITO RURAL DO VALE DO URUPA LTDA - CREDIRON,199711,B3S,I,2,Cooperativa de Crédito,,RO,Ouro Preto do Oeste,,,,,I
06353310,202506,COOPERATIVA DE CREDITO RURAL DOS AGRICULTORES FAMILIARES DA MICRO REGIAO DO CRATO,200503,B3S,I,2,Cooperativa de Crédito,,CE,Crato,,,,,I
08714827,202506,COOPERATIVA DE CRÉDITO RURAL DOS AGRICULTORES FAMILIARES DO BAIXO PARAÍBA - COOPACRED,200711,B3S,I,2,Cooperativa de Crédito,,PB,Sapé,,,,,I
50334234,202506,COOPERATIVA DE CRÉDITO RURAL DOS AGROPECUARISTAS DA REGIÃO DE PORTO FELIZ,197805,B3S,I,2,Cooperativa de Crédito,,SP,Porto Feliz,S5,,,,I
09381542,202506,COOPERATIVA DE CRÉDITO RURAL DOS FORNECEDORES DE CANA DA PARAÍBA LTDA,197406,B3S,I,2,Cooperativa de Crédito,,PB,João Pessoa,,,,,I
49654502,202506,COOPERATIVA DE CRÉDITO RURAL DOS FORNECEDORES DE CANA DA REGIÃO DE CATANDUVA-COFOCRED,197801,B3S,I,2,Cooperativa de Crédito,Atípicas,SP,Catanduva,S5,,,,A
05431805,202506,COOPERATIVA DE CRÉDITO RURAL DOS PEQUENOS PRODUTORES DO CARIRI OESTE - ECOSOL CARIRI OESTE,200304,B3S,I,2,Cooperativa de Crédito,,CE,Assaré,,,,,I
52623311,202506,COOPERATIVA DE CRÉDITO RURAL DOS PLANTADORES DE CANA DA REGIÃO DE IGARAPAVA,198303,B3S,I,2,Cooperativa de Crédito,Crédito rural,SP,Igarapava,S5,,,,A
23806219,202506,COOPERATIVA DE CRÉDITO RURAL DOS PLANTADORES DE CANA DA ZONA DA MATA LTDA.   SICOOB COPERCREDI,197006,B3S,I,2,Cooperativa de Crédito,,MG,Ponte Nova,,,,,I
12272183,202506,COOPERATIVA DE CRÉDITO RURAL DOS PLANTADORES DE CANA DE ALAGOAS,196907,B3S,I,2,Cooperativa de Crédito,Atípicas,AL,Maceió,S5,,,,A
08118630,202506,COOPERATIVA DE CRÉDITO RURAL DOS PLANTADORES DE CANA DO RIO GRANDE DO NORTE,197006,B3S,I,2,Cooperativa de Crédito,,RN,Natal,,,,,I
21558663,202506,COOPERATIVA DE CRÉDITO RURAL DOS PLANTADORES DE CANA DO TRIÂNGULO MINEIRO LTDA,198510,B3S,I,2,Cooperativa de Crédito,,MG,Tupaciguara,,,,,I
05853210,202506,COOPERATIVA DE CRÉDITO RURAL DOS PRODUTORES DA REGIÃO DE IRECÊ - CREDIRURAL,200502,B3S,I,2,Cooperativa de Crédito,,BA,Irecê,S5,,,,I
00174915,202506,COOPERATIVA DE CRÉDITO RURAL DOS PRODUTORES DA ZONA DE SÃO MANUEL,199409,B3S,I,2,Cooperativa de Crédito,,SP,São Manuel,,,,,I
15614555,202506,COOPERATIVA DE CRÉDITO RURAL DOS PRODUTORES DE CANA DE SERGIPE LTDA,198305,B3S,I,2,Cooperativa de Crédito,,SE,Aracaju,,,,,I
09978369,202506,COOPERATIVA DE CRÉDITO RURAL DOS PRODUTORES DE JUIZ DE FORA LTDA,180001,B3S,I,2,Cooperativa de Crédito,,MG,Juiz de Fora,,,,,I
32737090,202506,COOPERATIVA DE CRÉDITO RURAL DOS PRODUTORES DE LEITE DO ESTADO DE SERGIPE LTDA.,199002,B3S,I,2,Cooperativa de Crédito,,SE,Aracaju,,,,,I
09978264,202506,COOPERATIVA DE CRÉDITO RURAL DOS PRODUTORES DE SAO GONCALO LTDA.,180001,B3S,I,2,Cooperativa de Crédito,,RJ,São Gonçalo,,,,,I
00408824,202506,COOPERATIVA DE CREDITO RURAL DOS PRODUTORES DE TERESOPOLIS LTDA,199504,B3S,I,2,Cooperativa de Crédito,,RJ,Teresópolis,,,,,I
35135185,202506,COOPERATIVA DE CRÉDITO RURAL DOS PRODUTORES DO BAIXO PARNAÍBA LTDA,199007,B3S,I,2,Cooperativa de Crédito,,PI,Parnaíba,,,,,I
25360975,202506,COOPERATIVA DE CRÉDITO RURAL DOS PRODUTORES DO VALE DO PARACATU LTDA,198901,B3S,I,2,Cooperativa de Crédito,,MG,Paracatu,,,,,I
72521891,202506,COOPERATIVA DE CREDITO RURAL DOS PRODUTORES SUL PARANA,199309,B3S,I,2,Cooperativa de Crédito,,PR,São José dos Pinhais,,,,,I
00888591,202506,COOPERATIVA DE CREDITO RURAL DUOVIZINHENSE,199511,B3S,I,2,Cooperativa de Crédito,,PR,Dois Vizinhos,,,,,I
09041464,202506,COOPERATIVA DE CRÉDITO RURAL E DOS SERVIDORES PÚBLICOS ESTADUAIS DO TOCANTINS,200711,B3S,I,2,Cooperativa de Crédito,,TO,Palmas,,,,,I
02904138,202506,COOPERATIVA DE CRÉDITO RURAL E ECONOMIA COM INTERAÇÃO SOLIDÁRIA DE ÁUREA - CRESOL ÁUREA,199903,B3S,I,2,Cooperativa de Crédito,Crédito rural,RS,Áurea,S5,,,,A
05241145,202506,COOPERATIVA DE CRÉDITO RURAL E ECONOMIA COM INTERAÇÃO SOLIDÁRIA DE GETÚLIO VARGAS - CRESOL GETÚLIO VARGAS,200209,B3S,I,2,Cooperativa de Crédito,Crédito misto,RS,Getúlio Vargas,S5,,,,A
05427501,202506,COOPERATIVA DE CRÉDITO RURAL E ECONOMIA COM INTERAÇÃO SOLIDÁRIA DE IPUMIRIM - CRESOL IPUMIRIM,200302,B3S,I,2,Cooperativa de Crédito,,SC,Ipumirim,S5,,,,I
05689305,202506,COOPERATIVA DE CRÉDITO RURAL E SOLIDARIO DE VARZEA ALEGRE - COOCRESVA,200309,B3S,I,2,Cooperativa de Crédito,,CE,Várzea Alegre,,,,,I
09978325,202506,COOPERATIVA DE CRÉDITO RURAL EM MONTE SANTO DE MINAS LTDA,180001,B3S,I,2,Cooperativa de Crédito,,MG,Monte Santo de Minas,,,,,I
02417755,202506,COOPERATIVA DE CRÉDITO RURAL EUNÁPOLIS LTDA.,199803,B3S,I,2,Cooperativa de Crédito,,BA,Eunápolis,,,,,I
76799857,202506,COOPERATIVA DE CREDITO RURAL FRANCISCO BELTRÃO LTDA,198305,B3S,I,2,Cooperativa de Crédito,,PR,Francisco Beltrão,,,,,I
32615056,202506,COOPERATIVA DE CRÉDITO RURAL GRAPIÚNA LTDA. - SICOOB CREDICOOGRAP,198812,B3S,I,2,Cooperativa de Crédito,,BA,Itabuna,,,,,I
90455809,202506,COOPERATIVA DE CREDITO RURAL GUARANI DAS MISSOES LTDA,196911,B3S,I,2,Cooperativa de Crédito,,RS,Guarani das Missões,,,,,I
70966171,202506,COOPERATIVA DE CRÉDITO RURAL GUARDA-MOR LTDA,199306,B3S,I,2,Cooperativa de Crédito,,MG,Guarda-Mor,,,,,I
05996245,202506,COOPERATIVA DE CRÉDITO RURAL HORIZONTES NOVOS DE BARÃO DE COTEGIPE - CREHNOR NORTE,200311,B3S,I,2,Cooperativa de Crédito,,RS,Barão de Cotegipe,,,,,I
07268732,202506,COOPERATIVA DE CRÉDITO RURAL HORIZONTES NOVOS DE IJUÍ - CREHNOR NOROESTE,200507,B3S,I,2,Cooperativa de Crédito,,RS,Ijuí,,,,,I
01869822,202506,COOPERATIVA DE CREDITO RURAL HORIZONTES NOVOS DE NOVO SARANDI-CREHNOR SARANDI,199703,B3S,I,2,Cooperativa de Crédito,,RS,Sarandi,,,,,I
07211070,202506,COOPERATIVA DE CRÉDITO RURAL HORIZONTES NOVOS DE PALMITOS - CREHNOR PALMITOS,200504,B3S,I,2,Cooperativa de Crédito,,SC,Palmitos,,,,,I
05631622,202506,COOPERATIVA DE CRÉDITO RURAL HORIZONTES NOVOS DE VENÂNCIO AIRES - CREHNOR CENTRO,200305,B3S,I,2,Cooperativa de Crédito,,RS,Venâncio Aires,,,,,I
90524968,202506,COOPERATIVA DE CREDITO RURAL HORIZONTINA LTDA,196910,B3S,I,2,Cooperativa de Crédito,,RS,Horizontina,,,,,I
16348005,202506,COOPERATIVA DE CRÉDITO RURAL ILHÉUS LTDA,198812,B3S,I,2,Cooperativa de Crédito,,BA,Ilhéus,S5,,,,I
16355844,202506,COOPERATIVA DE CRÉDITO RURAL IPIAU LTDA,198812,B3S,I,2,Cooperativa de Crédito,,BA,Ipiaú,,,,,I
04007201,202506,COOPERATIVA DE CREDITO RURAL ITABATÃ - SICOOB ITABATÃ.,200011,B3S,I,2,Cooperativa de Crédito,,BA,Mucuri,,,,,I
73073025,202506,COOPERATIVA DE CRÉDITO RURAL LINENSE,199311,B3S,I,2,Cooperativa de Crédito,,SP,Lins,,,,,I
02303686,202506,COOPERATIVA DE CRÉDITO RURAL LIVRAMENTENSE LTDA.,199803,B3S,I,2,Cooperativa de Crédito,,BA,Livramento de Nossa Senhora,,,,,I
66284134,202506,COOPERATIVA DE CRÉDITO RURAL MEDEIROS LTDA,199108,B3S,I,2,Cooperativa de Crédito,,MG,Medeiros,,,,,I
33694993,202506,COOPERATIVA DE CREDITO RURAL MEDIO NORTE LTDA,199005,B3S,I,2,Cooperativa de Crédito,,MT,Diamantino,,,,,I
87740619,202506,COOPERATIVA DE CREDITO RURAL MISSOES,198108,B3S,I,2,Cooperativa de Crédito,,RS,São Luiz Gonzaga,,,,,I
92647064,202506,COOPERATIVA DE CREDITO RURAL NORDESTE DO RIO GRANDE DO SUL LTDA,198907,B3S,I,2,Cooperativa de Crédito,,RS,Sananduva,,,,,I
09827417,202506,COOPERATIVA DE CRÉDITO RURAL NOROESTE DO PARANÁ - CREDI NOROESTE,180001,B3S,I,2,Cooperativa de Crédito,,PR,Campo Mourão,,,,,I
05556424,202506,COOPERATIVA DE CRÉDITO RURAL NOROESTE DO PARANÁ - SICOOB NOROESTE,200306,B3S,I,2,Cooperativa de Crédito,,PR,Campo Mourão,,,,,I
05644916,202506,COOPERATIVA DE CRÉDITO RURAL NORTE DO ITAPICURU,200306,B3S,I,2,Cooperativa de Crédito,,BA,Jaguarari,,,,,I
37490935,202506,COOPERATIVA DE CREDITO RURAL OURO VERDE,199309,B3S,I,2,Cooperativa de Crédito,,MT,São José do Rio Claro,,,,,I
71141154,202506,COOPERATIVA DE CRÉDITO RURAL PADRE PARAÍSO LTDA,199306,B3S,I,2,Cooperativa de Crédito,,MG,Padre Paraíso,,,,,I
25133265,202506,COOPERATIVA DE CRÉDITO RURAL PARANAÍBA LTDA,198907,B3S,I,2,Cooperativa de Crédito,,GO,Itumbiara,,,,,I
97835706,202506,COOPERATIVA DE CREDITO RURAL PAVERAMA LTDA,197008,B3S,I,2,Cooperativa de Crédito,,RS,Taquari,,,,,I
02909173,202506,COOPERATIVA DE CRÉDITO RURAL PÉ DE SERRA LTDA. - SICOOB PÉ DE SERRA,199904,B3S,I,2,Cooperativa de Crédito,,BA,Pé de Serra,,,,,I
79102133,202506,COOPERATIVA DE CREDITO RURAL REGIONAL,198604,B3S,I,2,Cooperativa de Crédito,,PR,Irati,,,,,I
81352643,202506,COOPERATIVA DE CREDITO RURAL SANTA LUCIA,198908,B3S,I,2,Cooperativa de Crédito,,SC,Descanso,,,,,I
40571838,202506,COOPERATIVA DE CRÉDITO RURAL SAO GABRIEL LTDA,199111,B3S,I,2,Cooperativa de Crédito,,BA,São Gabriel,,,,,I
00204963,202506,COOPERATIVA DE CREDITO RURAL SEARA - CREDISEARA,199501,B3S,I,2,Cooperativa de Crédito,Crédito misto,SC,Seara,S5,,,,A
04317316,202506,COOPERATIVA DE CRÉDITO RURAL SENHOR DO BONFIM LTDA. - SICOOB BONFIM,200106,B3S,I,2,Cooperativa de Crédito,,BA,Senhor do Bonfim,S5,,,,I
25601386,202506,COOPERATIVA DE CRÉDITO RURAL SETE DE SETEMBRO LTDA,198904,B3S,I,2,Cooperativa de Crédito,,MG,Varginha,,,,,I
08254480,202506,COOPERATIVA DE CRÉDITO RURAL SOLIDÁRIO DE AGRICULTORES FAMILIARES DE GOIÂNIA E REGIÃO - REDE CRED,200703,B3S,I,2,Cooperativa de Crédito,,GO,Goiânia,,,,,I
06083191,202506,COOPERATIVA DE CRÉDITO RURAL SOLIDÁRIO DE RIBEIRÃO BRANCO,200402,B3S,I,2,Cooperativa de Crédito,,SP,Ribeirão Branco,,,,,I
24792970,202506,COOPERATIVA DE CRÉDITO RURAL SUL GOIANA LTDA,198809,B3S,I,2,Cooperativa de Crédito,,GO,Goiatuba,,,,,I
44024388,202506,COOPERATIVA DE CRÉDITO RURAL SUL-BRASIL LTDA,197409,B3S,I,2,Cooperativa de Crédito,,SP,São Paulo,,,,,I
97763437,202506,COOPERATIVA DE CREDITO RURAL TAQUARA LTDA,197002,B3S,I,2,Cooperativa de Crédito,,RS,Taquara,,,,,I
89426837,202506,COOPERATIVA DE CREDITO RURAL TRESARROIENSE LTDA,196910,B3S,I,2,Cooperativa de Crédito,,RS,Erechim,,,,,I
84942333,202506,COOPERATIVA DE CREDITO RURAL UBIRATA,199202,B3S,I,2,Cooperativa de Crédito,,PR,Ubiratã,,,,,I
78141876,202506,COOPERATIVA DE CRÉDITO RURAL VALE DO BANDEIRANTE - SICREDI VALE DO BANDEIRANTE PR,198402,B3S,I,2,Cooperativa de Crédito,,PR,Astorga,,,,,I
73832172,202506,COOPERATIVA DE CREDITO RURAL VALE DO TAPIRAPE LTDA,199301,B3S,I,2,Cooperativa de Crédito,,MT,Porto Alegre do Norte,,,,,I
76046382,202506,COOPERATIVA DE CREDITO RURAL VALE DO TIBAGI LTDA,198111,B3S,I,2,Cooperativa de Crédito,,PR,Londrina,,,,,I
71154256,202506,COOPERATIVA DE CRÉDITO SACRAMENTO LTDA - SICOOB SACRAMENTO,199310,B3S,I,2,Cooperativa de Crédito,Crédito misto,MG,Sacramento,S5,,,,A
88209572,202506,COOPERATIVA DE CREDITO SERRANA LTDA,196612,B3S,I,2,Cooperativa de Crédito,,RS,Canela,,,,,I
04013172,202506,COOPERATIVA DE CRÉDITO SICOOB 3 COLINAS,200009,B3S,I,2,Cooperativa de Crédito,Atípicas,SP,Franca,S5,,,,A
06174009,202506,COOPERATIVA DE CRÉDITO SICOOB ALIANÇA,200405,B3S,I,2,Cooperativa de Crédito,Crédito misto,PR,Apucarana,S5,,,,A
07097064,202506,COOPERATIVA DE CRÉDITO SICOOB CONFIANÇA,200502,B3S,I,2,Cooperativa de Crédito,Mútuo com financiamento relevante,PR,Marechal Cândido Rondon,S5,,,,A
32615247,202506,COOPERATIVA DE CREDITO SICOOB COOPEC LTDA.,198812,B3S,I,2,Cooperativa de Crédito,Mútuo PF com conta corrente,BA,Itabuna,S5,,,,A
04174720,202506,COOPERATIVA DE CRÉDITO SICOOB COOPEMAR LTDA,200005,B3S,I,2,Cooperativa de Crédito,Atípicas,BA,Mairi,S5,,,,A
74026998,202506,COOPERATIVA DE CRÉDITO SICOOB COOPERBOM LTDA,199401,B3S,I,2,Cooperativa de Crédito,,BA,Salvador,S5,,,,I
62673470,202506,COOPERATIVA DE CRÉDITO SICOOB COOPMIL,199006,B3S,I,2,Cooperativa de Crédito,Mútuo com relevância em PJ,SP,São Paulo,S5,,,,A
01205736,202506,COOPERATIVA DE CRÉDITO SICOOB COSTA DO DESCOBRIMENTO LTDA.,199606,B3S,I,2,Cooperativa de Crédito,Crédito misto,BA,Itamaraju,S5,,,,A
02528151,202506,COOPERATIVA DE CRÉDITO SICOOB CREDCOOP LTDA.,199809,B3S,I,2,Cooperativa de Crédito,Mútuo PF com conta corrente,BA,Vitória da Conquista,S5,,,,A
04529074,202506,COOPERATIVA DE CRÉDITO SICOOB CREDICAPITAL,200108,B3S,I,2,Cooperativa de Crédito,Crédito misto,PR,Cascavel,S5,,,,A
03535065,202506,COOPERATIVA DE CRÉDITO SICOOB CREDMETAL,199912,B3S,I,2,Cooperativa de Crédito,Mútuo PF com conta corrente,SP,Osasco,S5,,,,A
02935307,202506,COOPERATIVA DE CRÉDITO SICOOB CREDSEGURO LTDA.,199901,B3S,I,2,Cooperativa de Crédito,Mútuo com relevância em PJ,GO,Goiânia,S5,,,,A
04388688,202506,COOPERATIVA DE CRÉDITO SICOOB ENGECRED LTDA.,200008,B3S,I,2,Cooperativa de Crédito,Atípicas,GO,Goiânia,S4,,,,A
02447120,202506,COOPERATIVA DE CRÉDITO SICOOB EXTREMO SUL LTDA.,199805,B3S,I,2,Cooperativa de Crédito,Crédito misto,BA,Teixeira de Freitas,S5,,,,A
24610065,202506,COOPERATIVA DE CRÉDITO SICOOB IPÊ - SICOOB IPÊ,198902,B3S,I,2,Cooperativa de Crédito,Mútuo com relevância em PJ,MS,Campo Grande,S5,,,,A
71506513,202506,COOPERATIVA DE CRÉDITO SICOOB ITAPAGIPE LTDA - SICOOB ITAPAGIPE,199404,B3S,I,2,Cooperativa de Crédito,Crédito rural,MG,Itapagipe,S5,,,,A
07318874,202506,COOPERATIVA DE CRÉDITO SICOOB MÉDIO OESTE,200506,B3S,I,2,Cooperativa de Crédito,Crédito misto,PR,Assis Chateaubriand,S5,,,,A
03459850,202506,COOPERATIVA DE CRÉDITO SICOOB METROPOLITANO,199911,B3S,I,2,Cooperativa de Crédito,Mútuo com relevância em PJ,PR,Maringá,S5,,,,A
02876918,202506,COOPERATIVA DE CRÉDITO SICOOB NORTE SUL LTDA,199903,B3S,I,2,Cooperativa de Crédito,Mútuo com relevância em PJ,BA,Gandu,S5,,,,A
05582619,202506,COOPERATIVA DE CRÉDITO SICOOB OURO VERDE,200305,B3S,I,2,Cooperativa de Crédito,Mútuo com relevância em PJ,PR,Londrina,S5,,,,A
05241619,202506,COOPERATIVA DE CRÉDITO SICOOB PRIMAVERA - SICOOB PRIMAVERA,200209,B3S,I,2,Cooperativa de Crédito,Crédito misto,MT,Primavera do Leste,S5,,,,A
02057584,202506,COOPERATIVA DE CRÉDITO SICOOB SERTÃO LTDA,199801,B3S,I,2,Cooperativa de Crédito,Mútuo com relevância em PJ,BA,Pintadas,S5,,,,A
86389236,202506,COOPERATIVA DE CRÉDITO SICOOB UNI SUDESTE,199406,B3S,I,2,Cooperativa de Crédito,Mútuo com relevância em PJ,MG,Ubá,S5,,,,A
37554441,202506,COOPERATIVA DE CRÉDITO SICOOB UNI SUL MS,199302,B3S,I,2,Cooperativa de Crédito,Mútuo com relevância em PJ,MS,Dourados,S5,,,,A
01042487,202506,COOPERATIVA DE CRÉDITO SICOOB UNIDAS,199602,B3S,I,2,Cooperativa de Crédito,,PA,Belém,S5,,,,I
02466552,202506,COOPERATIVA DE CRÉDITO SICOOB VALE SUL,199806,B3S,I,2,Cooperativa de Crédito,Crédito misto,PR,Francisco Beltrão,S5,,,,A
26359745,202506,COOPERATIVA DE CRÉDITO SICOOBMAIS  LTDA. - SICOOBMAIS,199004,B3S,I,2,Cooperativa de Crédito,Mútuo com relevância em PJ,MG,Iguatama,S5,,,,I
09343038,202506,COOPERATIVA DE CRÉDITO SICREDI ALTO SERTÃO PARAIBANO - SICREDI ALTO SERTÃO PARAIBANO,200803,B3S,I,2,Cooperativa de Crédito,Mútuo com financiamento relevante,PB,Sousa,S4,,,,A
70027388,202506,COOPERATIVA DE CRÉDITO SICREDI MOSSORÓ - SICREDI MOSSORÓ,199312,B3S,I,2,Cooperativa de Crédito,,RN,Mossoró,,,,,I
04146333,202506,COOPERATIVA DE CRÉDITO SICREDI PERNAMBUCRED,200101,B3S,I,2,Cooperativa de Crédito,,PE,Recife,S5,,,,I
90608712,202506,COOPERATIVA DE CRÉDITO SICREDI SERRANA RS/ES,198601,B3S,I,2,Cooperativa de Crédito,Mútuo com relevância em PJ,RS,Carlos Barbosa,S4,,,,A
08418804,202506,COOPERATIVA DE CRÉDITO SOLIDÁRIO DA AGRICULTURA FAMILIAR DO OESTE POTIGUAR - CREDIOESTE-SOL,200701,B3S,I,2,Cooperativa de Crédito,,RN,Apodi,,,,,I
05888589,202506,COOPERATIVA DE CRÉDITO SUL - SICOOB SUL,200311,B3S,I,2,Cooperativa de Crédito,Mútuo com relevância em PJ,PR,Curitiba,S5,,,,A
32467086,202506,COOPERATIVA DE CRÉDITO SUL DO ESPÍRITO SANTO - SICOOB SUL,198912,B3S,I,2,Cooperativa de Crédito,Mútuo com financiamento relevante,ES,Cachoeiro de Itapemirim,S5,,,,A
08253539,202506,COOPERATIVA DE CREDITO SULCREDI AMPLEA,200608,B3S,I,2,Cooperativa de Crédito,Atípicas,SC,São Miguel do Oeste,S5,,,,A
32474884,202506,COOPERATIVA DE CRÉDITO SUL-LITORÂNEA DO ESPÍRITO SANTO,199002,B3S,I,2,Cooperativa de Crédito,Mútuo com relevância em PJ,ES,Alfredo Chaves,S5,,,,A
00815319,202506,COOPERATIVA DE CRÉDITO SUL-SERRANA DO ESPÍRITO SANTO,199511,B3S,I,2,Cooperativa de Crédito,Mútuo com relevância em PJ,ES,Venda Nova do Imigrante,S5,,,,A
26072728,202506,COOPERATIVA DE CRÉDITO UNIÃO CENTRO OESTE LTDA. - SICOOB UNIÃO CENTRO OESTE,198910,B3S,I,2,Cooperativa de Crédito,,MG,Arcos,S5,,,,I
26178111,202506,COOPERATIVA DE CRÉDITO UNIÃO CENTRO OESTE LTDA. - SICOOB UNIÃO CENTRO OESTE,199001,B3S,I,2,Cooperativa de Crédito,Crédito misto,MG,Lagoa da Prata,S5,,,,A
65239402,202506,COOPERATIVA DE CRÉDITO UNIÃO DO CENTRO OESTE DE MINAS LTDA. - SICOOB CENTRO UNIÃO,199304,B3S,I,2,Cooperativa de Crédito,Atípicas,MG,Carmo do Cajuru,S5,,,,A
05772229,202506,COOPERATIVA DE CRÉDITO UNICOOB OURO BRANCO - SICOOB UNICOOB OURO BRANCO,200309,B3S,I,2,Cooperativa de Crédito,,PR,Paranavaí,S5,,,,I
00977212,202506,COOPERATIVA DE CRÉDITO UNICOPER,199602,B3S,I,2,Cooperativa de Crédito,,SP,São Paulo,S5,,,,I
71163315,202506,COOPERATIVA DE CRÉDITO UNICRED AMPLA LTDA - UNICRED AMPLA,199401,B3S,I,2,Cooperativa de Crédito,Mútuo com relevância em PJ,MG,Sete Lagoas,S5,,,,A
00075847,202506,COOPERATIVA DE CRÉDITO UNICRED CENTRO-SUL LTDA - UNICRED CENTRO-SUL,199408,B3S,I,2,Cooperativa de Crédito,Mútuo com relevância em PJ,SC,Criciúma,S5,,,,A
04355489,202506,COOPERATIVA DE CRÉDITO UNICRED COOMARCA LTDA. - COOMARCA,200106,B3S,I,2,Cooperativa de Crédito,Mútuo PF com conta corrente,SC,Florianópolis,S5,,,,A
01039011,202506,COOPERATIVA DE CRÉDITO UNICRED DESBRAVADORA LTDA - UNICRED DESBRAVADORA,199604,B3S,I,2,Cooperativa de Crédito,Mútuo com relevância em PJ,SC,Chapecó,S5,,,,A
01727929,202506,COOPERATIVA DE CRÉDITO UNICRED EVOLUÇÃO LTDA. - UNICRED EVOLUÇÃO,199706,B3S,I,2,Cooperativa de Crédito,Mútuo com relevância em PJ,MG,Patos de Minas,S5,,,,A
01796302,202506,COOPERATIVA DE CRÉDITO UNICRED REGIÃO DOS VALES LTDA. - UNICRED REGIÃO DOS VALES,199707,B3S,I,2,Cooperativa de Crédito,Mútuo com relevância em PJ,RS,Novo Hamburgo,S5,,,,I
74114042,202506,COOPERATIVA DE CRÉDITO UNICRED UNIÃO LTDA - UNICRED UNIÃO,199404,B3S,I,2,Cooperativa de Crédito,Mútuo com relevância em PJ,SC,Itajaí,S5,,,,A
73443863,202506,COOPERATIVA DE CRÉDITO UNICRED VALE LTDA - UNICRED VALE,199312,B3S,I,2,Cooperativa de Crédito,Mútuo com relevância em PJ,SC,Blumenau,S5,,,,A
74064502,202506,COOPERATIVA DE CRÉDITO UNICRED VALOR CAPITAL LTDA - UNICRED VALOR CAPITAL,199403,B3S,I,2,Cooperativa de Crédito,Mútuo com relevância em PJ,SC,Florianópolis,S5,,,,A
44373041,202506,COOPERATIVA DE CRÉDITO UNIPRIME CREDICANA,196911,B3S,I,2,Cooperativa de Crédito,Atípicas,SP,Assis,S5,,,,A
01572667,202506,COOPERATIVA DE CRÉDITO UNIPRIME SUL,199701,B3S,I,2,Cooperativa de Crédito,Mútuo com relevância em PJ,RS,Erechim,S5,,,,A
73647935,202506,COOPERATIVA DE CRÉDITO UNIQUE BR,199311,B3S,I,2,Cooperativa de Crédito,Mútuo com relevância em PJ,MS,Campo Grande,S5,,,,A
00928993,202506,COOPERATIVA DE CRÉDITO URBANO DOS CIRURGIÕES-DENTISTAS E OUTROS PROFISSIONAIS NA ÁREA DE SAÚDE DE CUIABÁ LTDA.-COOPERODONTO,199601,B3S,I,2,Cooperativa de Crédito,,MT,Cuiabá,,,,,I
00707903,202506,COOPERATIVA DE CRÉDITO VALE DO CANOAS - SICOOB/SC CREDICANOAS,199508,B3S,I,2,Cooperativa de Crédito,Crédito misto,SC,Abdon Batista,S5,,,,A
82639451,202506,COOPERATIVA DE CREDITO VALE DO ITAJAI - VIACREDI,196801,B3S,I,2,Cooperativa de Crédito,Mútuo com financiamento relevante,SC,Blumenau,S3,,,,A
79052122,202506,"COOPERATIVA DE CREDITO, POUPANÇA E INVESTIMENTO ALIANÇA - SICREDI ALIANÇA PR/SP",198603,B3S,I,2,Cooperativa de Crédito,Crédito misto,PR,Marechal Cândido Rondon,S4,,,,A
25626490,202506,"COOPERATIVA DE CRÉDITO, POUPANÇA E INVESTIMENTO ALTO RIO GRANDE MG - SICREDI CREDIGRANDE MG",198904,B3S,I,2,Cooperativa de Crédito,Mútuo com relevância em PJ,MG,Lavras,S4,,,,I
04853988,202506,"COOPERATIVA DE CRÉDITO, POUPANÇA E INVESTIMENTO BANDEIRANTES - SICREDI BANDEIRANTES SP",200202,B3S,I,2,Cooperativa de Crédito,Mútuo com relevância em PJ,SP,São Carlos,S4,,,,A
87900601,202506,"COOPERATIVA DE CRÉDITO, POUPANÇA E INVESTIMENTO BOTUCARAÍ - SICREDI BOTUCARAÍ RS/MG",198111,B3S,I,2,Cooperativa de Crédito,Crédito misto,RS,Soledade,S4,,,,A
95213211,202506,"COOPERATIVA DE CRÉDITO, POUPANÇA E INVESTIMENTO CAMINHO DAS ÁGUAS RS - SICREDI CAMINHO DAS ÁGUAS RS",196911,B3S,I,2,Cooperativa de Crédito,Mútuo com relevância em PJ,RS,Rolante,S4,,,,A
81466286,202506,"COOPERATIVA DE CRÉDITO, POUPANÇA E INVESTIMENTO CAMPOS GERAIS E GRANDE CURITIBA - SICREDI CAMPOS GERAIS E GRANDE CURITIBA PR/SP",198910,B3S,I,2,Cooperativa de Crédito,Mútuo com relevância em PJ,PR,Ponta Grossa,S4,,,,A
03566655,202506,"COOPERATIVA DE CRÉDITO, POUPANÇA E INVESTIMENTO CELEIRO CENTRO OESTE - SICREDI CELEIRO CENTRO OESTE",200001,B3S,I,2,Cooperativa de Crédito,Crédito misto,MS,São Gabriel do Oeste,S4,,,,A
87067757,202506,"COOPERATIVA DE CRÉDITO, POUPANÇA E INVESTIMENTO CENTRO SERRA - SICREDI CENTRO SERRA RS",197002,B3S,I,2,Cooperativa de Crédito,Crédito misto,RS,Agudo,S4,,,,A
78907607,202506,"COOPERATIVA DE CRÉDITO, POUPANÇA E INVESTIMENTO CENTRO SUL - SICREDI CENTRO SUL PR/SC/RJ",198505,B3S,I,2,Cooperativa de Crédito,Crédito misto,PR,Prudentópolis,S4,,,,A
87733770,202506,"COOPERATIVA DE CRÉDITO, POUPANÇA E INVESTIMENTO CONEXÃO - SICREDI CONEXÃO",198107,B3S,I,2,Cooperativa de Crédito,Crédito misto,RS,Rodeio Bonito,S4,,,,A
89049738,202506,"COOPERATIVA DE CRÉDITO, POUPANÇA E INVESTIMENTO CONFIANÇA - SICREDI CONFIANÇA",196912,B3S,I,2,Cooperativa de Crédito,Crédito misto,RS,Três de Maio,S4,,,,A
19962468,202506,"COOPERATIVA DE CRÉDITO, POUPANÇA E INVESTIMENTO DA ADVOCACIA E SERVENTUÁRIOS DO PODER JUDICIÁRIO NO ESTADO DO RIO GRANDE DO SUL - SICREDI COOABCRED RS",201404,B3S,I,2,Cooperativa de Crédito,Mútuo com relevância em PJ,RS,Porto Alegre,S4,,,,A
92555150,202506,"COOPERATIVA DE CRÉDITO, POUPANÇA E INVESTIMENTO DA REGIÃO ALTOS DA SERRA - SICREDI ALTOS DA SERRA RS/SC",198903,B3S,I,2,Cooperativa de Crédito,Crédito misto,RS,Tapejara,S4,,,,A
04463602,202506,"COOPERATIVA DE CRÉDITO, POUPANÇA E INVESTIMENTO DA REGIÃO CENTRO OESTE PAULISTA - SICREDI CENTRO OESTE PAULISTA",200106,B3S,I,2,Cooperativa de Crédito,Mútuo com relevância em PJ,SP,Marília,S4,,,,A
89468565,202506,"COOPERATIVA DE CRÉDITO, POUPANÇA E INVESTIMENTO DA REGIÃO DA PRODUÇÃO - SICREDI REGIÃO DA PRODUÇÃO RS/SC/MG",198312,B3S,I,2,Cooperativa de Crédito,Crédito misto,RS,Sarandi,S4,,,,A
57647653,202506,"COOPERATIVA DE CRÉDITO, POUPANÇA E INVESTIMENTO DA REGIÃO DAS FLORES, DAS ÁGUAS E DOS VENTOS SP - SICREDI FORÇA DOS VENTOS SP",199012,B3S,I,2,Cooperativa de Crédito,Mútuo com relevância em PJ,SP,Jaguariúna,S4,,,,A
87789178,202506,"COOPERATIVA DE CRÉDITO, POUPANÇA E INVESTIMENTO DA REGIÃO DE PALMEIRA DAS MISSÕES - SICREDI GRANDE PALMEIRA/RS",198110,B3S,I,2,Cooperativa de Crédito,,RS,Palmeira das Missões,S4,,,,I
89126130,202506,"COOPERATIVA DE CRÉDITO, POUPANÇA E INVESTIMENTO DA REGIÃO DOS VALES - SICREDI REGIÃO DOS VALES RS",198305,B3S,I,2,Cooperativa de Crédito,Atípicas,RS,Encantado,S4,,,,A
03662047,202506,"COOPERATIVA DE CRÉDITO, POUPANÇA E INVESTIMENTO DAS CARREIRAS DO MINISTÉRIO PÚBLICO, TRIBUNAL DE CONTAS E SECRETARIA DA FAZENDA DO RIO GRANDE DO SUL - SICREDI MP RS",200005,B3S,I,2,Cooperativa de Crédito,Atípicas,RS,Porto Alegre,S4,,,,A
95594941,202506,"COOPERATIVA DE CRÉDITO, POUPANÇA E INVESTIMENTO DAS REGIÕES CENTRO DO RS E MG - SICREDI REGIÃO CENTRO RS/MG",197006,B3S,I,2,Cooperativa de Crédito,Crédito misto,RS,Santa Maria,S4,,,,A
73113243,202506,"COOPERATIVA DE CRÉDITO, POUPANÇA E INVESTIMENTO DE ARARAQUARA E REGIÃO - SICREDI MORADA DO SOL SP",199401,B3S,I,2,Cooperativa de Crédito,Mútuo com relevância em PJ,SP,Araraquara,S4,,,,A
03042597,202506,"COOPERATIVA DE CRÉDITO, POUPANÇA E INVESTIMENTO DE CAMPO GRANDE E REGIÃO - SICREDI CAMPO GRANDE MS",199905,B3S,I,2,Cooperativa de Crédito,Crédito misto,MS,Campo Grande,S4,,,,A
89990501,202506,"COOPERATIVA DE CRÉDITO, POUPANÇA E INVESTIMENTO DE IBIRAIARAS - SICREDI IBIRAIARAS RS/MG",198403,B3S,I,2,Cooperativa de Crédito,Crédito misto,RS,Ibiraiaras,S4,,,,A
91159764,202506,"COOPERATIVA DE CRÉDITO, POUPANÇA E INVESTIMENTO DE LAJEADO - SICREDI INTEGRAÇÃO RS/MG",196612,B3S,I,2,Cooperativa de Crédito,Mútuo com financiamento relevante,RS,Lajeado,S4,,,,A
79342069,202506,"COOPERATIVA DE CRÉDITO, POUPANÇA E INVESTIMENTO DEXIS - SICREDI DEXIS",198609,B3S,I,2,Cooperativa de Crédito,Crédito misto,PR,Maringá,S3,,,,A
33021064,202506,"COOPERATIVA DE CRÉDITO, POUPANÇA E INVESTIMENTO DO ARAGUAIA E XINGU - SICREDI ARAXINGU",198909,B3S,I,2,Cooperativa de Crédito,Crédito misto,MT,Canarana,S4,,,,A
09576038,202506,"COOPERATIVA DE CRÉDITO, POUPANÇA E INVESTIMENTO DO CENTRO OESTE DE GOIÁS - SICREDI CENTRO OESTE GO",200807,B3S,I,2,Cooperativa de Crédito,,GO,Goiânia,,,,,I
26408161,202506,"COOPERATIVA DE CRÉDITO, POUPANÇA E INVESTIMENTO DO CENTRO SUL DO MATO GROSSO DO SUL E BAHIA - SICREDI CENTRO-SUL MS/BA",199002,B3S,I,2,Cooperativa de Crédito,Mútuo com relevância em PJ,MS,Dourados,S4,,,,A
06332931,202506,"COOPERATIVA DE CRÉDITO, POUPANÇA E INVESTIMENTO DO CERRADO DE GOIÁS - SICREDI CERRADO GO",200409,B3S,I,2,Cooperativa de Crédito,Mútuo com relevância em PJ,GO,Goiânia,S4,,,,A
33022690,202506,"COOPERATIVA DE CRÉDITO, POUPANÇA E INVESTIMENTO DO NOROESTE DE MATO GROSSO, ACRE E AMAZONAS - SICREDI BIOMAS",198909,B3S,I,2,Cooperativa de Crédito,Crédito misto,MT,Araputanga,S4,,,,A
03065046,202506,"COOPERATIVA DE CRÉDITO, POUPANÇA E INVESTIMENTO DO NOROESTE DO ESTADO DE SÃO PAULO - SICREDI NOROESTE SP",199905,B3S,I,2,Cooperativa de Crédito,Mútuo com relevância em PJ,SP,São José do Rio Preto,S4,,,,A
02843443,202506,"COOPERATIVA DE CRÉDITO, POUPANÇA E INVESTIMENTO DO NORTE E NORDESTE DE SANTA CATARINA - SICREDI NORTE SC",199812,B3S,I,2,Cooperativa de Crédito,Mútuo com relevância em PJ,SC,Joinville,S4,,,,A
10736214,202506,"COOPERATIVA DE CRÉDITO, POUPANÇA E INVESTIMENTO DO PLANALTO CENTRAL - SICREDI PLANALTO CENTRAL",200904,B3S,I,2,Cooperativa de Crédito,Mútuo PF com conta corrente,GO,Cristalina,S4,,,,A
72128440,202506,"COOPERATIVA DE CREDITO, POUPANCA E INVESTIMENTO DO RIO DE JANEIRO - SICREDI RIO RJ",199305,B3S,I,2,Cooperativa de Crédito,Mútuo com relevância em PJ,RJ,Rio de Janeiro,S4,,,,A
70038237,202506,"COOPERATIVA DE CRÉDITO, POUPANÇA E INVESTIMENTO DO RIO GRANDE DO NORTE - SICREDI RIO GRANDE DO NORTE",199402,B3S,I,2,Cooperativa de Crédito,Mútuo com relevância em PJ,RN,Natal,S4,,,,A
08041950,202506,"COOPERATIVA DE CRÉDITO, POUPANÇA E INVESTIMENTO DO SISTEMA DE JUSTIÇA NO ESTADO DO CEARÁ - SICREDI COOPERJURIS",200608,B3S,I,2,Cooperativa de Crédito,Mútuo PF com conta corrente,CE,Fortaleza,S4,,,,A
32995755,202506,"COOPERATIVA DE CRÉDITO, POUPANÇA E INVESTIMENTO DO SUDOESTE MT/PA - SICREDI SUDOESTE MT/PA",198909,B3S,I,2,Cooperativa de Crédito,Mútuo com relevância em PJ,MT,Tangará da Serra,S4,,,,A
03793242,202506,"COOPERATIVA DE CRÉDITO, POUPANÇA E INVESTIMENTO DO SUL DO ESTADO DE SANTA CATARINA - SICREDI SUL SC",200006,B3S,I,2,Cooperativa de Crédito,Mútuo com relevância em PJ,SC,Criciúma,S4,,,,A
95424891,202506,"COOPERATIVA DE CRÉDITO, POUPANÇA E INVESTIMENTO DO VALE DO RIO PARDO - SICREDI VALE DO RIO PARDO RS",197102,B3S,I,2,Cooperativa de Crédito,Crédito misto,RS,Santa Cruz do Sul,S4,,,,A
06078926,202506,"COOPERATIVA DE CRÉDITO, POUPANÇA E INVESTIMENTO DOS ESCRIVÃES, NOTÁRIOS E REGISTRADORES NO ESTADO DO PARANÁ - SICREDI CREDENOREG PR",200403,B3S,I,2,Cooperativa de Crédito,Atípicas,PR,Curitiba,S4,,,,A
04886317,202506,"COOPERATIVA DE CRÉDITO, POUPANÇA E INVESTIMENTO DOS INTEGRANTES DA MAGISTRATURA E DO MINISTÉRIO PÚBLICO NO ESTADO DO PARANÁ - SICREDI CREDJURIS",200203,B3S,I,2,Cooperativa de Crédito,Atípicas,PR,Curitiba,S4,,,,A
03750034,202506,"COOPERATIVA DE CRÉDITO, POUPANÇA E INVESTIMENTO DOS JUÍZES E CARREIRAS PÚBLICAS DO DIREITO DO ESTADO DO RIO GRANDE DO SUL - SICREDI AJURIS RS",200005,B3S,I,2,Cooperativa de Crédito,Atípicas,RS,Porto Alegre,S4,,,,A
39808449,202506,"COOPERATIVA DE CRÉDITO, POUPANÇA E INVESTIMENTO DOS MÉDICOS E DEMAIS PROFISSIONAIS DA SAÚDE E LIVRE ADMISSÃO DO ESTADO DO ESPÍRITO SANTO LTDA. UNICRED DO ESPÍRITO SANTO",199403,B3S,I,2,Cooperativa de Crédito,,ES,Vitória,S5,,,,I
01110032,202506,"COOPERATIVA DE CRÉDITO, POUPANÇA E INVESTIMENTO DOS MÉDICOS E DEMAIS PROFISSIONAIS DA SAÚDE E LIVRE ADMISSÃO MINAS - ESPÍRITO SANTO LTDA. - UNICRED MINAS - ES",199606,B3S,I,2,Cooperativa de Crédito,,ES,Vitória,S5,,,,I
03212823,202506,"COOPERATIVA DE CRÉDITO, POUPANÇA E INVESTIMENTO DOS MILITARES ESTADUAIS E SERVIDORES DA SEGURANÇA DO ESTADO DO RIO GRANDE DO SUL - SICREDI TRADIÇÃO RS",199908,B3S,I,2,Cooperativa de Crédito,Mútuo PF com conta corrente,RS,Porto Alegre,S4,,,,A
03000142,202506,"COOPERATIVA DE CRÉDITO, POUPANÇA E INVESTIMENTO DOS POLICIAIS FEDERAIS DO RIO GRANDE DO SUL E SANTA CATARINA - SICREDI POL RS/SC",199904,B3S,I,2,Cooperativa de Crédito,Mútuo PF com conta corrente,RS,Porto Alegre,S4,,,,A
04525997,202506,"COOPERATIVA DE CRÉDITO, POUPANÇA E INVESTIMENTO DOS PROFESSORES, FUNCIONÁRIOS E ALUNOS DA UNIVERSIDADE DE CAXIAS DO SUL - SICREDI EDUCAÇÃO RS",200108,B3S,I,2,Cooperativa de Crédito,Mútuo com relevância em PJ,RS,Caxias do Sul,S4,,,,A
02924977,202506,"COOPERATIVA DE CRÉDITO, POUPANÇA E INVESTIMENTO DOS PROFISSIONAIS MÉDICOS E DA SAÚDE DE CURITIBA E REGIÃO METROPOLITANA - SICREDI MEDICRED PR",199902,B3S,I,2,Cooperativa de Crédito,Mútuo PF com conta corrente,PR,Curitiba,S4,,,,A
07070495,202506,"COOPERATIVA DE CRÉDITO, POUPANÇA E INVESTIMENTO EMPREENDEDORES - SICREDI EMPREENDEDORES PR",200502,B3S,I,2,Cooperativa de Crédito,Mútuo com relevância em PJ,PR,Curitiba,S4,,,,A
87733077,202506,"COOPERATIVA DE CRÉDITO, POUPANÇA E INVESTIMENTO ESSÊNCIA RS/ES - SICREDI ESSÊNCIA",198108,B3S,I,2,Cooperativa de Crédito,Crédito misto,RS,Itaqui,S4,,,,A
82527557,202506,"COOPERATIVA DE CRÉDITO, POUPANÇA E INVESTIMENTO FRONTEIRAS DO PARANÁ, SANTA CATARINA E SÃO PAULO - SICREDI FRONTEIRAS PR/SC/SP",199107,B3S,I,2,Cooperativa de Crédito,Crédito misto,PR,Capanema,S4,,,,A
81115149,202506,"COOPERATIVA DE CRÉDITO, POUPANÇA E INVESTIMENTO GRANDES LAGOS DO PARANÁ E LITORAL PAULISTA - SICREDI GRANDES LAGOS PR/SP",198902,B3S,I,2,Cooperativa de Crédito,Crédito misto,PR,Laranjeiras do Sul,S4,,,,A
84974278,202506,"COOPERATIVA DE CRÉDITO, POUPANÇA E INVESTIMENTO IGUAÇU - SICREDI IGUAÇU PR/SC E REGIÃO METROPOLITANA DE CAMPINAS/SP",199204,B3S,I,2,Cooperativa de Crédito,Crédito misto,PR,São João,S4,,,,A
81054686,202506,"COOPERATIVA DE CRÉDITO, POUPANÇA E INVESTIMENTO INTEGRAÇÃO - SICREDI INTEGRAÇÃO PR/SC",198902,B3S,I,2,Cooperativa de Crédito,Crédito misto,PR,Lapa,S4,,,,A
87781530,202506,"COOPERATIVA DE CRÉDITO, POUPANÇA E INVESTIMENTO INTEGRAÇÃO DE ESTADOS DO RIO GRANDE DO SUL, SANTA CATARINA E MINAS GERAIS - SICREDI INTEGRAÇÃO DE ESTADOS RS/SC/MG",198107,B3S,I,2,Cooperativa de Crédito,Crédito misto,RS,Passo Fundo,S4,,,,A
26549311,202506,"COOPERATIVA DE CRÉDITO, POUPANÇA E INVESTIMENTO INTEGRAÇÃO DO SUL DE MATO GROSSO, AMAPÁ E PARÁ - SICREDI INTEGRAÇÃO MT/AP/PA",199008,B3S,I,2,Cooperativa de Crédito,Crédito misto,MT,Rondonópolis,S4,,,,A
90497256,202506,"COOPERATIVA DE CRÉDITO, POUPANÇA E INVESTIMENTO INTERESTADOS - SICREDI INTERESTADOS RS/ES",198507,B3S,I,2,Cooperativa de Crédito,Crédito misto,RS,Pelotas,S4,,,,A
37442605,202506,"COOPERATIVA DE CRÉDITO, POUPANÇA E INVESTIMENTO NORTE MATO-GROSSENSE E OESTE PARAENSE - SICREDI GRANDES RIOS MT/PA/AM",199209,B3S,I,2,Cooperativa de Crédito,Mútuo com financiamento relevante,MT,Colíder,S4,,,,A
79063574,202506,"COOPERATIVA DE CRÉDITO, POUPANÇA E INVESTIMENTO NORTE SUL - SICREDI NORTE SUL",198602,B3S,I,2,Cooperativa de Crédito,Crédito misto,PR,Santo Antônio da Platina,S4,,,,A
81192106,202506,"COOPERATIVA DE CRÉDITO, POUPANÇA E INVESTIMENTO NOSSA TERRA - SICREDI NOSSA TERRA PR/SP",198911,B3S,I,2,Cooperativa de Crédito,Crédito misto,PR,Cafelândia,S4,,,,A
07206072,202506,"COOPERATIVA DE CRÉDITO, POUPANÇA E INVESTIMENTO NOVOS HORIZONTES - SICREDI NOVOS HORIZONTES PR/SP/RJ",200503,B3S,I,2,Cooperativa de Crédito,Crédito misto,PR,Arapoti,S4,,,,A
87853206,202506,"COOPERATIVA DE CRÉDITO, POUPANÇA E INVESTIMENTO OURO BRANCO - SICREDI OURO BRANCO RS/MG",198203,B3S,I,2,Cooperativa de Crédito,Crédito misto,RS,Teutônia,S4,,,,A
26529420,202506,"COOPERATIVA DE CRÉDITO, POUPANÇA E INVESTIMENTO OURO VERDE DO MATO GROSSO - SICREDI OURO VERDE MT",199009,B3S,I,2,Cooperativa de Crédito,Mútuo PF com conta corrente,MT,Lucas do Rio Verde,S4,,,,A
79086997,202506,"COOPERATIVA DE CRÉDITO, POUPANÇA E INVESTIMENTO PARANAPANEMA SERRANA PR/SP/RJ - SICREDI PARANAPANEMA SERRANA PR/SP/RJ",198602,B3S,I,2,Cooperativa de Crédito,Mútuo PF com conta corrente,PR,Cambará,S4,,,,A
88038260,202506,"COOPERATIVA DE CRÉDITO, POUPANÇA E INVESTIMENTO PLANALTO - SICREDI PLANALTO RS/MG",198112,B3S,I,2,Cooperativa de Crédito,Crédito rural,RS,Cruz Alta,S4,,,,A
76059997,202506,"COOPERATIVA DE CRÉDITO, POUPANÇA E INVESTIMENTO PROGRESSO - SICREDI PROGRESSO PR/SP",198111,B3S,I,2,Cooperativa de Crédito,Crédito misto,PR,Toledo,S4,,,,A
88099247,202506,"COOPERATIVA DE CRÉDITO, POUPANÇA E INVESTIMENTO RAÍZES - SICREDI RAÍZES RS/SC/MG",198112,B3S,I,2,Cooperativa de Crédito,Crédito misto,RS,Campo Novo,S4,,,,A
90729369,202506,"COOPERATIVA DE CRÉDITO, POUPANÇA E INVESTIMENTO REGIÕES DAS CULTURAS - SICREDI DAS CULTURAS RS/MG",197008,B3S,I,2,Cooperativa de Crédito,Crédito misto,RS,Ijuí,S4,,,,A
81206039,202506,"COOPERATIVA DE CRÉDITO, POUPANÇA E INVESTIMENTO RIO PARANÁ - SICREDI RIO PARANÁ",198906,B3S,I,2,Cooperativa de Crédito,Crédito misto,PR,Nova Londrina,S4,,,,A
87900411,202506,"COOPERATIVA DE CRÉDITO, POUPANÇA E INVESTIMENTO SEMENTES DO SUL - SICREDI SEMENTES DO SUL",198110,B3S,I,2,Cooperativa de Crédito,Crédito rural,RS,Espumoso,S4,,,,A
41255225,202506,"COOPERATIVA DE CRÉDITO, POUPANÇA E INVESTIMENTO SICREDI CENTRO PERNAMBUCANA",199311,B3S,I,2,Cooperativa de Crédito,Mútuo com financiamento relevante,PE,Caruaru,S4,,,,A
35571249,202506,"COOPERATIVA DE CRÉDITO, POUPANÇA E INVESTIMENTO SICREDI EVOLUÇÃO - SICREDI EVOLUÇÃO",199305,B3S,I,2,Cooperativa de Crédito,Mútuo com relevância em PJ,PB,João Pessoa,S4,,,,A
97489280,202506,"COOPERATIVA DE CRÉDITO, POUPANÇA E INVESTIMENTO SICREDI INTEGRAÇÃO BAHIA - SICREDI INTEGRAÇÃO BAHIA",199405,B3S,I,2,Cooperativa de Crédito,Mútuo com financiamento relevante,BA,Itabuna,S4,,,,A
91586982,202506,"COOPERATIVA DE CRÉDITO, POUPANÇA E INVESTIMENTO SICREDI PIONEIRA RS - SICREDI PIONEIRA RS",197009,B3S,I,2,Cooperativa de Crédito,Mútuo com relevância em PJ,RS,Nova Petrópolis,S4,,,,A
02923389,202506,"COOPERATIVA DE CRÉDITO, POUPANÇA E INVESTIMENTO SICREDI SERIGY - SICREDI SERIGY SE/BA",199812,B3S,I,2,Cooperativa de Crédito,Mútuo com relevância em PJ,SE,Aracaju,S4,,,,A
82065285,202506,"COOPERATIVA DE CRÉDITO, POUPANÇA E INVESTIMENTO SOMA PR/SC/SP - SICREDI SOMA",199103,B3S,I,2,Cooperativa de Crédito,Crédito misto,PR,Mariópolis,S4,,,,A
26555235,202506,"COOPERATIVA DE CRÉDITO, POUPANÇA E INVESTIMENTO SORRISO - SICREDI CELEIRO MT/RR",199009,B3S,I,2,Cooperativa de Crédito,Crédito misto,MT,Sorriso,S4,,,,A
87784088,202506,"COOPERATIVA DE CRÉDITO, POUPANÇA E INVESTIMENTO SUL MINAS DO RIO GRANDE DO SUL E MINAS GERAIS - SICREDI SUL MINAS RS/MG.",198105,B3S,I,2,Cooperativa de Crédito,Crédito misto,RS,Estação,S4,,,,A
92796564,202506,"COOPERATIVA DE CRÉDITO, POUPANÇA E INVESTIMENTO SUL RIOGRANDENSE - SICREDI ORIGENS RS",196905,B3S,I,2,Cooperativa de Crédito,Mútuo com relevância em PJ,RS,Porto Alegre,S4,,,,A
77984870,202506,"COOPERATIVA DE CRÉDITO, POUPANÇA E INVESTIMENTO TERRA DOS PINHEIRAIS DO PARANÁ E NOROESTE PAULISTA - SICREDI PLANALTO DAS ÁGUAS PR/SP",198312,B3S,I,2,Cooperativa de Crédito,Crédito misto,PR,Guarapuava,S4,,,,A
88894548,202506,"COOPERATIVA DE CRÉDITO, POUPANÇA E INVESTIMENTO UNIÃO - SICREDI UNIAO RS/ES",197003,B3S,I,2,Cooperativa de Crédito,Crédito misto,RS,Cerro Largo,S4,,,,A
87780268,202506,"COOPERATIVA DE CRÉDITO, POUPANÇA E INVESTIMENTO UNIÃO DE ESTADOS RIO GRANDE DO SUL, SANTA CATARINA E MINAS GERAIS - SICREDI UNIESTADOS",198109,B3S,I,2,Cooperativa de Crédito,Crédito misto,RS,Erechim,S4,,,,A
24654881,202506,"COOPERATIVA DE CRÉDITO, POUPANÇA E INVESTIMENTO UNIÃO DOS ESTADOS DE MATO GROSSO DO SUL, TOCANTINS E OESTE DA BAHIA - SICREDI UNIÃO MS/TO",198903,B3S,I,2,Cooperativa de Crédito,Crédito misto,MS,Campo Grande,S4,,,,A
70431630,202506,"COOPERATIVA DE CRÉDITO, POUPANÇA E INVESTIMENTO UNIVALES - SICREDI UNIVALES MT/RO",199309,B3S,I,2,Cooperativa de Crédito,Crédito misto,MT,Juína,S4,,,,A
32983165,202506,"COOPERATIVA DE CRÉDITO, POUPANÇA E INVESTIMENTO VALE DO CERRADO - SICREDI VALE DO CERRADO",198907,B3S,I,2,Cooperativa de Crédito,Crédito misto,MT,Campo Verde,S4,,,,A
87780284,202506,"COOPERATIVA DE CRÉDITO, POUPANÇA E INVESTIMENTO VALE DO JAGUARI E ZONA DA MATA - SICREDI VALE DO JAGUARI E ZONA DA MATA RS/MG",198108,B3S,I,2,Cooperativa de Crédito,Crédito misto,RS,Santiago,S4,,,,A
81099491,202506,"COOPERATIVA DE CRÉDITO, POUPANÇA E INVESTIMENTO VALE DO PIQUIRI ABCD - SICREDI VALE DO PIQUIRI ABCD PR/SP",198901,B3S,I,2,Cooperativa de Crédito,Crédito misto,PR,Palotina,S4,,,,A
81706616,202506,"COOPERATIVA DE CRÉDITO, POUPANÇA E INVESTIMENTO VALOR SUSTENTÁVEL - SICREDI VALOR SUSTENTÁVEL PR/SP",198910,B3S,I,2,Cooperativa de Crédito,Crédito misto,PR,Jandaia do Sul,S4,,,,A
78414067,202506,"COOPERATIVA DE CRÉDITO, POUPANÇA E INVESTIMENTO VANGUARDA - SICREDI VANGUARDA PR/SP/RJ",198405,B3S,I,2,Cooperativa de Crédito,Crédito misto,PR,Medianeira,S4,,,,A
10772401,202506,"COOPERATIVA DE CRÉDITO, POUPANÇA E INVESTIMENTO VERDE PARÁ - SICREDI VERDE PARÁ",200906,B3S,I,2,Cooperativa de Crédito,,PA,Paragominas,S4,,,,I
05491616,202506,"COOPERATIVA DE CRÉDITO, POUPANÇA E SERVIÇOS FINANCEIROS",200304,B3S,I,2,Cooperativa de Crédito,Atípicas,GO,Mineiros,S5,,,,A
01330387,202506,"COOPERATIVA DE CRÉDITO, POUPANÇA E SERVIÇOS FINANCEIROS DE AGRICULTORES E AEROPORTUÁRIOS DO BRASIL - CREHNOR",199608,B3S,I,2,Cooperativa de Crédito,Atípicas,PR,Laranjeiras do Sul,S5,,,,A
00887593,202506,COOPERATIVA DE CRÉEDITO RURAL DE SÃO JOSÉ DO OURO LTDA,199602,B3S,I,2,Cooperativa de Crédito,,RS,São José do Ouro,,,,,I
02072790,202506,COOPERATIVA DE ECONOMIA CRÉDITO MÚTUO - SICOOB CREDSAÚDE,199710,B3S,I,2,Cooperativa de Crédito,Mútuo com relevância em PJ,SP,Piracicaba,S5,,,,A
49069990,202506,COOPERATIVA DE ECONOMIA E CRÉDITO DE LIVRE ADMISSÃO DA SERRA DA CANTAREIRA - SICOOB CANTAREIRA,196906,B3S,I,2,Cooperativa de Crédito,,SP,Guarulhos,S5,,,,I
03862898,202506,COOPERATIVA DE ECONOMIA E CRÉDITO DE LIVRE ADMISSÃO DOS EMPREGADOS DOS CORREIOS LTDA. - SICOOB COOPERCORREIOS,197108,B3S,I,2,Cooperativa de Crédito,Mútuo PF com conta corrente,MG,Belo Horizonte,S5,,,,A
05856736,202506,COOPERATIVA DE ECONOMIA E CRÉDITO DE LIVRE ADMISSÃO LTDA. - SICOOB EMPRESARIAL,200311,B3S,I,2,Cooperativa de Crédito,Atípicas,DF,Brasília,S5,,,,A
00953908,202506,COOPERATIVA DE ECONOMIA E CRÉDITO DOS EMPREGADOS DA PETROBRÁS - PETROCRED,199603,B3S,I,2,Cooperativa de Crédito,,SP,São Paulo,,,,,I
04306391,202506,"COOPERATIVA DE ECONOMIA E CRÉDITO DOS PEQUENOS EMPRESÁRIOS, MICROEMPRESÁRIOS E MICROEMPREENDEDORES DE BOTUCATU E REGIÃO",200103,B3S,I,2,Cooperativa de Crédito,,SP,Botucatu,,,,,I
05667301,202506,COOPERATIVA DE ECONOMIA E CRÉDITO MÚTUO - COOPERSERV,200311,B3S,I,2,Cooperativa de Crédito,Mútuo PF com conta corrente,SP,Lençóis Paulista,S5,,,,A
02759121,202506,COOPERATIVA DE ECONOMIA E CRÉDITO MÚTUO  DOS COMERCIANTES DE CONFECÇÕES DE UBA LTDA.,199810,B3S,I,2,Cooperativa de Crédito,,MG,Ubá,,,,,I
08071414,202506,COOPERATIVA DE ECONOMIA E CRÉDITO MÚTUO - SICOOB COOPERAC,200607,B3S,I,2,Cooperativa de Crédito,Atípicas,SP,Ribeirão Preto,S5,,,,A
52935442,202506,COOPERATIVA DE ECONOMIA E CRÉDITO MÚTUO ALIANÇA - COOPERNITRO,198309,B3S,I,2,Cooperativa de Crédito,Mútuo PF sem conta corrente,SP,São Paulo,S5,,,,A
30944854,202506,COOPERATIVA DE ECONOMIA E CREDITO MUTUO ANDORINHAS LTDA.,198008,B3S,I,2,Cooperativa de Crédito,,RJ,Magé,,,,,I
01348954,202506,COOPERATIVA DE ECONOMIA E CRÉDITO MÚTUO BANCÁRIOS DE ARAXÁ E CIDADES LIMÍTROFES LTDA,199608,B3S,I,2,Cooperativa de Crédito,,MG,Araxá,,,,,I
04166781,202506,COOPERATIVA DE ECONOMIA E CRÉDITO MÚTUO BRASILJUTA LTDA,197103,B3S,I,2,Cooperativa de Crédito,,AM,Manaus,,,,,I
17938135,202506,COOPERATIVA DE ECONOMIA E CRÉDITO MÚTUO CAMPANHENSE LTDA,197206,B3S,I,2,Cooperativa de Crédito,,MG,Campanha,,,,,I
67087569,202506,COOPERATIVA DE ECONOMIA E CRÉDITO MÚTUO CECREB,199112,B3S,I,2,Cooperativa de Crédito,,SP,São Paulo,S5,,,,I
21611272,202506,COOPERATIVA DE ECONOMIA E CRÉDITO MÚTUO COLABORADORES DA ÚTIL S.A. LTDA,197006,B3S,I,2,Cooperativa de Crédito,,MG,Juiz de Fora,,,,,I
01702131,202506,COOPERATIVA DE ECONOMIA E CRÉDITO MÚTUO COMERCIANTES DE MATERIAIS DE CONSTRUÇÃO DE LAVRAS LTDA.,199706,B3S,I,2,Cooperativa de Crédito,,MG,Lavras,,,,,I
34164848,202506,COOPERATIVA DE ECONOMIA E CRÉDITO MÚTUO DA ALIANÇA DA COOMASA-L LTDA,198912,B3S,I,2,Cooperativa de Crédito,,BA,Salvador,,,,,I
01478780,202506,COOPERATIVA DE ECONOMIA E CRÉDITO MÚTUO DA ALIANÇA DOS  MÉDICOS E DEMAIS PROFISSIONAIS DA ÁREA DA SAÚDE DE AVARÉ - ALCRED AVARÉ,199610,B3S,I,2,Cooperativa de Crédito,,SP,Avaré,,,,,I
09978232,202506,COOPERATIVA DE ECONOMIA E CRÉDITO MÚTUO DA ALIANCA DOS CIRURGIÕES DENTISTAS DE AVARÉ E REGIÃO - ALCRED ODONTOLOGIA AVARÉ,180001,B3S,I,2,Cooperativa de Crédito,,SP,Avaré,,,,,I
01464605,202506,COOPERATIVA DE ECONOMIA E CRÉDITO MÚTUO DA ALIANÇA DOS MÉDICOS E DEMAIS PROFISSIONAIS DA ÁREA DA SAÚDE DE LENÇÓIS PAULISTA - ALCRED DE LENÇÓIS PAULISTA,199611,B3S,I,2,Cooperativa de Crédito,,SP,Lençóis Paulista,,,,,I
03149086,202506,COOPERATIVA DE ECONOMIA E CRÉDITO MÚTUO DA ALIANÇA DOS MÉDICOS E DEMAIS PROFISSIONAIS DA ÁREA DE SAÚDE DA REGIÃO NOROESTE PAULISTA - GRANCRED NOROESTE PAULISTA,199909,B3S,I,2,Cooperativa de Crédito,,SP,Votuporanga,,,,,I
03082697,202506,COOPERATIVA DE ECONOMIA E CRÉDITO MÚTUO DA ALIANÇA DOS MÉDICOS E DEMAIS PROFISSIONAIS DE NÍVEL SUPERIOR DA ÁREA DA SAÚDE DO VALE DO RIBEIRA - SICREDI VALE DO RIBEIRA,199904,B3S,I,2,Cooperativa de Crédito,,SP,Registro,,,,,I
04093627,202506,COOPERATIVA DE ECONOMIA E CRÉDITO MÚTUO DA ALIANÇA DOS PROFISSIONAIS DA ÁREA DE SAÚDE DA REGIÃO DE SÃO ROQUE - SICOOB ALCOOP SÃO ROQUE,200101,B3S,I,2,Cooperativa de Crédito,,SP,São Roque,,,,,I
02202101,202506,COOPERATIVA DE ECONOMIA E CRÉDITO MÚTUO DA ALIANÇA MÉDICOS DEMAIS PROF.SAÚDE REGIÃO BAIXA MOGIANA,199801,B3S,I,2,Cooperativa de Crédito,,SP,Mogi Guaçu,,,,,I
96476635,202506,COOPERATIVA DE ECONOMIA E CRÉDITO MÚTUO DA ORSA FABRICA DE PAPELAO ONDULADO LTDA.,180001,B3S,I,2,Cooperativa de Crédito,,SP,Suzano,,,,,I
00902909,202506,COOPERATIVA DE ECONOMIA E CREDITO MUTUO DA TIMKEN DO BRASIL COMERCIO E INDUSTRIA LTDA,199602,B3S,I,2,Cooperativa de Crédito,,RJ,Nova Friburgo,,,,,I
52417771,202506,COOPERATIVA DE ECONOMIA E CRÉDITO MÚTUO DE DOCENTES E FUNCIONÁRIOS DA UNIVERSIDADE DE SÃO PAULO,198302,B3S,I,2,Cooperativa de Crédito,,SP,São Paulo,,,,,I
53236808,202506,COOPERATIVA DE ECONOMIA E CRÉDITO MÚTUO DE LIVRE ADMISSÃO DE ARARAQUARA E REGIÃO - SICOOB,198401,B3S,I,2,Cooperativa de Crédito,Atípicas,SP,Araraquara,,,,,A
02794761,202506,COOPERATIVA DE ECONOMIA E CRÉDITO MÚTUO DE LIVRE ADMISSÃO DOS SERVIDORES DA UNIVERSIDADE FEDERAL DE VIÇOSA LTDA. - SICOOB UFVCREDI,199811,B3S,I,2,Cooperativa de Crédito,Mútuo PF com conta corrente,MG,Viçosa,S5,,,,A
09065924,202506,COOPERATIVA DE ECONOMIA E CRÉDITO MÚTUO DE MICRO E PEQUENOS EMPRESÁRIOS E MICROEMPREENDEDORES DA REGIÃO DO MÉDIO PARAÍBA LTDA. - SICOOB FLUMICRED,200711,B3S,I,2,Cooperativa de Crédito,,RJ,Barra Mansa,,,,,I
09639338,202506,COOPERATIVA DE ECONOMIA E CRÉDITO MÚTUO DE PRAIA GRANDE E REGIÃO - SICOOB COOPERACE,200807,B3S,I,2,Cooperativa de Crédito,,SP,Praia Grande,S5,,,,I
56396682,202506,COOPERATIVA DE ECONOMIA E CRÉDITO MÚTUO DE RIO CLARO - COOPRIOCLARO,196908,B3S,I,2,Cooperativa de Crédito,,SP,Rio Claro,,,,,I
09527069,202506,COOPERATIVA DE ECONOMIA E CRÉDITO MÚTUO DE RIO CLARO - SICOOB CREDIACIRC,200806,B3S,I,2,Cooperativa de Crédito,,SP,Rio Claro,S5,,,,I
74244344,202506,COOPERATIVA DE ECONOMIA E CRÉDITO MÚTUO DO GRUPO BASF,199312,B3S,I,2,Cooperativa de Crédito,Mútuo PF sem conta corrente,SP,São Bernardo do Campo,S5,,,,A
44700466,202506,COOPERATIVA DE ECONOMIA E CRÉDITO MÚTUO DO PESSOAL DA NESTLE-UNIDADE DE ARARAS LTDA,197206,B3S,I,2,Cooperativa de Crédito,,SP,Araras,,,,,I
03304138,202506,COOPERATIVA DE ECONOMIA E CRÉDITO MÚTUO DO SETOR METALÚRGICO DO TRIÂNGULO LTDA. - CREDIMETAL,199910,B3S,I,2,Cooperativa de Crédito,,MG,Uberlândia,,,,,I
94243839,202506,COOPERATIVA DE ECONOMIA E CRÉDITO MÚTUO DO VALE DAS ANTAS LTDA. - UNICRED PIONEIRA,199312,B3S,I,2,Cooperativa de Crédito,Mútuo com relevância em PJ,RS,Casca,S5,,,,A
01675116,202506,COOPERATIVA DE ECONOMIA E CRÉDITO MÚTUO DOS  COMERCIANTES DE CONFECÇÕES DE ITAUNA LTDA.,199704,B3S,I,2,Cooperativa de Crédito,,MG,Itaúna,,,,,I
02307567,202506,COOPERATIVA DE ECONOMIA E CRÉDITO MÚTUO DOS  COMERCIANTES DE CONFECÇÕES DE MARTINHO CAMPOS LTDA.,199806,B3S,I,2,Cooperativa de Crédito,,MG,Martinho Campos,,,,,I
01789942,202506,COOPERATIVA DE ECONOMIA E CRÉDITO MÚTUO DOS  COMERCIANTES DE CONFECÇÕES DE PIRAPORA LTDA - COOPERCRED,199705,B3S,I,2,Cooperativa de Crédito,,MG,Pirapora,,,,,I
02466363,202506,COOPERATIVA DE ECONOMIA E CRÉDITO MÚTUO DOS  COMERCIANTES DE CONFECÇÕES DO VALE DO AÇO LTDA,199805,B3S,I,2,Cooperativa de Crédito,,MG,Coronel Fabriciano,,,,,I
02869221,202506,COOPERATIVA DE ECONOMIA E CRÉDITO MÚTUO DOS  COMERCIANTES DE CONFECÇÕES DO VESTUÁRIO DA REGIÃO DO  PONTAL DO TRIÂNGULO LTDA. - EM LIQUIDAÇÃO ORDINÁRIA,199901,B3S,I,2,Cooperativa de Crédito,,MG,Ituiutaba,,,,,I
01801440,202506,COOPERATIVA DE ECONOMIA E CRÉDITO MÚTUO DOS  COMERCIANTES DE CONFECÇÕES DO VESTUÁRIO DE CONTAGEM E REGIÃO METROPOLITANA DE BELO HORIZONTE LTDA,199706,B3S,I,2,Cooperativa de Crédito,,MG,Contagem,,,,,I
04855463,202506,COOPERATIVA DE ECONOMIA E CRÉDITO MÚTUO DOS  COMERCIANTES DE CONFECÇÕES DO VESTUÁRIO DO VALE DO PIRANGA  LTDA,200105,B3S,I,2,Cooperativa de Crédito,,MG,Ponte Nova,,,,,I
02377718,202506,COOPERATIVA DE ECONOMIA E CRÉDITO MÚTUO DOS  COMERCIANTES DE MATERIAIS DE CONSTRUCAO DE CAMPO BELO LTDA,199807,B3S,I,2,Cooperativa de Crédito,,MG,Campo Belo,,,,,I
02005035,202506,COOPERATIVA DE ECONOMIA E CRÉDITO MÚTUO DOS  CONTABILISTAS DE JUIZ DE FORA LTDA,199709,B3S,I,2,Cooperativa de Crédito,,MG,Juiz de Fora,,,,,I
04249235,202506,COOPERATIVA DE ECONOMIA E CRÉDITO MÚTUO DOS  EMPREGADOS DA TUPY MINAS GERAIS LTDA. E NEMAK ALUMÍNIO DO BRASIL LTDA.,200104,B3S,I,2,Cooperativa de Crédito,Mútuo com financiamento relevante,MG,Betim,S5,,,,A
01038094,202506,COOPERATIVA DE ECONOMIA E CRÉDITO MÚTUO DOS ADMINISTRADORES DA GRANDE BELO HORIZONTE LTDA,199603,B3S,I,2,Cooperativa de Crédito,,MG,Belo Horizonte,,,,,I
04524629,202506,COOPERATIVA DE ECONOMIA E CRÉDITO MÚTUO DOS ADVOGADOS DA REGIÃO METROPOLITANA DE BELÉM/PARÁ - COOPECAD,200105,B3S,I,2,Cooperativa de Crédito,,PA,Belém,,,,,I
02223743,202506,COOPERATIVA DE ECONOMIA E CRÉDITO MÚTUO DOS ADVOGADOS DE JUIZ DE FORA LTDA,199801,B3S,I,2,Cooperativa de Crédito,,MG,Juiz de Fora,,,,,I
04669697,202506,COOPERATIVA DE ECONOMIA E CREDITO MUTUO DOS ADVOGADOS DO ESTADO DA BAHIA LTDA - ADCRED,200102,B3S,I,2,Cooperativa de Crédito,,BA,Salvador,,,,,I
07755335,202506,COOPERATIVA DE ECONOMIA E CREDITO MUTUO DOS ADVOGADOS DO ESTADO DO RIO DE JANEIRO LTDA.,200602,B3S,I,2,Cooperativa de Crédito,,RJ,Rio de Janeiro,S5,,,,I
09978263,202506,COOPERATIVA DE ECONOMIA E CRÉDITO MÚTUO DOS ADVOGADOS DO RIO DE JANEIRO LTDA.,180001,B3S,I,2,Cooperativa de Crédito,,RJ,Rio de Janeiro,,,,,I
73039570,202506,COOPERATIVA DE ECONOMIA E CRÉDITO MÚTUO DOS ADVOGADOS EM SÃO PAULO,199402,B3S,I,2,Cooperativa de Crédito,,SP,São Paulo,,,,,I
14729710,202506,"COOPERATIVA DE ECONOMIA E CRÉDITO MÚTUO DOS ADVOGADOS PÚBLICOS , DEFENSORES PÚBLICOS  E DELEGADOS DA POLÍCIA FEDERAL DO DISTRITO FEDERAL",201204,B3S,I,2,Cooperativa de Crédito,,DF,Brasília,,,,,I
21699388,202506,"COOPERATIVA DE ECONOMIA E CRÉDITO MÚTUO DOS ADVOGADOS, BACHARÉIS EM DIREITO E SERVENTUÁRIOS OPERADORES DO DIREITO DA REGIÃO METROPOLITANA DE MANAUS - COOPJUR",201503,B3S,I,2,Cooperativa de Crédito,,AM,Manaus,,,,,I
16564240,202506,"COOPERATIVA DE ECONOMIA E CRÉDITO MÚTUO DOS APOSENTADOS, PENSIONISTAS E IDOSOS - SICOOB COOPERNAPI",201210,B3S,I,2,Cooperativa de Crédito,Atípicas,SP,São Paulo,S5,,,,A
27131952,202506,COOPERATIVA DE ECONOMIA E CRÉDITO MÚTUO DOS ASSOCIADOS DO CÍRCULO  OPERÁRIO DE BAIXO GUANDU DE RESPONSABILIDADE LTDA,196710,B3S,I,2,Cooperativa de Crédito,,ES,Baixo Guandu,,,,,I
04851405,202506,COOPERATIVA DE ECONOMIA E CRÉDITO MÚTUO DOS AUDITORES FISCAIS DA RECEITA FEDERAL DO BRASIL NO RIO DE JANEIRO LIMITADA - COAFBRAS.,200201,B3S,I,2,Cooperativa de Crédito,,RJ,Rio de Janeiro,,,,,I
09978346,202506,COOPERATIVA DE ECONOMIA E CRÉDITO MÚTUO DOS BACHAREIS E PROFISSIONAIS DE ADMINISTRAÇÃO NO DF - ADMCRED,200104,B3S,I,2,Cooperativa de Crédito,,DF,Brasília,,,,,I
71502181,202506,COOPERATIVA DE ECONOMIA E CRÉDITO MÚTUO DOS BANCÁRIOS DE BELO HORIZONTE E REGIÃO METROPOLITANA LTDA. - COOPEB,199402,B3S,I,2,Cooperativa de Crédito,Mútuo PF sem conta corrente,MG,Belo Horizonte,S5,,,,A
02549389,202506,COOPERATIVA DE ECONOMIA E CREDITO MUTUO DOS BANCARIOS DE BENTO GONCALVES LTDA.,199803,B3S,I,2,Cooperativa de Crédito,,RS,Bento Gonçalves,,,,,I
04158581,202506,COOPERATIVA DE ECONOMIA E CRÉDITO MÚTUO DOS BANCÁRIOS DE JUIZ DE FORA LTDA. - COCBAN,200102,B3S,I,2,Cooperativa de Crédito,Mútuo PF sem conta corrente,MG,Juiz de Fora,S5,,,,A
01946269,202506,COOPERATIVA DE ECONOMIA E CREDITO MUTUO DOS BANCARIOS DE RIO GRANDE LTDA,199701,B3S,I,2,Cooperativa de Crédito,,RS,Rio Grande,,,,,I
71491609,202506,COOPERATIVA DE ECONOMIA E CRÉDITO MÚTUO DOS BANCÁRIOS DE SOROCABA E REGIÃO,196711,B3S,I,2,Cooperativa de Crédito,Mútuo PF sem conta corrente,SP,Sorocaba,S5,,,,A
01301541,202506,COOPERATIVA DE ECONOMIA E CRÉDITO MÚTUO DOS BANCÁRIOS DO TRIÂNGULO LTDA.,199610,B3S,I,2,Cooperativa de Crédito,Atípicas,MG,Uberlândia,S5,,,,A
04254102,202506,COOPERATIVA DE ECONOMIA E CRÉDITO MÚTUO DOS BANCÁRIOS E ECONOMIÁRIOS DA GRANDE FLORIANÓPOLIS E DO VALE DO RIO CAMBORIÚ - SICOOB/SC - CREDIBAN,200102,B3S,I,2,Cooperativa de Crédito,,SC,Florianópolis,,,,,I
02694102,202506,COOPERATIVA DE ECONOMIA E CRÉDITO MÚTUO DOS CERAMISTAS DE MONTE CARMELO E REGIÃO LTDA.,199811,B3S,I,2,Cooperativa de Crédito,,MG,Monte Carmelo,,,,,I
01126867,202506,COOPERATIVA DE ECONOMIA E CRÉDITO MÚTUO DOS CIRURGIÕES DENTISTAS E PROFISSIONAIS DA ÁREA DE SAÚDE DE SÃO PAULO,199601,B3S,I,2,Cooperativa de Crédito,,SP,São Paulo,,,,,I
53184438,202506,COOPERATIVA DE ECONOMIA E CRÉDITO MÚTUO DOS COLABORADORES DA CEBRACE,198312,B3S,I,2,Cooperativa de Crédito,Mútuo PF sem conta corrente,SP,Jacareí,S5,,,,A
02947404,202506,COOPERATIVA DE ECONOMIA E CRÉDITO MÚTUO DOS COLABORADORES DA CEBRACE UNIDADE DE CAÇAPAVA,199902,B3S,I,2,Cooperativa de Crédito,,SP,Caçapava,,,,,I
33370271,202506,COOPERATIVA DE ECONOMIA E CRÉDITO MÚTUO DOS COLABORADORES DA CIA FEDERAL DE FUNDIÇÃO DE RESPONSABILIDADE LTDA.,196710,B3S,I,2,Cooperativa de Crédito,,RJ,Rio de Janeiro,,,,,I
21598032,202506,COOPERATIVA DE ECONOMIA E CRÉDITO MÚTUO DOS COLABORADORES DA CIA MINEIRA DE ELETRICIDADE LTDA. - COMEL,196702,B3S,I,2,Cooperativa de Crédito,,MG,Juiz de Fora,,,,,I
21597919,202506,COOPERATIVA DE ECONOMIA E CRÉDITO MÚTUO DOS COLABORADORES DA COMPANHIA DE FIAÇÃO E TECELAGEM SANTA CRUZ LTDA.,196711,B3S,I,2,Cooperativa de Crédito,,MG,Juiz de Fora,,,,,I
33948613,202506,COOPERATIVA DE ECONOMIA E CRÉDITO MÚTUO DOS COLABORADORES DA COMPANHIA DE SEGUROS 'THE HOME INSURANCE COMPANY' LTDA.,196709,B3S,I,2,Cooperativa de Crédito,,RJ,Rio de Janeiro,,,,,I
27320779,202506,COOPERATIVA DE ECONOMIA E CRÉDITO MÚTUO DOS COLABORADORES DA COMPANHIA SIDERÚRGICA DE TUBARÃO E EMPRESAS DE SIDERURGIA LTDA - COOPSIDER - EM LIQUIDACAO ORDINARIA,198104,B3S,I,2,Cooperativa de Crédito,,ES,Serra,,,,,I
21586367,202506,COOPERATIVA DE ECONOMIA E CRÉDITO MÚTUO DOS COLABORADORES DA COMPANHIA TÊXTIL FERREIRA GUIMARÃES LTDA.,196701,B3S,I,2,Cooperativa de Crédito,,MG,Juiz de Fora,,,,,I
21130869,202506,COOPERATIVA DE ECONOMIA E CRÉDITO MÚTUO DOS COLABORADORES DA COOPEDER LTDA - COOPCREDER,198001,B3S,I,2,Cooperativa de Crédito,Atípicas,MG,Belo Horizonte,S5,,,,A
19626324,202506,COOPERATIVA DE ECONOMIA E CRÉDITO MÚTUO DOS COLABORADORES DA GLYCO DO BRASIL INDÚSTRIA METALÚRGICA LTDA.,198405,B3S,I,2,Cooperativa de Crédito,,MG,Cataguases,,,,,I
43948405,202506,COOPERATIVA DE ECONOMIA E CRÉDITO MÚTUO DOS COLABORADORES DA LUPO LTDA.,180001,B3S,I,2,Cooperativa de Crédito,,SP,Araraquara,,,,,I
61039038,202506,"COOPERATIVA DE ECONOMIA E CREDITO MUTUO DOS COLABORADORES DA SG INDUSTRIA E COMERCIO DE MATERIAIS DE CONSTRUCAO, VIDROS E AFINS",196701,B3S,I,2,Cooperativa de Crédito,,SP,São Paulo,S5,,,,I
17439092,202506,COOPERATIVA DE ECONOMIA E CRÉDITO MÚTUO DOS COLABORADORES DA SOCIEDADE MINEIRA DE CULTURA LTDA.,198205,B3S,I,2,Cooperativa de Crédito,,MG,Belo Horizonte,,,,,I
21607189,202506,"COOPERATIVA DE ECONOMIA E CRÉDITO MÚTUO DOS COLABORADORES DA TELEMIG EM JUIZ DE FORA, LIMITADA.",196907,B3S,I,2,Cooperativa de Crédito,,MG,Juiz de Fora,,,,,I
20961629,202506,COOPERATIVA DE ECONOMIA E CRÉDITO MÚTUO DOS COLABORADORES DA VALE S.A LTDA. - SICOOB CREDIVALE,196712,B3S,I,2,Cooperativa de Crédito,Mútuo com financiamento relevante,MG,Itabira,S5,,,,I
20352217,202506,COOPERATIVA DE ECONOMIA E CRÉDITO MÚTUO DOS COLABORADORES DO ARMARINHO SANTO ANTÔNIO LTDA.,197909,B3S,I,2,Cooperativa de Crédito,,MG,Ubá,,,,,I
20062766,202506,COOPERATIVA DE ECONOMIA E CRÉDITO MÚTUO DOS COLABORADORES DO GRUPO EMPRESARIAL A COSTA LTDA.,198306,B3S,I,2,Cooperativa de Crédito,Mútuo PF sem conta corrente,MG,Visconde do Rio Branco,S5,,,,A
19523943,202506,COOPERATIVA DE ECONOMIA E CRÉDITO MÚTUO DOS COLABORADORES DO GRUPO PITÁGORAS LTDA.,197710,B3S,I,2,Cooperativa de Crédito,,MG,Belo Horizonte,,,,,I
19844133,202506,COOPERATIVA DE ECONOMIA E CRÉDITO MÚTUO DOS COLABORADORES DO SINDICATO DOS EMPREGADOS EM ESTABELECIMENTOS BANCÁRIOS DE BELO HORIZONTE,197708,B3S,I,2,Cooperativa de Crédito,,MG,Belo Horizonte,,,,,I
03508617,202506,COOPERATIVA DE ECONOMIA E CRÉDITO MÚTUO DOS COMERCIANTES DAS CONFECÇÕES DE ALFENAS LTDA.,200002,B3S,I,2,Cooperativa de Crédito,,MG,Alfenas,,,,,I
02882258,202506,COOPERATIVA DE ECONOMIA E CRÉDITO MÚTUO DOS COMERCIANTES DE  AUTOPEÇAS E SERVIÇOS DE VITÓRIA DA CONQUISTA - SICOOB COOPESE,199802,B3S,I,2,Cooperativa de Crédito,,BA,Vitória da Conquista,,,,,I
03128374,202506,COOPERATIVA DE ECONOMIA E CRÉDITO MÚTUO DOS COMERCIANTES DE ARTIGOS DO VESTUÁRIO EM GERAL DE ITABUNA LTDA,199911,B3S,I,2,Cooperativa de Crédito,,BA,Itabuna,,,,,I
03962327,202506,COOPERATIVA DE ECONOMIA E CRÉDITO MÚTUO DOS COMERCIANTES DE CONFECÇÃO DO VESTUÁRIO DA REGIÃO DE CURVELO LTDA.,200009,B3S,I,2,Cooperativa de Crédito,,MG,Curvelo,,,,,I
04238116,202506,COOPERATIVA DE ECONOMIA E CRÉDITO MÚTUO DOS COMERCIANTES DE CONFECÇÃO DO VESTUÁRIO DE JUIZ DE FORA LTDA.,200103,B3S,I,2,Cooperativa de Crédito,,MG,Juiz de Fora,,,,,I
02357417,202506,COOPERATIVA DE ECONOMIA E CREDITO MUTUO DOS COMERCIANTES DE CONFECCOES DA GLORIA - COOPGLORIA,199712,B3S,I,2,Cooperativa de Crédito,,ES,Vila Velha,,,,,I
01847467,202506,COOPERATIVA DE ECONOMIA E CRÉDITO MÚTUO DOS COMERCIANTES DE CONFECÇÕES DE  ABAETÉ LTDA,199703,B3S,I,2,Cooperativa de Crédito,,MG,Abaeté,,,,,I
01715446,202506,COOPERATIVA DE ECONOMIA E CRÉDITO MÚTUO DOS COMERCIANTES DE CONFECÇÕES DE CAMPOS GERAIS LTDA,199612,B3S,I,2,Cooperativa de Crédito,,MG,Campos Gerais,,,,,I
01625157,202506,COOPERATIVA DE ECONOMIA E CRÉDITO MÚTUO DOS COMERCIANTES DE CONFECÇÕES DE ITABIRA LTDA.,199702,B3S,I,2,Cooperativa de Crédito,,MG,Itabira,,,,,I
01072597,202506,COOPERATIVA DE ECONOMIA E CRÉDITO MÚTUO DOS COMERCIANTES DE CONFECÇÕES DE JOÃO PINHEIRO,199603,B3S,I,2,Cooperativa de Crédito,,MG,João Pinheiro,,,,,I
00530449,202506,COOPERATIVA DE ECONOMIA E CRÉDITO MÚTUO DOS COMERCIANTES DE CONFECÇÕES DE MACHADO LTDA,199504,B3S,I,2,Cooperativa de Crédito,,MG,Machado,,,,,I
86423506,202506,COOPERATIVA DE ECONOMIA E CRÉDITO MÚTUO DOS COMERCIANTES DE CONFECÇÕES DE POÇOS DE CALDAS LTDA.,199406,B3S,I,2,Cooperativa de Crédito,,MG,Poços de Caldas,,,,,I
01670376,202506,COOPERATIVA DE ECONOMIA E CRÉDITO MÚTUO DOS COMERCIANTES DE CONFECÇÕES DE SANTO ANTONIO DO MONTE LTDA,199704,B3S,I,2,Cooperativa de Crédito,,MG,Santo Antônio do Monte,,,,,I
01772627,202506,COOPERATIVA DE ECONOMIA E CRÉDITO MÚTUO DOS COMERCIANTES DE CONFECÇÕES DE TRÊS CORAÇÕES LTDA,199705,B3S,I,2,Cooperativa de Crédito,,MG,Três Corações,,,,,I
03669006,202506,COOPERATIVA DE ECONOMIA E CRÉDITO MÚTUO DOS COMERCIANTES DE CONFECÇÕES DE TRÊS PONTAS LTDA.,180001,B3S,I,2,Cooperativa de Crédito,,MG,Três Pontas,,,,,I
04063435,202506,COOPERATIVA DE ECONOMIA E CRÉDITO MÚTUO DOS COMERCIANTES DE CONFECÇÕES DE UBERLÂNDIA LTDA.,200101,B3S,I,2,Cooperativa de Crédito,,MG,Uberlândia,,,,,I
01649389,202506,COOPERATIVA DE ECONOMIA E CRÉDITO MÚTUO DOS COMERCIANTES DE CONFECÇÕES DO CIRCUITO DO OURO LTDA,199703,B3S,I,2,Cooperativa de Crédito,,MG,Santa Bárbara,,,,,I
02753207,202506,COOPERATIVA DE ECONOMIA E CRÉDITO MÚTUO DOS COMERCIANTES DE CONFECÇÕES DO VESTUÁRIO DAS TERRAS ALTAS DA MANTIQUEIRA LTDA.,199809,B3S,I,2,Cooperativa de Crédito,,MG,Passa Quatro,,,,,I
03086930,202506,COOPERATIVA DE ECONOMIA E CRÉDITO MÚTUO DOS COMERCIANTES DE CONFECÇÕES DO VESTUÁRIO DE SETE LAGOAS/MG - CREDILOJA LTDA.,199907,B3S,I,2,Cooperativa de Crédito,,MG,Sete Lagoas,,,,,I
02461825,202506,COOPERATIVA DE ECONOMIA E CRÉDITO MÚTUO DOS COMERCIANTES DE CONFECÇÕES DO VESTUÁRIO DE TIMÓTEO LTDA.,199806,B3S,I,2,Cooperativa de Crédito,,MG,Timóteo,,,,,I
01128703,202506,COOPERATIVA DE ECONOMIA E CRÉDITO MÚTUO DOS COMERCIANTES DE CONFECÇÕES DO VESTUÁRIO DE VARGINHA LTDA.,199605,B3S,I,2,Cooperativa de Crédito,,MG,Varginha,,,,,I
03020122,202506,"COOPERATIVA DE ECONOMIA E CRÉDITO MÚTUO DOS COMERCIANTES DE CONFECÇÕES DO VESTUÁRIO E DOS GRÁFICOS DE BELO HORIZONTE, REGIÃO METROPOLITANA E CIDADES POLO LTDA.",199906,B3S,I,2,Cooperativa de Crédito,,MG,Belo Horizonte,,,,,I
01609024,202506,COOPERATIVA DE ECONOMIA E CRÉDITO MÚTUO DOS COMERCIANTES DE CONFECÇÕES TEÓFILO OTONI LTDA.,199702,B3S,I,2,Cooperativa de Crédito,,MG,Teófilo Otoni,,,,,I
01663367,202506,COOPERATIVA DE ECONOMIA E CRÉDITO MÚTUO DOS COMERCIANTES DE DEPÓSITO DE MATERIAIS DE CONSTRUÇÃO DE CONTAGEM LTDA. - COOPERACIC,199703,B3S,I,2,Cooperativa de Crédito,,MG,Contagem,,,,,I
04594095,202506,COOPERATIVA DE ECONOMIA E CRÉDITO MÚTUO DOS COMERCIANTES DE PEÇAS E SERVIÇOS PARA VEÍCULOS DE TEIXEIRA DE FREITAS - SICOOB COMÉRCIO,200110,B3S,I,2,Cooperativa de Crédito,,BA,Teixeira de Freitas,,,,,I
03653959,202506,COOPERATIVA DE ECONOMIA E CREDITO MUTUO DOS COMERCIANTES DE VEÍCULOS E DE PEÇAS E ACESSÓRIOS PARA VEÍCULOS DE PORTO ALEGRE E REGIÃO METROPOLITANA - SIVEICRED,200004,B3S,I,2,Cooperativa de Crédito,,RS,Porto Alegre,,,,,I
03566974,202506,COOPERATIVA DE ECONOMIA E CRÉDITO MÚTUO DOS COMERCIANTES DE VESTUÁRIOS E CONFECÇÕES DO NORTE DO ESTADO DO ESPÍRITO SANTO - CREDI NORTE,200001,B3S,I,2,Cooperativa de Crédito,,ES,Linhares,,,,,I
05078992,202506,COOPERATIVA DE ECONOMIA E CRÉDITO MÚTUO DOS COMERCIANTES DO RAMO TÊXTIL - CREDILITORAL,200206,B3S,I,2,Cooperativa de Crédito,,SP,Santos,,,,,I
02330334,202506,"COOPERATIVA DE ECONOMIA E CRÉDITO MÚTUO DOS COMERCIANTES DO VESTUÁRIO, CONFECÇÕES E ROCHAS ORNAMENTAIS - CREDSUL.",199802,B3S,I,2,Cooperativa de Crédito,,ES,Cachoeiro de Itapemirim,S5,,,,I
05522136,202506,COOPERATIVA DE ECONOMIA E CRÉDITO MÚTUO DOS COMERCIANTES E REVENDEDORES DE COMBUSTÍVEIS E LUBRIFICANTES DE MARINGÁ E REGIÃO-SICOOB ARCOMAR,200305,B3S,I,2,Cooperativa de Crédito,,PR,Maringá,,,,,I
05154566,202506,COOPERATIVA DE ECONOMIA E CRÉDITO MÚTUO DOS COMERCIANTES VAREJISTAS DE GÊNEROS ALIMENTÍCIOS DE RIO BANANAL LTDA.,180001,B3S,I,2,Cooperativa de Crédito,,ES,Rio Bananal,,,,,I
66455718,202506,COOPERATIVA DE ECONOMIA E CRÉDITO MÚTUO DOS COMERCIÁRIOS DE IGUATAMA LTDA.,199304,B3S,I,2,Cooperativa de Crédito,,MG,Belo Horizonte,,,,,I
09978457,202506,COOPERATIVA DE ECONOMIA E CRÉDITO MÚTUO DOS CONFECCIONISTAS TEXTEIS DE BRUSQUE,180001,B3S,I,2,Cooperativa de Crédito,,SC,Brusque,,,,,I
02739989,202506,COOPERATIVA DE ECONOMIA E CRÉDITO MÚTUO DOS CONFECCIONISTAS TEXTEIS DO CONGLOMERADO URBANO DA GRANDE FLORIANÓPOLIS.,199810,B3S,I,2,Cooperativa de Crédito,,SC,São José,,,,,I
04822006,202506,COOPERATIVA DE ECONOMIA E CREDITO MUTUO DOS CONTABILISTAS DE CAMPO GRANDE/MS,200204,B3S,I,2,Cooperativa de Crédito,,MS,Campo Grande,,,,,I
04809581,202506,COOPERATIVA DE ECONOMIA E CRÉDITO MÚTUO DOS CONTABILISTAS DO DISTRITO FEDERAL LTDA.,200112,B3S,I,2,Cooperativa de Crédito,,DF,Brasília,,,,,I
05463391,202506,COOPERATIVA DE ECONOMIA E CREDITO MUTUO DOS CONTABILISTAS DO ESTADO DO RJ LTDA,200303,B3S,I,2,Cooperativa de Crédito,,RJ,Rio de Janeiro,,,,,I
03056109,202506,"COOPERATIVA DE ECONOMIA E CRÉDITO MÚTUO DOS CONTABILISTAS,  ADMINISTRADORES E ECONOMISTAS DE MACEIÓ/AL, CONTCRED MACEIÓ",199903,B3S,I,2,Cooperativa de Crédito,,AL,Maceió,,,,,I
05066544,202506,"COOPERATIVA DE ECONOMIA E CRÉDITO MÚTUO DOS CONTADORES, TÉCNICOS EM CONTABILIDADE,  ADMINISTRADORES E ECONOMISTAS DE FORTALEZA LTDA - CREDCONTA FORTALEZA",200312,B3S,I,2,Cooperativa de Crédito,,CE,Fortaleza,,,,,I
02316922,202506,COOPERATIVA DE ECONOMIA E CRÉDITO MÚTUO DOS CORRETORES DE SEGUROS DE BELO HORIZONTE E REGIÃO METROPOLITANA LTDA.,199712,B3S,I,2,Cooperativa de Crédito,,MG,Belo Horizonte,,,,,I
02999687,202506,COOPERATIVA DE ECONOMIA E CRÉDITO MÚTUO DOS CORRETORES DE SEGUROS DO RIO GRANDE DO SUL - CREDICOR,199906,B3S,I,2,Cooperativa de Crédito,,RS,Porto Alegre,S5,,,,I
09978437,202506,COOPERATIVA DE ECONOMIA E CRÉDITO MÚTUO DOS DENTISTAS DE CHAPECO - ODONTOCREDI,180001,B3S,I,2,Cooperativa de Crédito,,SC,Chapecó,,,,,I
92825397,202506,COOPERATIVA DE ECONOMIA E CRÉDITO MÚTUO DOS ELETRICITÁRIOS E DOS TRABALHADORES DAS EMPRESAS DO SETOR DE ENERGIA - COOPCRECE,196702,B3S,I,2,Cooperativa de Crédito,Mútuo PF com conta corrente,RS,Porto Alegre,S5,,,,A
64655129,202506,COOPERATIVA DE ECONOMIA E CRÉDITO MÚTUO DOS EMPREGADOS ALCOA ALUMINIO S.A. E EMPRESAS SUBSIDIÁRIAS NO ESTADO DE MINAS GERAIS LTDA.,199012,B3S,I,2,Cooperativa de Crédito,,SP,Cotia,,,,,I
32412165,202506,COOPERATIVA DE ECONOMIA E CRÉDITO MÚTUO DOS EMPREGADOS CIA FÁBRICA DE TECIDOS SÃO PEDRO DE ALCÂNTARA LTDA.,196704,B3S,I,2,Cooperativa de Crédito,,RJ,Paracambi,,,,,I
07651953,202506,COOPERATIVA DE ECONOMIA E CRÉDITO MÚTUO DOS EMPREGADOS COMPANHIA CEARENSE DE CIMENTO PORTLAND E EMPRESAS INTERLIGADAS LTDA,198410,B3S,I,2,Cooperativa de Crédito,,CE,Fortaleza,,,,,I
19396852,202506,COOPERATIVA DE ECONOMIA E CRÉDITO MÚTUO DOS EMPREGADOS DA ACESITA E EMPRESAS SUBSIDIÁRIAS EM BELO HORIZONTE LTDA,197611,B3S,I,2,Cooperativa de Crédito,,MG,Belo Horizonte,,,,,I
17314501,202506,COOPERATIVA DE ECONOMIA E CRÉDITO MÚTUO DOS EMPREGADOS DA AÇO MINAS GERAIS S.A. - AÇOMINAS E EMPRESAS SUBSIDIÁRIAS EM OURO BRANCO LTDA. - COOPAÇO,198112,B3S,I,2,Cooperativa de Crédito,Atípicas,MG,Ouro Branco,S5,,,,A
14383673,202506,COOPERATIVA DE ECONOMIA E CRÉDITO MÚTUO DOS EMPREGADOS DA ÁGUIA BRANCA LTDA - REGIONAL BAHIA,197711,B3S,I,2,Cooperativa de Crédito,,BA,Itabuna,,,,,I
28850485,202506,COOPERATIVA DE ECONOMIA E CREDITO MUTUO DOS EMPREGADOS DA ALCALIS LTDA,196912,B3S,I,2,Cooperativa de Crédito,,RJ,Arraial do Cabo,,,,,I
62781232,202506,COOPERATIVA DE ECONOMIA E CRÉDITO MÚTUO DOS EMPREGADOS DA ALCATEL-LUCENT BRASIL,199008,B3S,I,2,Cooperativa de Crédito,,SP,São Paulo,,,,,I
01346674,202506,COOPERATIVA DE ECONOMIA E CRÉDITO MÚTUO DOS EMPREGADOS DA ALCOA,199608,B3S,I,2,Cooperativa de Crédito,,SP,Santo André,,,,,I
18625152,202506,COOPERATIVA DE ECONOMIA E CRÉDITO MÚTUO DOS EMPREGADOS DA ALCOA ALUMÍNIO S/A E EMPRESAS SUBSIDIÁRIAS EM POÇOS DE CALDAS LTDA. - CREDIAL,197411,B3S,I,2,Cooperativa de Crédito,,MG,Poços de Caldas,,,,,I
38932158,202506,COOPERATIVA DE ECONOMIA E CRÉDITO MÚTUO DOS EMPREGADOS DA ALLIEDSIGNAL AUTOMOTIVE-DIVISAO GUARULHOS,199007,B3S,I,2,Cooperativa de Crédito,,SP,Guarulhos,,,,,I
07635360,202506,COOPERATIVA DE ECONOMIA E CRÉDITO MÚTUO DOS EMPREGADOS DA ALUMAR - SICOOB ALUMAR,198504,B3S,I,2,Cooperativa de Crédito,,MA,São Luís,,,,,I
87106894,202506,COOPERATIVA DE ECONOMIA E CREDITO MUTUO DOS EMPREGADOS DA ARCON LTDA,197206,B3S,I,2,Cooperativa de Crédito,,RS,Porto Alegre,,,,,I
49331093,202506,COOPERATIVA DE ECONOMIA E CRÉDITO MÚTUO DOS EMPREGADOS DA ARNO,197710,B3S,I,2,Cooperativa de Crédito,,SP,São Paulo,,,,,I
09978152,202506,COOPERATIVA DE ECONOMIA E CRÉDITO MÚTUO DOS EMPREGADOS DA ARTEC LTDA,180001,B3S,I,2,Cooperativa de Crédito,,RS,Novo Hamburgo,,,,,I
74562190,202506,COOPERATIVA DE ECONOMIA E CRÉDITO MÚTUO DOS EMPREGADOS DA ASSOCIAÇÃO DOS FORNECEDORES DE CANA DE GUARIBA,199402,B3S,I,2,Cooperativa de Crédito,,SP,Guariba,,,,,I
01558716,202506,COOPERATIVA DE ECONOMIA E CRÉDITO MÚTUO DOS EMPREGADOS DA ASSOCIAÇÃO DOS FUNCIONÁRIOS PÚBLICOS DO ESTADO DE SÃO PAULO - CREDIAFPESP,199701,B3S,I,2,Cooperativa de Crédito,,SP,São Paulo,,,,,I
27954163,202506,COOPERATIVA DE ECONOMIA E CRÉDITO MÚTUO DOS EMPREGADOS DA AUTOMODELO E COLIGADAS LTDA,198206,B3S,I,2,Cooperativa de Crédito,,RJ,Rio de Janeiro,,,,,I
21597133,202506,"COOPERATIVA DE ECONOMIA E CRÉDITO MÚTUO DOS EMPREGADOS DA BECTON DICKINSON INDÚSTRIAS CIRÚRGICAS LTDA., LTDA.",196710,B3S,I,2,Cooperativa de Crédito,Mútuo PF sem conta corrente,MG,Juiz de Fora,S5,,,,A
73156218,202506,COOPERATIVA DE ECONOMIA E CRÉDITO MÚTUO DOS EMPREGADOS DA BORCOL,199311,B3S,I,2,Cooperativa de Crédito,,SP,Sorocaba,,,,,I
30374557,202506,COOPERATIVA DE ECONOMIA E CREDITO MUTUO DOS EMPREGADOS DA BRAZACO-MAPRI PETROPOLIS LTDA,197809,B3S,I,2,Cooperativa de Crédito,,RJ,Petrópolis,,,,,I
57542409,202506,COOPERATIVA DE ECONOMIA E CRÉDITO MÚTUO DOS EMPREGADOS DA CAIO,198703,B3S,I,2,Cooperativa de Crédito,,SP,Botucatu,,,,,I
33692146,202506,"COOPERATIVA DE ECONOMIA E CREDITO MUTUO DOS EMPREGADOS DA CAIO-RIO, LTDA-LIQUIDACAO ORDINARIA",196609,B3S,I,2,Cooperativa de Crédito,,RJ,Rio de Janeiro,,,,,I
43941145,202506,COOPERATIVA DE ECONOMIA E CRÉDITO MÚTUO DOS EMPREGADOS DA CALOI NORTE,197310,B3S,I,2,Cooperativa de Crédito,,SP,Atibaia,,,,,I
04011367,202506,COOPERATIVA DE ECONOMIA E CRÉDITO MÚTUO DOS EMPREGADOS DA CALOI NORTE LTDA,198101,B3S,I,2,Cooperativa de Crédito,,AM,Manaus,,,,,I
18776484,202506,COOPERATIVA DE ECONOMIA E CRÉDITO MÚTUO DOS EMPREGADOS DA CASA ARTHUR HAAS COMÉRCIO E INDÚSTRIA LTDA,197505,B3S,I,2,Cooperativa de Crédito,,MG,Belo Horizonte,,,,,I
05117957,202506,"COOPERATIVA DE ECONOMIA E CRÉDITO MÚTUO DOS EMPREGADOS DA CAULIM DA AMAZÔNIA S/A - CADAM, EM MONTE DOURADO -  CREDICADAM",198912,B3S,I,2,Cooperativa de Crédito,,PA,Almeirim,,,,,I
33938499,202506,COOPERATIVA DE ECONOMIA E CREDITO MUTUO DOS EMPREGADOS DA CAVAN E ASSOCIADAS LTDA,196905,B3S,I,2,Cooperativa de Crédito,,RJ,Rio de Janeiro,,,,,I
18140913,202506,COOPERATIVA DE ECONOMIA E CRÉDITO MÚTUO DOS EMPREGADOS DA CBMM LTDA.,197411,B3S,I,2,Cooperativa de Crédito,Mútuo PF sem conta corrente,MG,Araxá,S5,,,,A
09978182,202506,COOPERATIVA DE ECONOMIA E CRÉDITO MÚTUO DOS EMPREGADOS DA CCE DO GRUPO ACESITA LTDA,180001,B3S,I,2,Cooperativa de Crédito,,MG,Timóteo,,,,,I
15715212,202506,COOPERATIVA DE ECONOMIA E CRÉDITO MÚTUO DOS EMPREGADOS DA CELANESE DO BRASIL NORDESTE LTDA,180001,B3S,I,2,Cooperativa de Crédito,,BA,Simões Filho,,,,,I
51131134,202506,COOPERATIVA DE ECONOMIA E CRÉDITO MÚTUO DOS EMPREGADOS DA CELANESE DO BRASIL-SÃO PAULO E SÃO BERNARDO DO CAMPO,180001,B3S,I,2,Cooperativa de Crédito,,SP,São Bernardo do Campo,,,,,I
29808169,202506,COOPERATIVA DE ECONOMIA E CREDITO MUTUO DOS EMPREGADOS DA CELUCAT LTDA,197703,B3S,I,2,Cooperativa de Crédito,,RJ,Mendes,,,,,I
17502881,202506,COOPERATIVA DE ECONOMIA E CRÉDITO MÚTUO DOS EMPREGADOS DA CEMIG E DAS INDÚSTRIAS METALÚRGICAS E DE MATERIAL ELÉTRICO E DOS SERVIDORES PÚBLICOS MUNICIPAIS DE JUIZ DE FORA LTDA. - SICOOB CECREMEC,197102,B3S,I,2,Cooperativa de Crédito,Mútuo PF com conta corrente,MG,Belo Horizonte,S5,,,,A
08850613,202506,COOPERATIVA DE ECONOMIA E CRÉDITO MÚTUO DOS EMPREGADOS DA CENTRAIS ELÉTRICAS DE SANTA CATARINA - CREDELESC,200707,B3S,I,2,Cooperativa de Crédito,Mútuo com financiamento relevante,SC,Florianópolis,S5,,,,A
01120042,202506,COOPERATIVA DE ECONOMIA E CRÉDITO MÚTUO DOS EMPREGADOS DA CENTRAIS ELETRICAS DO PARÁ - COECELPA,199602,B3S,I,2,Cooperativa de Crédito,,PA,Belém,,,,,I
42410308,202506,COOPERATIVA DE ECONOMIA E CREDITO MUTUO DOS EMPREGADOS DA CENTREX LTDA,197505,B3S,I,2,Cooperativa de Crédito,,RJ,Rio de Janeiro,,,,,I
23027410,202506,COOPERATIVA DE ECONOMIA E CRÉDITO MÚTUO DOS EMPREGADOS DA CERVEJARIA MIRANDA CORRÊA LTDA,198811,B3S,I,2,Cooperativa de Crédito,,AM,Manaus,,,,,I
01815069,202506,COOPERATIVA DE ECONOMIA E CRÉDITO MÚTUO DOS EMPREGADOS DA CHRIS CINTOS DE SEGURANÇA,199707,B3S,I,2,Cooperativa de Crédito,,SP,São Paulo,,,,,I
28980936,202506,COOPERATIVA DE ECONOMIA E CREDITO MUTUO DOS EMPREGADOS DA CIA ACUCAREIRA USINA CUPIM LTDA,197012,B3S,I,2,Cooperativa de Crédito,,RJ,Campos dos Goytacazes,,,,,I
33769563,202506,COOPERATIVA DE ECONOMIA E CRÉDITO MÚTUO DOS EMPREGADOS DA CIA AMÉRICA FABRIL-FÁBRICA DEODORO LTDA,196811,B3S,I,2,Cooperativa de Crédito,,RJ,Rio de Janeiro,,,,,I
30138226,202506,COOPERATIVA DE ECONOMIA E CREDITO MUTUO DOS EMPREGADOS DA CIA DE ELETRICIDADE DO ESTADO DO RJ CREDICERJ LTDA,197003,B3S,I,2,Cooperativa de Crédito,Mútuo PF sem conta corrente,RJ,Niterói,S5,,,,A
28408110,202506,COOPERATIVA DE ECONOMIA E CRÉDITO MÚTUO DOS EMPREGADOS DA CIA DOCAS DO ESPIRITO SANTO,198401,B3S,I,2,Cooperativa de Crédito,,ES,Vitória,,,,,I
50775014,202506,COOPERATIVA DE ECONOMIA E CRÉDITO MÚTUO DOS EMPREGADOS DA CIA PAULISTA DE ALIMENTACÃO LTDA,198204,B3S,I,2,Cooperativa de Crédito,,SP,São Paulo,,,,,I
09978193,202506,COOPERATIVA DE ECONOMIA E CRÉDITO MÚTUO DOS EMPREGADOS DA CIA PAULISTA DE FERRO-LIGAS EM CAXAMBU LTDA,180001,B3S,I,2,Cooperativa de Crédito,,MG,Caxambu,,,,,I
24318107,202506,COOPERATIVA DE ECONOMIA E CRÉDITO MÚTUO DOS EMPREGADOS DA CIA SIDERURGICA  BELGO MINEIRA SABARÁ LTDA,196806,B3S,I,2,Cooperativa de Crédito,,MG,Sabará,,,,,I
29369162,202506,COOPERATIVA DE ECONOMIA E CRÉDITO MÚTUO DOS EMPREGADOS DA CIA.UNIÃO MANUFATORA DE TECIDOS LTDA.,196712,B3S,I,2,Cooperativa de Crédito,,RJ,Duque de Caxias,,,,,I
21513296,202506,COOPERATIVA DE ECONOMIA E CRÉDITO MÚTUO DOS EMPREGADOS DA CIANA LTDA,180001,B3S,I,2,Cooperativa de Crédito,,MG,Contagem,,,,,I
28637528,202506,COOPERATIVA DE ECONOMIA E CRÉDITO MÚTUO DOS EMPREGADOS DA CIMENTO MAUÁ LTDA,197206,B3S,I,2,Cooperativa de Crédito,,RJ,São Gonçalo,,,,,I
21136106,202506,COOPERATIVA DE ECONOMIA E CRÉDITO MÚTUO DOS EMPREGADOS DA CIMETAL EM BARÃO DE COCAIS LTDA,198003,B3S,I,2,Cooperativa de Crédito,,MG,Barão de Cocais,,,,,I
30304919,202506,"COOPERATIVA DE ECONOMIA E CRÉDITO MÚTUO DOS EMPREGADOS DA CNC, SESC E SENAC ADMINISTRAÇÕES NACIONAIS LTDA.",197808,B3S,I,2,Cooperativa de Crédito,Mútuo PF sem conta corrente,RJ,Rio de Janeiro,S5,,,,A
27395011,202506,COOPERATIVA DE ECONOMIA E CRÉDITO MÚTUO DOS EMPREGADOS DA COMPANHIA  FERRO E AÇO DE VITÓRIA LTDA - COFACRED,196609,B3S,I,2,Cooperativa de Crédito,,ES,Cariacica,,,,,I
54335401,202506,COOPERATIVA DE ECONOMIA E CRÉDITO MÚTUO DOS EMPREGADOS DA COMPANHIA BRASILEIRA DE ALUMÍNIO,196803,B3S,I,2,Cooperativa de Crédito,Mútuo PF sem conta corrente,SP,Alumínio,S5,,,,A
19835016,202506,COOPERATIVA DE ECONOMIA E CRÉDITO MÚTUO DOS EMPREGADOS DA COMPANHIA BRASILEIRA DE CALDEIRAS - INDÚSTRIAS PESADAS S.A. LTDA,197612,B3S,I,2,Cooperativa de Crédito,,MG,Varginha,,,,,I
21608005,202506,COOPERATIVA DE ECONOMIA E CRÉDITO MÚTUO DOS EMPREGADOS DA COMPANHIA DE FIAÇÃO E TECELAGEM SÃO VICENTE LTDA.,196912,B3S,I,2,Cooperativa de Crédito,,MG,Juiz de Fora,,,,,I
18884221,202506,COOPERATIVA DE ECONOMIA E CRÉDITO MÚTUO DOS EMPREGADOS DA COMPANHIA FABRIL MINEIRA LTDA,198307,B3S,I,2,Cooperativa de Crédito,,MG,Lavras,,,,,I
18041145,202506,COOPERATIVA DE ECONOMIA E CRÉDITO MÚTUO DOS EMPREGADOS DA COMPANHIA INDUSTRIAL BELO HORIZONTE EM PEDRO LEOPOLDO LTDA,197307,B3S,I,2,Cooperativa de Crédito,,MG,Pedro Leopoldo,,,,,I
16632663,202506,COOPERATIVA DE ECONOMIA E CRÉDITO MÚTUO DOS EMPREGADOS DA COMPANHIA INDUSTRIAL BELO HORIZONTE LTDA,197212,B3S,I,2,Cooperativa de Crédito,,MG,Belo Horizonte,,,,,I
16653990,202506,"COOPERATIVA DE ECONOMIA E CRÉDITO MÚTUO DOS EMPREGADOS DA COMPANHIA INDUSTRIAL BH EM PARÁ DE MINAS, LTDA",198101,B3S,I,2,Cooperativa de Crédito,,MG,Pará de Minas,,,,,I
18399527,202506,COOPERATIVA DE ECONOMIA E CRÉDITO MÚTUO DOS EMPREGADOS DA COMPANHIA INDUSTRIAL ITAUNENSE E COLIGADAS LTDA,197310,B3S,I,2,Cooperativa de Crédito,,MG,Itaúna,,,,,I
18979377,202506,COOPERATIVA DE ECONOMIA E CRÉDITO MÚTUO DOS EMPREGADOS DA COMPANHIA METALÚRGICA BÁRBARA LTDA,196810,B3S,I,2,Cooperativa de Crédito,,MG,Caeté,,,,,I
13484365,202506,COOPERATIVA DE ECONOMIA E CRÉDITO MÚTUO DOS EMPREGADOS DA COMPANHIA QUÍMICA METACRIL LTDA,198403,B3S,I,2,Cooperativa de Crédito,,BA,Candeias,,,,,I
28151033,202506,COOPERATIVA DE ECONOMIA E CREDITO MUTUO DOS EMPREGADOS DA COMPANHIA UNIÃO MANUFATORA DE TECIDOS DE VITORIA LTDA,196612,B3S,I,2,Cooperativa de Crédito,,ES,Vitória,,,,,I
18295428,202506,COOPERATIVA DE ECONOMIA E CRÉDITO MÚTUO DOS EMPREGADOS DA COMPANHIA VALE DO RIO DOCE DE MARIANA E REGIÃO LTDA - COOPAL,197411,B3S,I,2,Cooperativa de Crédito,,MG,Mariana,,,,,I
01251552,202506,COOPERATIVA DE ECONOMIA E CRÉDITO MÚTUO DOS EMPREGADOS DA CONAB LTDA.,198412,B3S,I,2,Cooperativa de Crédito,,DF,Brasília,,,,,I
59305565,202506,COOPERATIVA DE ECONOMIA E CRÉDITO MÚTUO DOS EMPREGADOS DA CONFAB,196606,B3S,I,2,Cooperativa de Crédito,Mútuo PF sem conta corrente,SP,Pindamonhangaba,S5,,,,A
46700977,202506,COOPERATIVA DE ECONOMIA E CRÉDITO MÚTUO DOS EMPREGADOS DA CONFAB LTDA-PINDAMONHANGABA,197507,B3S,I,2,Cooperativa de Crédito,,SP,Pindamonhangaba,,,,,I
34037200,202506,COOPERATIVA DE ECONOMIA E CREDITO MUTUO DOS EMPREGADOS DA CONTINAC LTDA,196911,B3S,I,2,Cooperativa de Crédito,,RJ,Rio de Janeiro,,,,,I
87768149,202506,COOPERATIVA DE ECONOMIA E CREDITO MUTUO DOS EMPREGADOS DA COOPERATIVA AGRICOLA CACHOEIRENSE LTDA,196609,B3S,I,2,Cooperativa de Crédito,,RS,Cachoeira do Sul,,,,,I
18886986,202506,COOPERATIVA DE ECONOMIA E CRÉDITO MÚTUO DOS EMPREGADOS DA COOPERATIVA AGROPECUÁRIA DE CURVELO LTDA.,197604,B3S,I,2,Cooperativa de Crédito,,MG,Curvelo,,,,,I
03172283,202506,COOPERATIVA DE ECONOMIA E CRÉDITO MÚTUO DOS EMPREGADOS DA COOPERATIVA CENTRAL DOS PRODUTORES RURAIS MINAS GERAIS LTDA- CREDITAMBE,199908,B3S,I,2,Cooperativa de Crédito,,MG,Belo Horizonte,,,,,I
50970110,202506,COOPERATIVA DE ECONOMIA E CRÉDITO MÚTUO DOS EMPREGADOS DA COOPERATIVA DE CONSUMO DOS EMPREGADOS DA VOLKSWAGEN DO BRASIL LTDA,198207,B3S,I,2,Cooperativa de Crédito,,SP,São Bernardo do Campo,,,,,I
64307903,202506,COOPERATIVA DE ECONOMIA E CRÉDITO MÚTUO DOS EMPREGADOS DA COOPERATIVA REGIONAL DOS CAFEICULTORES DE POÇOS DE CALDAS LTDA,198910,B3S,I,2,Cooperativa de Crédito,,MG,Poços de Caldas,,,,,I
29793692,202506,"COOPERATIVA DE ECONOMIA E CRÉDITO MÚTUO DOS EMPREGADOS DA COPERFLU, LTDA",197707,B3S,I,2,Cooperativa de Crédito,,RJ,Campos dos Goytacazes,,,,,I
62239819,202506,COOPERATIVA DE ECONOMIA E CRÉDITO MÚTUO DOS EMPREGADOS DA COPLANA - CREDICOPLANA,199003,B3S,I,2,Cooperativa de Crédito,,SP,Guariba,,,,,I
92922285,202506,COOPERATIVA DE ECONOMIA E CREDITO MUTUO DOS EMPREGADOS DA CORLAC LTDA-CREDEAL,196903,B3S,I,2,Cooperativa de Crédito,,RS,Porto Alegre,,,,,I
90816380,202506,COOPERATIVA DE ECONOMIA E CREDITO MUTUO DOS EMPREGADOS DA COROA LTDA,197909,B3S,I,2,Cooperativa de Crédito,,RS,Porto Alegre,,,,,I
33370172,202506,COOPERATIVA DE ECONOMIA E CRÉDITO MÚTUO DOS EMPREGADOS DA COSAN ALIMENTOS LTDA.,196703,B3S,I,2,Cooperativa de Crédito,,RJ,Rio de Janeiro,,,,,I
29326816,202506,COOPERATIVA DE ECONOMIA E CRÉDITO MÚTUO DOS EMPREGADOS DA DELPHOS LTDA.,198501,B3S,I,2,Cooperativa de Crédito,,RJ,Rio de Janeiro,,,,,I
09978186,202506,COOPERATIVA DE ECONOMIA E CRÉDITO MÚTUO DOS EMPREGADOS DA DESO LTDA,180001,B3S,I,2,Cooperativa de Crédito,,SE,Aracaju,,,,,I
00007907,202506,COOPERATIVA DE ECONOMIA E CRÉDITO MÚTUO DOS EMPREGADOS DA DISTRIBUIDORA IRMAOS REIS LTDA.,199406,B3S,I,2,Cooperativa de Crédito,,SP,São Paulo,,,,,I
71799308,202506,COOPERATIVA DE ECONOMIA E CRÉDITO MÚTUO DOS EMPREGADOS DA DRIVEWAY,199306,B3S,I,2,Cooperativa de Crédito,,SP,São Paulo,,,,,I
73077398,202506,COOPERATIVA DE ECONOMIA E CRÉDITO MÚTUO DOS EMPREGADOS DA EATON,196907,B3S,I,2,Cooperativa de Crédito,Mútuo PF sem conta corrente,SP,Valinhos,S5,,,,A
43553049,202506,COOPERATIVA DE ECONOMIA E CRÉDITO MÚTUO DOS EMPREGADOS DA EATON LTDA.,198008,B3S,I,2,Cooperativa de Crédito,,SP,São José dos Campos,S5,,,,I
53697025,202506,COOPERATIVA DE ECONOMIA E CRÉDITO MÚTUO DOS EMPREGADOS DA ELEBRA LTDA,198408,B3S,I,2,Cooperativa de Crédito,,SP,São Paulo,,,,,I
35815125,202506,COOPERATIVA DE ECONOMIA E CREDITO MUTUO DOS EMPREGADOS DA ELECTRO-VIDRO LTDA.,198911,B3S,I,2,Cooperativa de Crédito,,RJ,São Gonçalo,,,,,I
34165787,202506,COOPERATIVA DE ECONOMIA E CREDITO MUTUO DOS EMPREGADOS DA ELETROMAR LTDA E EATON LTDA NO RIO DE JANEIRO - COOPEATONRJ,197012,B3S,I,2,Cooperativa de Crédito,,RJ,Rio de Janeiro,,,,,I
30803944,202506,COOPERATIVA DE ECONOMIA E CREDITO MUTUO DOS EMPREGADOS DA ELUMA S.A INDUSTRIA COMERCIO LTDA,196612,B3S,I,2,Cooperativa de Crédito,,RJ,Nova Iguaçu,,,,,I
02327782,202506,COOPERATIVA DE ECONOMIA E CRÉDITO MÚTUO DOS EMPREGADOS DA EMPRESA BRASILEIRA DE CORREIOS E TELEGRAFOS-CRED'CORREIOS,199701,B3S,I,2,Cooperativa de Crédito,,DF,Brasília,,,,,I
42403584,202506,COOPERATIVA DE ECONOMIA E CRÉDITO MÚTUO DOS EMPREGADOS DA EMPRESA BRASILEIRA DE SOLDA ELÉTRICA S.A.-EBSE LTDA,197411,B3S,I,2,Cooperativa de Crédito,,RJ,Rio de Janeiro,,,,,I
07168807,202506,COOPERATIVA DE ECONOMIA E CREDITO MÚTUO DOS EMPREGADOS DA EMPRESA SONDA DO BRASIL S/A - COOPERSONDAIMARÉS,200502,B3S,I,2,Cooperativa de Crédito,,SP,São Paulo,,,,,I
03400651,202506,COOPERATIVA DE ECONOMIA E CRÉDITO MÚTUO DOS EMPREGADOS DA EMPRESA SUPERMERCADOS JAU SERVE - COOPERJS,199911,B3S,I,2,Cooperativa de Crédito,Mútuo PF sem conta corrente,SP,Jaú,S5,,,,A
15549124,202506,COOPERATIVA DE ECONOMIA E CREDITO MUTUO DOS EMPREGADOS DA ENERSUL,198302,B3S,I,2,Cooperativa de Crédito,,MS,Campo Grande,,,,,I
29498342,202506,COOPERATIVA DE ECONOMIA E CRÉDITO MÚTUO DOS EMPREGADOS DA ENGENAVI-ENGENHARIA LTDA,197610,B3S,I,2,Cooperativa de Crédito,,RJ,Rio de Janeiro,,,,,I
22724678,202506,"COOPERATIVA DE ECONOMIA E CRÉDITO MÚTUO DOS EMPREGADOS DA ENGESA QUÍMICA S.A, LTDA",180001,B3S,I,2,Cooperativa de Crédito,,MG,Juiz de Fora,,,,,I
28151041,202506,COOPERATIVA DE ECONOMIA E CREDITO MUTUO DOS EMPREGADOS DA ESCELSA LTDA,196709,B3S,I,2,Cooperativa de Crédito,,ES,Vitória,,,,,I
21417712,202506,COOPERATIVA DE ECONOMIA E CRÉDITO MÚTUO DOS EMPREGADOS DA F. L. SMIDTH S.A. COMÉRCIO E INDÚSTRIA LTDA.,198002,B3S,I,2,Cooperativa de Crédito,,MG,Varginha,,,,,I
21599683,202506,COOPERATIVA DE ECONOMIA E CRÉDITO MÚTUO DOS EMPREGADOS DA FÁBRICA DE TECIDOS SÃO JOÃO EVANGELISTA LTDA,196710,B3S,I,2,Cooperativa de Crédito,,MG,Juiz de Fora,,,,,I
31146509,202506,COOPERATIVA DE ECONOMIA E CRÉDITO MÚTUO DOS EMPREGADOS DA FÁBRICA DONA ISABEL LTDA,196706,B3S,I,2,Cooperativa de Crédito,,RJ,Petrópolis,,,,,I
19992973,202506,COOPERATIVA DE ECONOMIA E CRÉDITO MÚTUO DOS EMPREGADOS DA FÁBRICA MARIA AMÁLIA LTDA.,196911,B3S,I,2,Cooperativa de Crédito,,MG,Curvelo,,,,,I
42240382,202506,COOPERATIVA DE ECONOMIA E CREDITO MUTUO DOS EMPREGADOS DA FABRIMAR S.A. INDUSTRIA E COMERCIO LTDA,197110,B3S,I,2,Cooperativa de Crédito,,RJ,Rio de Janeiro,S5,,,,I
19024793,202506,COOPERATIVA DE ECONOMIA E CRÉDITO MÚTUO DOS EMPREGADOS DA FACIT S.A. EM JUIZ DE FORA LTDA.,197611,B3S,I,2,Cooperativa de Crédito,,MG,Juiz de Fora,,,,,I
33836347,202506,COOPERATIVA DE ECONOMIA E CRÉDITO MÚTUO DOS EMPREGADOS DA FERMASA LTDA,196801,B3S,I,2,Cooperativa de Crédito,,RJ,Rio de Janeiro,,,,,I
09978328,202506,COOPERATIVA DE ECONOMIA E CRÉDITO MÚTUO DOS EMPREGADOS DA FI LTDA.-COOPFI,180001,B3S,I,2,Cooperativa de Crédito,,RJ,Rio de Janeiro,,,,,I
11610128,202506,COOPERATIVA DE ECONOMIA E CRÉDITO MÚTUO DOS EMPREGADOS DA FIAÇÃO E TECELAGEM SAO JOSÉ DO NORDESTE LTDA.,198007,B3S,I,2,Cooperativa de Crédito,,PE,Jaboatão dos Guararapes,,,,,I
33668245,202506,COOPERATIVA DE ECONOMIA E CREDITO MUTUO DOS EMPREGADOS DA FICAP LTDA,196706,B3S,I,2,Cooperativa de Crédito,,RJ,Rio de Janeiro,,,,,I
21100862,202506,COOPERATIVA DE ECONOMIA E CRÉDITO MÚTUO DOS EMPREGADOS DA FICHET MINAS S.A. LTDA,180001,B3S,I,2,Cooperativa de Crédito,,MG,Belo Horizonte,,,,,I
96752738,202506,COOPERATIVA DE ECONOMIA E CREDITO MÚTUO DOS EMPREGADOS DA FIRMA AMADEO ROSSI LTDA,196706,B3S,I,2,Cooperativa de Crédito,,RS,São Leopoldo,,,,,I
91692186,202506,COOPERATIVA DE ECONOMIA E CREDITO MUTUO DOS EMPREGADOS DA FIRMA HAAS LTDA,196804,B3S,I,2,Cooperativa de Crédito,,RS,Novo Hamburgo,,,,,I
59301762,202506,COOPERATIVA DE ECONOMIA E CRÉDITO MÚTUO DOS EMPREGADOS DA FLAMMA AUTOMOTIVA LTDA.,196609,B3S,I,2,Cooperativa de Crédito,,MG,Pouso Alegre,,,,,I
33802356,202506,COOPERATIVA DE ECONOMIA E CRÉDITO MÚTUO DOS EMPREGADOS DA FLEX-A CARIOCA LTDA,196712,B3S,I,2,Cooperativa de Crédito,,RJ,Rio de Janeiro,,,,,I
55381347,202506,"COOPERATIVA DE ECONOMIA E CRÉDITO MÚTUO DOS EMPREGADOS DA FMC DO BRASIL - DIVISÃO CMD, LTDA",198511,B3S,I,2,Cooperativa de Crédito,,SP,Araraquara,,,,,I
17792417,202506,COOPERATIVA DE ECONOMIA E CRÉDITO MÚTUO DOS EMPREGADOS DA FOSFÉRTIL EM PATOS DE MINAS LTDA,198301,B3S,I,2,Cooperativa de Crédito,,MG,Patos de Minas,,,,,I
02738981,202506,COOPERATIVA DE ECONOMIA E CRÉDITO MÚTUO DOS EMPREGADOS DA FUNDAÇÃO ARTHUR BERNARDES LTDA. - COOFAB,199810,B3S,I,2,Cooperativa de Crédito,Mútuo PF sem conta corrente,MG,Viçosa,S5,,,,A
04313443,202506,COOPERATIVA DE ECONOMIA E CREDITO MUTUO DOS EMPREGADOS DA FUNDACAO LOWTONS DE EDUCACAO E CULTURA,180001,B3S,I,2,Cooperativa de Crédito,,MS,Campo Grande,,,,,I
64764129,202506,COOPERATIVA DE ECONOMIA E CRÉDITO MÚTUO DOS EMPREGADOS DA FUNDAÇÃO PARA O DESENVOLVIMENTO DA EDUCAÇÃO,199009,B3S,I,2,Cooperativa de Crédito,,SP,São Paulo,,,,,I
55486369,202506,COOPERATIVA DE ECONOMIA E CRÉDITO MÚTUO DOS EMPREGADOS DA FUNDAÇÃO VALEPARAIBANA DE ENSINO LTDA,198603,B3S,I,2,Cooperativa de Crédito,,SP,São José dos Campos,,,,,I
19404185,202506,COOPERATIVA DE ECONOMIA E CRÉDITO MÚTUO DOS EMPREGADOS DA FUNDIÇÃO ALDEBARÃ E INDÚSTRIAS VIANA LTDA,197703,B3S,I,2,Cooperativa de Crédito,,MG,Itaúna,,,,,I
18767228,202506,"COOPERATIVA DE ECONOMIA E CRÉDITO MÚTUO DOS EMPREGADOS DA FUNDIÇÃO CORRADI S.A., LTDA",197507,B3S,I,2,Cooperativa de Crédito,,MG,Itaúna,,,,,I
01918073,202506,COOPERATIVA DE ECONOMIA E CRÉDITO MÚTUO DOS EMPREGADOS DA GRÁFICA E EDITORA CULTURA LTDA,199707,B3S,I,2,Cooperativa de Crédito,,MG,Belo Horizonte,,,,,I
62845474,202506,COOPERATIVA DE ECONOMIA E CREDITO MUTUO DOS EMPREGADOS DA HAVELLS-SYLVANIA DO BRASIL ILUMINAÇÃO,196911,B3S,I,2,Cooperativa de Crédito,,SP,Vinhedo,,,,,I
41790809,202506,COOPERATIVA DE ECONOMIA E CRÉDITO MÚTUO DOS EMPREGADOS DA HELIBRAS - HELICOOP,199202,B3S,I,2,Cooperativa de Crédito,,MG,Itajubá,S5,,,,I
42526723,202506,COOPERATIVA DE ECONOMIA E CREDITO MUTUO DOS EMPREGADOS DA HIME SOLDAS ELETRICAS LTDA,197611,B3S,I,2,Cooperativa de Crédito,,RJ,Rio de Janeiro,,,,,I
45073186,202506,COOPERATIVA DE ECONOMIA E CRÉDITO MÚTUO DOS EMPREGADOS DA IBAR LTDA,198009,B3S,I,2,Cooperativa de Crédito,,SP,Poá,,,,,I
18340695,202506,COOPERATIVA DE ECONOMIA E CRÉDITO MÚTUO DOS EMPREGADOS DA INDÚSTRIA DE PAPÉIS SUDESTE LTDA . - CREDESTE,197407,B3S,I,2,Cooperativa de Crédito,Mútuo PF sem conta corrente,MG,Juiz de Fora,S5,,,,A
05986484,202506,"COOPERATIVA DE ECONOMIA E CRÉDITO MÚTUO DOS EMPREGADOS DA INDUSTRIA E COMÉRCIO DE MINÉRIOS S.A - ICOMI, S DO NAVIO",197003,B3S,I,2,Cooperativa de Crédito,,AP,Serra do Navio,,,,,I
33732926,202506,COOPERATIVA DE ECONOMIA E CREDITO MUTUO DOS EMPREGADOS DA ISHIKAWAJIMA LTDA,196710,B3S,I,2,Cooperativa de Crédito,,RJ,Rio de Janeiro,,,,,I
21475769,202506,COOPERATIVA DE ECONOMIA E CRÉDITO MÚTUO DOS EMPREGADOS DA ITAFUNDI COMÉRCIO E INDÚSTRIA LTDA,198508,B3S,I,2,Cooperativa de Crédito,,MG,Itaúna,,,,,I
05117924,202506,COOPERATIVA DE ECONOMIA E CRÉDITO MÚTUO DOS EMPREGADOS DA JARCEL CELULOSE S.A E EMPRESAS COLIGADAS EM MONTE DOURADO -  JARICRED,198911,B3S,I,2,Cooperativa de Crédito,,PA,Almeirim,,,,,I
28244622,202506,COOPERATIVA DE ECONOMIA E CRÉDITO MÚTUO DOS EMPREGADOS DA JOLIMODE ROUPAS E EMPRESAS COLIGADAS LTDA,198405,B3S,I,2,Cooperativa de Crédito,Atípicas,RJ,Rio de Janeiro,S5,,,,A
47944277,202506,COOPERATIVA DE ECONOMIA E CRÉDITO MÚTUO DOS EMPREGADOS DA JOYSON SAFETY SYSTEMS - COOPERJSS,197607,B3S,I,2,Cooperativa de Crédito,Atípicas,SP,Jundiaí,S5,,,,A
89583397,202506,COOPERATIVA DE ECONOMIA E CREDITO MUTUO DOS EMPREGADOS DA LIESS LTDA,180001,B3S,I,2,Cooperativa de Crédito,,RS,Canoas,,,,,I
28832483,202506,COOPERATIVA DE ECONOMIA E CREDITO MUTUO DOS EMPREGADOS DA LLOBERA HUYCK LTDA,197411,B3S,I,2,Cooperativa de Crédito,,RJ,Petrópolis,,,,,I
73062861,202506,COOPERATIVA DE ECONOMIA E CRÉDITO MÚTUO DOS EMPREGADOS DA LONAFLEX LTDA.,196912,B3S,I,2,Cooperativa de Crédito,,SP,Osasco,,,,,I
44589760,202506,COOPERATIVA DE ECONOMIA E CRÉDITO MÚTUO DOS EMPREGADOS DA MABE CAMPINAS ELETRODOMÉSTICOS LTDA.,197103,B3S,I,2,Cooperativa de Crédito,,SP,Campinas,,,,,I
29131257,202506,COOPERATIVA DE ECONOMIA E CREDITO MUTUO DOS EMPREGADOS DA MAC LAREN E ASSOCIADAS LTDA,197505,B3S,I,2,Cooperativa de Crédito,,RJ,Niterói,,,,,I
00913314,202506,COOPERATIVA DE ECONOMIA E CRÉDITO MÚTUO DOS EMPREGADOS DA MAGNESITA REFRATÁRIOS S.A. LTDA. - CECREM,199511,B3S,I,2,Cooperativa de Crédito,Atípicas,MG,Contagem,S5,,,,A
19363019,202506,COOPERATIVA DE ECONOMIA E CRÉDITO MÚTUO DOS EMPREGADOS DA MANGELS MINAS INDUSTRIAL S.A. LTDA.,197702,B3S,I,2,Cooperativa de Crédito,,MG,Três Corações,,,,,I
17444142,202506,COOPERATIVA DE ECONOMIA E CRÉDITO MÚTUO DOS EMPREGADOS DA MANNESMANN E EMPRESAS CONSORCIADAS EM MINAS GERAIS - COSIMA,196906,B3S,I,2,Cooperativa de Crédito,,MG,Belo Horizonte,,,,,I
48611446,202506,COOPERATIVA DE ECONOMIA E CRÉDITO MÚTUO DOS EMPREGADOS DA MANNESMANN LTDA,198110,B3S,I,2,Cooperativa de Crédito,,SP,São José dos Campos,,,,,I
49054216,202506,COOPERATIVA DE ECONOMIA E CRÉDITO MÚTUO DOS EMPREGADOS DA MAUSER DO BRASIL EMBALAGENS INDUSTRIAIS,198203,B3S,I,2,Cooperativa de Crédito,,SP,Matão,,,,,I
16534596,202506,COOPERATIVA DE ECONOMIA E CRÉDITO MÚTUO DOS EMPREGADOS DA MEIDEN MONTAGENS E INSTALAÇÕES INDUSTRIAIS LTDA E CONSTRUTORA RIO VERDE LTDA,180001,B3S,I,2,Cooperativa de Crédito,,MG,Varginha,,,,,I
19901438,202506,COOPERATIVA DE ECONOMIA E CRÉDITO MÚTUO DOS EMPREGADOS DA MENDES JUNIOR INDUSTRIAL LTDA.,197707,B3S,I,2,Cooperativa de Crédito,,MG,Santa Luzia,,,,,I
87767224,202506,COOPERATIVA DE ECONOMIA E CREDITO MUTUO DOS EMPREGADOS DA MERNAK LTDA,196608,B3S,I,2,Cooperativa de Crédito,,RS,Cachoeira do Sul,,,,,I
24234965,202506,COOPERATIVA DE ECONOMIA E CRÉDITO MÚTUO DOS EMPREGADOS DA MINERAÇÃO DA TRINDADE LTDA,196706,B3S,I,2,Cooperativa de Crédito,,MG,Rio Piracicaba,,,,,I
62795257,202506,COOPERATIVA DE ECONOMIA E CRÉDITO MÚTUO DOS EMPREGADOS DA MONDELEZ BRASIL E PHILIP MORRIS BRASIL - SICOOB COOPMOND,197002,B3S,I,2,Cooperativa de Crédito,Mútuo PF sem conta corrente,SP,São Paulo,S5,,,,A
59133793,202506,COOPERATIVA DE ECONOMIA E CRÉDITO MÚTUO DOS EMPREGADOS DA MONSANTO,195708,B3S,I,2,Cooperativa de Crédito,,SP,São Paulo,S5,,,,I
17607375,202506,COOPERATIVA DE ECONOMIA E CRÉDITO MÚTUO DOS EMPREGADOS DA MOSAIC FERTILIZANTES DE UBERABA - COPERURA LTDA.,198209,B3S,I,2,Cooperativa de Crédito,Mútuo PF sem conta corrente,MG,Uberaba,S5,,,,A
00968834,202506,COOPERATIVA DE ECONOMIA E CRÉDITO MÚTUO DOS EMPREGADOS DA MOSAIC FERTILIZANTES DO BRASIL - COCRESGO LTDA.,198409,B3S,I,2,Cooperativa de Crédito,Mútuo PF sem conta corrente,GO,Catalão,S5,,,,A
55026074,202506,COOPERATIVA DE ECONOMIA E CRÉDITO MÚTUO DOS EMPREGADOS DA MULTITEL LTDA,198510,B3S,I,2,Cooperativa de Crédito,,SP,São Paulo,,,,,I
30256093,202506,COOPERATIVA DE ECONOMIA E CREDITO MUTUO DOS EMPREGADOS DA MUNDIAL LTDA,197810,B3S,I,2,Cooperativa de Crédito,,RJ,Rio de Janeiro,,,,,I
29770310,202506,COOPERATIVA DE ECONOMIA E CREDITO MUTUO DOS EMPREGADOS DA NOVA AMERICA LTDA.,196811,B3S,I,2,Cooperativa de Crédito,,RJ,Duque de Caxias,,,,,I
57545436,202506,COOPERATIVA DE ECONOMIA E CRÉDITO MÚTUO DOS EMPREGADOS DA NOVELIS,196609,B3S,I,2,Cooperativa de Crédito,Mútuo PF sem conta corrente,SP,Santo André,S5,,,,A
52050671,202506,COOPERATIVA DE ECONOMIA E CRÉDITO MÚTUO DOS EMPREGADOS DA OCFIBRAS-DIV. ROKWOOLBRAS LTDA.,198211,B3S,I,2,Cooperativa de Crédito,,SP,Guararema,,,,,I
93004273,202506,COOPERATIVA DE ECONOMIA E CREDITO MUTUO DOS EMPREGADOS DA PANAMBRA LTDA,180001,B3S,I,2,Cooperativa de Crédito,,RS,Porto Alegre,,,,,I
00552485,202506,COOPERATIVA DE ECONOMIA E CRÉDITO MÚTUO DOS EMPREGADOS DA PANEX CLOCK LTDA,180001,B3S,I,2,Cooperativa de Crédito,,SP,São Bernardo do Campo,,,,,I
06863813,202506,COOPERATIVA DE ECONOMIA E CRÉDITO MÚTUO DOS EMPREGADOS DA PHELPS DODGE BRASIL LTDA.,200410,B3S,I,2,Cooperativa de Crédito,,SP,São Paulo,,,,,I
42445122,202506,COOPERATIVA DE ECONOMIA E CRÉDITO MÚTUO DOS EMPREGADOS DA PONTIFÍCIA UNIVERSIDADE CATÓLICA DO RIO DE JANEIRO E EMPREGADOS EM ESTABELECIMENTOS PRIVADOS DE ENSINO DO MUNICÍPIO DO RIO DE JANEIRO LTDA.,197501,B3S,I,2,Cooperativa de Crédito,Mútuo PF sem conta corrente,RJ,Rio de Janeiro,S5,,,,A
67031757,202506,COOPERATIVA DE ECONOMIA E CRÉDITO MÚTUO DOS EMPREGADOS DA PRODAM/SP - CREDIPRODAM,199110,B3S,I,2,Cooperativa de Crédito,Atípicas,SP,São Paulo,S5,,,,A
88043187,202506,COOPERATIVA DE ECONOMIA E CRÉDITO MÚTUO DOS EMPREGADOS DA PROLEC GE BRASIL TRANSMISSÃO DE ENERGIA S.A.,197509,B3S,I,2,Cooperativa de Crédito,Mútuo PF sem conta corrente,RS,Canoas,S5,,,,A
87134441,202506,COOPERATIVA DE ECONOMIA E CREDITO MUTUO DOS EMPREGADOS DA QUIMBRASIL LTDA,197212,B3S,I,2,Cooperativa de Crédito,,RS,Porto Alegre,,,,,I
87922969,202506,COOPERATIVA DE ECONOMIA E CREDITO MUTUO DOS EMPREGADOS DA RACINE LTDA,197403,B3S,I,2,Cooperativa de Crédito,,RS,Cachoeirinha,,,,,I
44223196,202506,COOPERATIVA DE ECONOMIA E CRÉDITO MÚTUO DOS EMPREGADOS DA RECKITT BENCKISER,197312,B3S,I,2,Cooperativa de Crédito,Mútuo PF sem conta corrente,SP,São Paulo,S5,,,,A
27629914,202506,COOPERATIVA DE ECONOMIA E CRÉDITO MÚTUO DOS EMPREGADOS DA RENAVE LTDA,198109,B3S,I,2,Cooperativa de Crédito,,RJ,Niterói,,,,,I
46058731,202506,COOPERATIVA DE ECONOMIA E CRÉDITO MÚTUO DOS EMPREGADOS DA RHODIA PAULINIA,196705,B3S,I,2,Cooperativa de Crédito,,SP,Paulínia,S5,,,,I
57566101,202506,COOPERATIVA DE ECONOMIA E CRÉDITO MÚTUO DOS EMPREGADOS DA RHODIA QUIMICA,196710,B3S,I,2,Cooperativa de Crédito,,SP,Santo André,,,,,I
41913336,202506,COOPERATIVA DE ECONOMIA E CRÉDITO MÚTUO DOS EMPREGADOS DA RIO PARACATU MINERAÇÃO LTDA,180001,B3S,I,2,Cooperativa de Crédito,,MG,Paracatu,,,,,I
21607544,202506,COOPERATIVA DE ECONOMIA E CRÉDITO MÚTUO DOS EMPREGADOS DA RS-MÓVEIS E DECORAÇÕES-SERRARIA RAUL SOARES LTDA,196910,B3S,I,2,Cooperativa de Crédito,,MG,Juiz de Fora,,,,,I
33725474,202506,COOPERATIVA DE ECONOMIA E CREDITO MUTUO DOS EMPREGADOS DA S.A. CURTUME CARIOCA LTDA,196609,B3S,I,2,Cooperativa de Crédito,,RJ,Rio de Janeiro,,,,,I
27629740,202506,"COOPERATIVA DE ECONOMIA E CRÉDITO MÚTUO DOS EMPREGADOS DA S.A. TUBONAL, LTDA",198108,B3S,I,2,Cooperativa de Crédito,,RJ,Volta Redonda,,,,,I
48140925,202506,COOPERATIVA DE ECONOMIA E CRÉDITO MÚTUO DOS EMPREGADOS DA SAINT-GOBAIN DO BRASIL PRODUTOS INDUSTRIAIS E PARA CONSTRUÇÃO - DIVISÃO VIDRO PLANO,197609,B3S,I,2,Cooperativa de Crédito,Mútuo PF sem conta corrente,SP,Mauá,S5,,,,A
20622809,202506,COOPERATIVA DE ECONOMIA E CRÉDITO MÚTUO DOS EMPREGADOS DA SAMARCO MINERAÇÃO S.A. LTDA - CREDISAM,198408,B3S,I,2,Cooperativa de Crédito,Mútuo PF sem conta corrente,MG,Belo Horizonte,S5,,,,A
45077435,202506,COOPERATIVA DE ECONOMIA E CRÉDITO MÚTUO DOS EMPREGADOS DA SANTA MARINA LITORAL - EM LIQUIDAÇÃO ORDINÁRIA,197206,B3S,I,2,Cooperativa de Crédito,,SP,São Vicente,,,,,I
21425566,202506,COOPERATIVA DE ECONOMIA E CRÉDITO MÚTUO DOS EMPREGADOS DA SÃO MARCO MINAS S.A. CONDUTORES ELÉTRICOS,198212,B3S,I,2,Cooperativa de Crédito,,MG,Três Corações,,,,,I
65358368,202506,COOPERATIVA DE ECONOMIA E CRÉDITO MÚTUO DOS EMPREGADOS DA SECULUS E EMPRESAS CONSORCIADAS EM MG LTDA,180001,B3S,I,2,Cooperativa de Crédito,,MG,Belo Horizonte,,,,,I
09978396,202506,COOPERATIVA DE ECONOMIA E CRÉDITO MÚTUO DOS EMPREGADOS DA SIDERSETE LTDA,180001,B3S,I,2,Cooperativa de Crédito,,MG,Sete Lagoas,,,,,I
25481565,202506,COOPERATIVA DE ECONOMIA E CRÉDITO MÚTUO DOS EMPREGADOS DA SIDERURGIA SANTO ANTONIO LTDA.,198810,B3S,I,2,Cooperativa de Crédito,,MG,Itaúna,,,,,I
13861224,202506,COOPERATIVA DE ECONOMIA E CRÉDITO MÚTUO DOS EMPREGADOS DA SOCIEDADE COMERCIAL MESSIAS LTDA,198601,B3S,I,2,Cooperativa de Crédito,,BA,Itabuna,,,,,I
74520990,202506,COOPERATIVA DE ECONOMIA E CRÉDITO MÚTUO DOS EMPREGADOS DA STAROUP,199402,B3S,I,2,Cooperativa de Crédito,,SP,Botucatu,,,,,I
65201188,202506,COOPERATIVA DE ECONOMIA E CRÉDITO MÚTUO DOS EMPREGADOS DA SUGGAR LTDA,199107,B3S,I,2,Cooperativa de Crédito,,MG,Belo Horizonte,,,,,I
83327486,202506,COOPERATIVA DE ECONOMIA E CRÉDITO MÚTUO DOS EMPREGADOS DA SUPERINTENDÊNCIA REGIONAL DE BELÉM DA COMPANHIA DE PESQUISA DE RECURSOS MINERAIS LTDA.,199211,B3S,I,2,Cooperativa de Crédito,,PA,Belém,,,,,I
05871212,202506,COOPERATIVA DE ECONOMIA E CRÉDITO MÚTUO DOS EMPREGADOS DA SUPPORT,200402,B3S,I,2,Cooperativa de Crédito,,SP,São José dos Campos,,,,,I
27669753,202506,COOPERATIVA DE ECONOMIA E CREDITO MUTUO DOS EMPREGADOS DA TEADIT E OUTRAS EMPRESAS ASSOCIADAS LTDA,198110,B3S,I,2,Cooperativa de Crédito,,RJ,Rio de Janeiro,S5,,,,I
88866827,202506,"COOPERATIVA DE ECONOMIA E CREDITO MUTUO DOS EMPREGADOS DA TECELAGEM SPERB, LTDA",197601,B3S,I,2,Cooperativa de Crédito,,RS,Novo Hamburgo,,,,,I
31422199,202506,COOPERATIVA DE ECONOMIA E CREDITO MUTUO DOS EMPREGADOS DA TECNOSTRAL LTDA-EM LIQUIDACAO,198812,B3S,I,2,Cooperativa de Crédito,,RJ,Rio de Janeiro,,,,,I
46123600,202506,COOPERATIVA DE ECONOMIA E CRÉDITO MÚTUO DOS EMPREGADOS DA TEMA TERRA LTDA.,197009,B3S,I,2,Cooperativa de Crédito,,SP,Sumaré,,,,,I
24349748,202506,COOPERATIVA DE ECONOMIA E CRÉDITO MÚTUO DOS EMPREGADOS DA TÊXTIL BRASLINHO S/A - FILIAL,198906,B3S,I,2,Cooperativa de Crédito,,PE,Camaragibe,,,,,I
03043189,202506,COOPERATIVA DE ECONOMIA E CREDITO MUTUO DOS EMPREGADOS DA TRAFO E NATIVA LTDA,198602,B3S,I,2,Cooperativa de Crédito,,RS,Porto Alegre,,,,,I
02588819,202506,"COOPERATIVA DE ECONOMIA E CRÉDITO MÚTUO DOS EMPREGADOS DA UNIÃO MARISTA DO BRASIL E SUAS ASSOCIADAS, PROVÍNCIA MARISTA BRASIL CENTRO-NORTE E UNIÃO BRASILEIRA DE EDUCAÇÃO CATÓLICA.",199808,B3S,I,2,Cooperativa de Crédito,Mútuo PF sem conta corrente,MG,Belo Horizonte,S5,,,,A
03685335,202506,COOPERATIVA DE ECONOMIA E CRÉDITO MÚTUO DOS EMPREGADOS DA UNIFI - CREDIUNIFI,200004,B3S,I,2,Cooperativa de Crédito,Mútuo PF sem conta corrente,MG,Alfenas,S5,,,,A
32343493,202506,COOPERATIVA DE ECONOMIA E CRÉDITO MÚTUO DOS EMPREGADOS DA USIMECA USINA MECÂNICA CARIOCA LTDA,180001,B3S,I,2,Cooperativa de Crédito,,RJ,Nova Iguaçu,,,,,I
27294859,202506,COOPERATIVA DE ECONOMIA E CREDITO MUTUO DOS EMPREGADOS DA USIMINAS DE VITORIA LTDA,197601,B3S,I,2,Cooperativa de Crédito,,ES,Vitória,,,,,I
17337304,202506,COOPERATIVA DE ECONOMIA E CRÉDITO MÚTUO DOS EMPREGADOS DA USIMINAS E EMPRESAS SUBSIDIÁRIAS LTDA,196801,B3S,I,2,Cooperativa de Crédito,,MG,Belo Horizonte,,,,,I
28901841,202506,COOPERATIVA DE ECONOMIA E CREDITO MUTUO DOS EMPREGADOS DA USINA BARCELOS LTDA,197106,B3S,I,2,Cooperativa de Crédito,,RJ,São João da Barra,,,,,I
28927093,202506,COOPERATIVA DE ECONOMIA E CREDITO MUTUO DOS EMPREGADOS DA USINA CARAPEBUS LTDA,197208,B3S,I,2,Cooperativa de Crédito,,RJ,Macaé,,,,,I
29115607,202506,COOPERATIVA DE ECONOMIA E CREDITO MUTUO DOS EMPREGADOS DA USINA QUISSAMAN LTDA,195411,B3S,I,2,Cooperativa de Crédito,,RJ,Macaé,,,,,I
28871648,202506,COOPERATIVA DE ECONOMIA E CREDITO MUTUO DOS EMPREGADOS DA USINA SANTO AMARO LTDA. - LIQUIDACAO ORDINARIA,197108,B3S,I,2,Cooperativa de Crédito,,RJ,Campos dos Goytacazes,,,,,I
64702202,202506,COOPERATIVA DE ECONOMIA E CRÉDITO MÚTUO DOS EMPREGADOS DA USINA SAO JOSE LTDA.,199010,B3S,I,2,Cooperativa de Crédito,,SP,Macatuba,,,,,I
27044379,202506,COOPERATIVA DE ECONOMIA E CREDITO MUTUO DOS EMPREGADOS DA USINA SAPUCAIA E COLIGADAS LTDA,198009,B3S,I,2,Cooperativa de Crédito,,RJ,Campos dos Goytacazes,,,,,I
29116811,202506,COOPERATIVA DE ECONOMIA E CRÉDITO MÚTUO DOS EMPREGADOS DA USINA VICTOR SENCE LTDA,197506,B3S,I,2,Cooperativa de Crédito,,RJ,Conceição de Macabu,,,,,I
28044345,202506,COOPERATIVA DE ECONOMIA E CREDITO MUTUO DOS EMPREGADOS DA VALESUL ALUMINIO LTDA,198303,B3S,I,2,Cooperativa de Crédito,,RJ,Rio de Janeiro,,,,,I
66716812,202506,COOPERATIVA DE ECONOMIA E CRÉDITO MÚTUO DOS EMPREGADOS DA VALISÈRE E VALCLUB,199108,B3S,I,2,Cooperativa de Crédito,,SP,Mauá,,,,,I
42187013,202506,COOPERATIVA DE ECONOMIA E CREDITO MUTUO DOS EMPREGADOS DA VAN LEER LTDA,197108,B3S,I,2,Cooperativa de Crédito,,RJ,Rio de Janeiro,,,,,I
15806193,202506,COOPERATIVA DE ECONOMIA E CRÉDITO MÚTUO DOS EMPREGADOS DA VERBATIM DO AMAZONAS INDUSTRIAL LTDA,199003,B3S,I,2,Cooperativa de Crédito,,AM,Manaus,,,,,I
28129617,202506,COOPERATIVA DE ECONOMIA E CREDITO MUTUO DOS EMPREGADOS DA VEROLME LTDA,198209,B3S,I,2,Cooperativa de Crédito,,RJ,Angra dos Reis,,,,,I
67645887,202506,COOPERATIVA DE ECONOMIA E CRÉDITO MÚTUO DOS EMPREGADOS DA VOLKSWAGEN DO BRASIL E CONCESSIONÁRIAS VW,199203,B3S,I,2,Cooperativa de Crédito,,SP,São Bernardo do Campo,,,,,I
71863625,202506,COOPERATIVA DE ECONOMIA E CRÉDITO MÚTUO DOS EMPREGADOS DA VOTORANTIM CELULOSE E PAPEL LTDA.,196906,B3S,I,2,Cooperativa de Crédito,,SP,Votorantim,,,,,I
92808864,202506,COOPERATIVA DE ECONOMIA E CREDITO MUTUO DOS EMPREGADOS DA WALLIG LTDA,196702,B3S,I,2,Cooperativa de Crédito,,RS,Porto Alegre,,,,,I
34040279,202506,COOPERATIVA DE ECONOMIA E CRÉDITO MÚTUO DOS EMPREGADOS DA WAYNE S.A. INDÚSTRIA E COMÉRCIO LTDA,196912,B3S,I,2,Cooperativa de Crédito,,RJ,Rio de Janeiro,,,,,I
02413228,202506,"COOPERATIVA DE ECONOMIA E CRÉDITO MÚTUO DOS EMPREGADOS DAS  EMPRESAS DE VIGILÂNCIA, ASSEIO E CONSERVAÇÃO DE BELÉM DO PARÁ - SICOOB COOPER-AÇÃO",199804,B3S,I,2,Cooperativa de Crédito,,PA,Belém,,,,,I
83321554,202506,COOPERATIVA DE ECONOMIA E CRÉDITO MÚTUO DOS EMPREGADOS DAS CIAS DE ECONOMIA MISTA E FUNDAÇÕES DA PREFEITURA MUNICIPAL DE BELÉM - COOPERCO,199210,B3S,I,2,Cooperativa de Crédito,,PA,Belém,,,,,I
68969625,202506,COOPERATIVA DE ECONOMIA E CRÉDITO MÚTUO DOS EMPREGADOS DAS EMPRESAS CONTROLADAS E COLIGADAS DA USINA SANTA ADELIA - USAGRO,199209,B3S,I,2,Cooperativa de Crédito,Mútuo PF com conta corrente,SP,Jaboticabal,S5,,,,A
62041603,202506,COOPERATIVA DE ECONOMIA E CRÉDITO MÚTUO DOS EMPREGADOS DAS EMPRESAS DA BELGO BEKAERT ARAMES DO ESTADO DE SÃO PAULO,196712,B3S,I,2,Cooperativa de Crédito,,SP,Osasco,,,,,I
68314921,202506,COOPERATIVA DE ECONOMIA E CRÉDITO MÚTUO DOS EMPREGADOS DAS EMPRESAS DE DIVERSÕES DO ESTADO DE SÃO PAULO,199207,B3S,I,2,Cooperativa de Crédito,Mútuo PF sem conta corrente,SP,São Paulo,S5,,,,A
03605814,202506,COOPERATIVA DE ECONOMIA E CRÉDITO MÚTUO DOS EMPREGADOS DAS EMPRESAS DE INFORMÁTICA DE BELO HORIZONTE E REGIÃO METROPOLITANA LTDA,200004,B3S,I,2,Cooperativa de Crédito,,MG,Belo Horizonte,,,,,I
01123681,202506,COOPERATIVA DE ECONOMIA E CREDITO MUTUO DOS EMPREGADOS DAS EMPRESAS DE PRESTACAO DE SERVICOS DE SEGURANCA DO ESPIRITO SANTO LTDA,199603,B3S,I,2,Cooperativa de Crédito,,ES,Vitória,,,,,I
62035456,202506,COOPERATIVA DE ECONOMIA E CRÉDITO MÚTUO DOS EMPREGADOS DAS EMPRESAS DE REDUTORES DE TRANSMISSÃO DO ESTADO DE SÃO PAULO - COOPER-PTI,196712,B3S,I,2,Cooperativa de Crédito,,SP,São Paulo,S5,,,,I
09978349,202506,COOPERATIVA DE ECONOMIA E CRÉDITO MÚTUO DOS EMPREGADOS DAS EMPRESAS DE TRANSPORTE DE PASSAGEIROS DO DF LTDA.,180001,B3S,I,2,Cooperativa de Crédito,,DF,Brasília,,,,,I
00141155,202506,COOPERATIVA DE ECONOMIA E CREDITO MUTUO DOS EMPREGADOS DAS EMPRESAS DE TRANSPORTES COLETIVOS RODOVIÁRIOS DE PASSAGEIROS DO GRANDE RIO LTDA,199408,B3S,I,2,Cooperativa de Crédito,Atípicas,RJ,São Gonçalo,S5,,,,A
57563728,202506,COOPERATIVA DE ECONOMIA E CRÉDITO MÚTUO DOS EMPREGADOS DAS EMPRESAS DO GRUPO ECONÔMICO RHODIA - CREDIRHODIA,196710,B3S,I,2,Cooperativa de Crédito,Mútuo PF com conta corrente,SP,Paulínia,S5,,,,A
53505681,202506,COOPERATIVA DE ECONOMIA E CRÉDITO MÚTUO DOS EMPREGADOS DAS EMPRESAS METALÚRGICAS DE MATÃO - METALCOOPERCRED,198405,B3S,I,2,Cooperativa de Crédito,Mútuo PF sem conta corrente,SP,Matão,S5,,,,A
20027231,202506,COOPERATIVA DE ECONOMIA E CRÉDITO MÚTUO DOS EMPREGADOS DAS EMPRESAS MINERADORAS DO MUNICÍPIO DE ARAXÁ LTDA,197811,B3S,I,2,Cooperativa de Crédito,,MG,Araxá,,,,,I
20027942,202506,COOPERATIVA DE ECONOMIA E CRÉDITO MÚTUO DOS EMPREGADOS DAS EMPRESAS MINERADORAS DO MUNICÍPIO DE TAPIRA LTDA.,197902,B3S,I,2,Cooperativa de Crédito,,MG,Araxá,,,,,I
32307761,202506,COOPERATIVA DE ECONOMIA E CRÉDITO MÚTUO DOS EMPREGADOS DAS EMPRESAS PAMAR PARTICIPAÇÕES LTDA.,198812,B3S,I,2,Cooperativa de Crédito,,RJ,Rio de Janeiro,,,,,I
17411307,202506,COOPERATIVA DE ECONOMIA E CRÉDITO MÚTUO DOS EMPREGADOS DAS EMPRESAS PLASCAR,198312,B3S,I,2,Cooperativa de Crédito,Mútuo PF sem conta corrente,SP,Jundiaí,S5,,,,A
36246098,202506,"COOPERATIVA DE ECONOMIA E CREDITO MUTUO DOS EMPREGADOS DAS EMPRESAS PRESTADORAS DE SERVICOS DE AGUAS, ESGOTOS E SANEAMENTO DO ESTADO DO RIO DE JANEIRO LTDA",199009,B3S,I,2,Cooperativa de Crédito,,RJ,Rio de Janeiro,,,,,I
89280960,202506,COOPERATIVA DE ECONOMIA E CREDITO MUTUO DOS EMPREGADOS DAS EMPRESAS RANDON,197708,B3S,I,2,Cooperativa de Crédito,Mútuo PF com conta corrente,RS,Caxias do Sul,S5,,,,A
11428323,202506,COOPERATIVA DE ECONOMIA E CRÉDITO MÚTUO DOS EMPREGADOS DAS EMPRESAS RHODIA EM PERNAMBUCO LTDA.,197805,B3S,I,2,Cooperativa de Crédito,,PE,Cabo de Santo Agostinho,,,,,I
24235459,202506,"COOPERATIVA DE ECONOMIA E CRÉDITO MÚTUO DOS EMPREGADOS DAS EMPRESAS SIDERÚRGICAS, METALÚRGICAS E ELETRO-MECÂNICAS DE JOÃO MONLEVADE LTDA. - CREDIBELGO",196806,B3S,I,2,Cooperativa de Crédito,Mútuo PF sem conta corrente,MG,João Monlevade,S5,,,,A
00129753,202506,COOPERATIVA DE ECONOMIA E CRÉDITO MÚTUO DOS EMPREGADOS DAS EMPRESAS SOMART LTDA.,199409,B3S,I,2,Cooperativa de Crédito,Atípicas,MG,Urucânia,S5,,,,A
02348455,202506,COOPERATIVA DE ECONOMIA E CREDITO MUTUO DOS EMPREGADOS DAS EMPRESAS VINCULADAS A EXPLORAÇAO DE ENERGIA ELETRICA DO ESTADO DE MATO GROSSO - COOPERCEM,199801,B3S,I,2,Cooperativa de Crédito,,MT,Cuiabá,,,,,I
33725359,202506,COOPERATIVA DE ECONOMIA E CREDITO MUTUO DOS EMPREGADOS DAS INDUSTRIAS REUNIDAS CANECO LTDA,196608,B3S,I,2,Cooperativa de Crédito,,RJ,Rio de Janeiro,,,,,I
53272365,202506,COOPERATIVA DE ECONOMIA E CRÉDITO MÚTUO DOS EMPREGADOS DAS INDÚSTRIAS UNILEVER DO BRASIL,198401,B3S,I,2,Cooperativa de Crédito,Mútuo PF sem conta corrente,SP,Valinhos,S5,,,,A
02414044,202506,COOPERATIVA DE ECONOMIA E CRÉDITO MÚTUO DOS EMPREGADOS DAS INSTITUIÇÕES DE ENSINO SUPERIOR DO SUL DE MINAS LTDA. - CREDFENAS,199805,B3S,I,2,Cooperativa de Crédito,,MG,Alfenas,S5,,,,I
42491894,202506,COOPERATIVA DE ECONOMIA E CRÉDITO MÚTUO DOS EMPREGADOS DE AGGS FORMULÁRIOS CONTÍNUOS LTDA,197507,B3S,I,2,Cooperativa de Crédito,,RJ,Rio de Janeiro,,,,,I
96754676,202506,COOPERATIVA DE ECONOMIA E CREDITO MUTUO DOS EMPREGADOS DE CARLOS AUGUSTO MEIER LTDA,180001,B3S,I,2,Cooperativa de Crédito,,RS,São Leopoldo,,,,,I
30949267,202506,COOPERATIVA DE ECONOMIA E CREDITO MUTUO DOS EMPREGADOS DE CHOCOLATES GAROTO LTDA. - CREDI-GAROTO,198006,B3S,I,2,Cooperativa de Crédito,Mútuo PF com conta corrente,ES,Vila Velha,S5,,,,A
42107706,202506,COOPERATIVA DE ECONOMIA E CREDITO MUTUO DOS EMPREGADOS DE ELEVADORES ATLAS SCHINDLER LTDA.,197108,B3S,I,2,Cooperativa de Crédito,Mútuo PF sem conta corrente,RJ,Rio de Janeiro,S5,,,,A
17362328,202506,COOPERATIVA DE ECONOMIA E CRÉDITO MÚTUO DOS EMPREGADOS DE ELMO CALÇADOS LTDA,196809,B3S,I,2,Cooperativa de Crédito,,MG,Belo Horizonte,,,,,I
40767550,202506,COOPERATIVA DE ECONOMIA E CRÉDITO MÚTUO DOS EMPREGADOS DE EMPRESAS DE FRUTICULTURA DO VALE DO ASSU - FRUCREDI,199201,B3S,I,2,Cooperativa de Crédito,,RN,Açu,,,,,I
35780337,202506,COOPERATIVA DE ECONOMIA E CREDITO MUTUO DOS EMPREGADOS DE EMPRESAS FERROVIARIAS LTDA,198907,B3S,I,2,Cooperativa de Crédito,,RJ,Rio de Janeiro,,,,,I
05167980,202506,COOPERATIVA DE ECONOMIA E CRÉDITO MÚTUO DOS EMPREGADOS DE ESTABELECIMENTOS FARMACÊUTICOS DA REGIÃO METROPOLITANA DE NATAL -  CREDIFARMA,200209,B3S,I,2,Cooperativa de Crédito,,RN,Natal,,,,,I
31746993,202506,COOPERATIVA DE ECONOMIA E CREDITO MUTUO DOS EMPREGADOS DE ESTABELECIMENTOS HOSPITALARES DO SUL DO ESTADO DO ESPIRITO SANTO - SULCRED,198811,B3S,I,2,Cooperativa de Crédito,Mútuo PF sem conta corrente,ES,Cachoeiro de Itapemirim,S5,,,,A
33370115,202506,COOPERATIVA DE ECONOMIA E CRÉDITO MÚTUO DOS EMPREGADOS DE FURNAS E DAS DEMAIS EMPRESAS DO SISTEMA ELETROBRÁS LTDA. - SICOOB CECREMEF,196612,B3S,I,2,Cooperativa de Crédito,Atípicas,RJ,Rio de Janeiro,S5,,,,A
23223688,202506,"COOPERATIVA DE ECONOMIA E CRÉDITO MÚTUO DOS EMPREGADOS DE INDÚSTRIA IRMÃOS PEIXOTO S.A, LTDA",198701,B3S,I,2,Cooperativa de Crédito,,MG,Cataguases,,,,,I
03380593,202506,COOPERATIVA DE ECONOMIA E CREDITO MUTUO DOS EMPREGADOS DE INDUSTRIAS SINIMBU LTDA,199910,B3S,I,2,Cooperativa de Crédito,,RJ,Nova Friburgo,,,,,I
02230138,202506,COOPERATIVA DE ECONOMIA E CRÉDITO MÚTUO DOS EMPREGADOS DE KYN COMÉRCIO VAREJISTA E ATACADISTA - COOPER KYN,199711,B3S,I,2,Cooperativa de Crédito,Mútuo PF sem conta corrente,SP,Jundiaí,S5,,,,A
60987922,202506,COOPERATIVA DE ECONOMIA E CRÉDITO MÚTUO DOS EMPREGADOS DE PLASTICOS PLAVINIL,196609,B3S,I,2,Cooperativa de Crédito,,SP,São Paulo,,,,,I
27951169,202506,COOPERATIVA DE ECONOMIA E CRÉDITO MÚTUO DOS EMPREGADOS DE SÃO PEDRO DE ALCÂNTARA,198206,B3S,I,2,Cooperativa de Crédito,,RJ,Petrópolis,,,,,I
16534588,202506,COOPERATIVA DE ECONOMIA E CRÉDITO MÚTUO DOS EMPREGADOS DE VARGINHA MONTAGEM LTDA,198007,B3S,I,2,Cooperativa de Crédito,,MG,Varginha,,,,,I
92935741,202506,COOPERATIVA DE ECONOMIA E CRÉDITO MÚTUO DOS EMPREGADOS DO BANRISUL,196902,B3S,I,2,Cooperativa de Crédito,Mútuo PF sem conta corrente,RS,Porto Alegre,S5,,,,A
02108639,202506,COOPERATIVA DE ECONOMIA E CREDITO MUTUO DOS EMPREGADOS DO BANRISUL DE RIO GRANDE LTDA,199706,B3S,I,2,Cooperativa de Crédito,,RS,Rio Grande,,,,,I
02447184,202506,COOPERATIVA DE ECONOMIA E CREDITO MUTUO DOS EMPREGADOS DO COLEGIO SANTO INACIO - COESI,199807,B3S,I,2,Cooperativa de Crédito,Mútuo PF sem conta corrente,RJ,Rio de Janeiro,S5,,,,A
29565637,202506,COOPERATIVA DE ECONOMIA E CRÉDITO MÚTUO DOS EMPREGADOS DO ESTALEIRO EBIN LTDA,197608,B3S,I,2,Cooperativa de Crédito,,RJ,Niterói,,,,,I
33975426,202506,COOPERATIVA DE ECONOMIA E CREDITO MUTUO DOS EMPREGADOS DO ESTALEIRO ILHA S.A -EISA-LTDA,196907,B3S,I,2,Cooperativa de Crédito,,RJ,Rio de Janeiro,,,,,I
87034872,202506,COOPERATIVA DE ECONOMIA E CREDITO MUTUO DOS EMPREGADOS DO ESTALEIRO SO LTDA.,196801,B3S,I,2,Cooperativa de Crédito,,RS,Porto Alegre,,,,,I
21653233,202506,COOPERATIVA DE ECONOMIA E CRÉDITO MÚTUO DOS EMPREGADOS DO GRANDE HOTEL DE ARAXÁ LTDA,198512,B3S,I,2,Cooperativa de Crédito,,MG,Araxá,,,,,I
01296040,202506,COOPERATIVA DE ECONOMIA E CRÉDITO MÚTUO DOS EMPREGADOS DO GRUPO ALGAR E EMPREENDEDORES DO TRIÂNGULO MINEIRO LTDA - SICOOB TRIÂNGULO,199607,B3S,I,2,Cooperativa de Crédito,,MG,Uberlândia,S5,,,,I
73631483,202506,COOPERATIVA DE ECONOMIA E CREDITO MUTUO DOS EMPREGADOS DO GRUPO BAYER LTDA,199312,B3S,I,2,Cooperativa de Crédito,Mútuo PF sem conta corrente,RJ,Belford Roxo,S5,,,,A
33916883,202506,COOPERATIVA DE ECONOMIA E CREDITO MUTUO DOS EMPREGADOS DO GRUPO BEZERRA DE MELLO LTDA,196812,B3S,I,2,Cooperativa de Crédito,,RJ,Rio de Janeiro,S5,,,,I
27395037,202506,COOPERATIVA DE ECONOMIA E CREDITO MUTUO DOS EMPREGADOS DO GRUPO BRASPEROLA LTDA,196809,B3S,I,2,Cooperativa de Crédito,,ES,Cariacica,,,,,I
02024442,202506,COOPERATIVA DE ECONOMIA E CRÉDITO MÚTUO DOS EMPREGADOS DO GRUPO COLORADO,199708,B3S,I,2,Cooperativa de Crédito,Mútuo PF sem conta corrente,SP,Guaíra,S5,,,,A
81895005,202506,COOPERATIVA DE ECONOMIA E CREDITO MUTUO DOS EMPREGADOS DO GRUPO COOPAGRO LTDA,199003,B3S,I,2,Cooperativa de Crédito,,PR,Toledo,,,,,I
30124309,202506,COOPERATIVA DE ECONOMIA E CRÉDITO MÚTUO DOS EMPREGADOS DO GRUPO DA CIA.COMÉRCIO E NAVEGAÇÃO,196706,B3S,I,2,Cooperativa de Crédito,,RJ,Niterói,,,,,I
43488782,202506,COOPERATIVA DE ECONOMIA E CRÉDITO MÚTUO DOS EMPREGADOS DO GRUPO FEMSA BRASIL,197206,B3S,I,2,Cooperativa de Crédito,Mútuo PF sem conta corrente,SP,São Paulo,S5,,,,A
44586188,202506,COOPERATIVA DE ECONOMIA E CRÉDITO MÚTUO DOS EMPREGADOS DO GRUPO MADEIRIT LTDA.,198010,B3S,I,2,Cooperativa de Crédito,,SP,Barueri,,,,,I
00188210,202506,COOPERATIVA DE ECONOMIA E CRÉDITO MÚTUO DOS EMPREGADOS DO GRUPO MEDICOR LTDA,199408,B3S,I,2,Cooperativa de Crédito,,MG,Belo Horizonte,,,,,I
65594772,202506,COOPERATIVA DE ECONOMIA E CRÉDITO MÚTUO DOS EMPREGADOS DO GRUPO METALAC - COOPERMETA,199005,B3S,I,2,Cooperativa de Crédito,,SP,Sorocaba,,,,,I
28204592,202506,COOPERATIVA DE ECONOMIA E CREDITO MUTUO DOS EMPREGADOS DO GRUPO MEYMAR/COBRASA LTDA,198311,B3S,I,2,Cooperativa de Crédito,,RJ,Rio de Janeiro,,,,,I
00543108,202506,COOPERATIVA DE ECONOMIA E CRÉDITO MÚTUO DOS EMPREGADOS DO GRUPO PAO DE ACUCAR - BRASILIA - LTDA.,197904,B3S,I,2,Cooperativa de Crédito,,DF,Brasília,,,,,I
09978196,202506,COOPERATIVA DE ECONOMIA E CRÉDITO MÚTUO DOS EMPREGADOS DO GRUPO PAO DE ACUCAR - CEARA LTDA,180001,B3S,I,2,Cooperativa de Crédito,,CE,Fortaleza,,,,,I
22479216,202506,COOPERATIVA DE ECONOMIA E CRÉDITO MÚTUO DOS EMPREGADOS DO GRUPO PÃO DE AÇÚCAR - MINAS GERAIS LTDA,198609,B3S,I,2,Cooperativa de Crédito,,MG,Belo Horizonte,,,,,I
88183173,202506,COOPERATIVA DE ECONOMIA E CRÉDITO MÚTUO DOS EMPREGADOS DO GRUPO PARAMOUNT,197311,B3S,I,2,Cooperativa de Crédito,Mútuo com financiamento relevante,RS,Sapucaia do Sul,S5,,,,A
88325097,202506,COOPERATIVA DE ECONOMIA E CREDITO MUTUO DOS EMPREGADOS DO GRUPO SAINT GOBAIN,196612,B3S,I,2,Cooperativa de Crédito,,RS,Campo Bom,,,,,I
02232228,202506,COOPERATIVA DE ECONOMIA E CRÉDITO MÚTUO DOS EMPREGADOS DO GRUPO SBF LTDA. - COOPER ATIVA SBF,199805,B3S,I,2,Cooperativa de Crédito,Mútuo PF sem conta corrente,SP,São Paulo,S5,,,,A
62284385,202506,COOPERATIVA DE ECONOMIA E CRÉDITO MÚTUO DOS EMPREGADOS DO GRUPO SCHAEFFLER,196807,B3S,I,2,Cooperativa de Crédito,Mútuo PF sem conta corrente,SP,Sorocaba,S5,,,,A
21415864,202506,COOPERATIVA DE ECONOMIA E CRÉDITO MÚTUO DOS EMPREGADOS DO GRUPO SINASA S.A. LTDA,197909,B3S,I,2,Cooperativa de Crédito,,MG,Poços de Caldas,,,,,I
27854637,202506,COOPERATIVA DE ECONOMIA E CRÉDITO MÚTUO DOS EMPREGADOS DO GRUPO SMITHKLINE BEECHAM E COLIGADAS LTDA.,198212,B3S,I,2,Cooperativa de Crédito,,RJ,Rio de Janeiro,,,,,I
57598120,202506,COOPERATIVA DE ECONOMIA E CRÉDITO MÚTUO DOS EMPREGADOS DO GRUPO TELEFÔNICA,196907,B3S,I,2,Cooperativa de Crédito,Mútuo PF sem conta corrente,SP,São Paulo,S5,,,,A
09978371,202506,COOPERATIVA DE ECONOMIA E CRÉDITO MÚTUO DOS EMPREGADOS DO GRUPO TERMOBEL LTDA,180001,B3S,I,2,Cooperativa de Crédito,,MG,Betim,,,,,I
27140946,202506,COOPERATIVA DE ECONOMIA E CREDITO MUTUO DOS EMPREGADOS DO GRUPO USINA PAINEIRAS LTDA - CRED-PAN,197212,B3S,I,2,Cooperativa de Crédito,,ES,Itapemirim,S5,,,,I
34486100,202506,COOPERATIVA DE ECONOMIA E CRÉDITO MÚTUO DOS EMPREGADOS DO INSTITUTO DE DESENVOLVIMENTO RURAL DO ESTADO DO AMAZONAS EMATER-AM,198902,B3S,I,2,Cooperativa de Crédito,,AM,Manaus,,,,,I
31157811,202506,"COOPERATIVA DE ECONOMIA E CRÉDITO MÚTUO DOS EMPREGADOS DO LANIFICIO INTERAMERICANO S.A., LTDA",196711,B3S,I,2,Cooperativa de Crédito,,RJ,Petrópolis,,,,,I
04569742,202506,COOPERATIVA DE ECONOMIA E CREDITO MUTUO DOS EMPREGADOS DO PRO-CARDIACO-PRO-CREDITO LTDA,200107,B3S,I,2,Cooperativa de Crédito,,RJ,Rio de Janeiro,,,,,I
05658367,202506,COOPERATIVA DE ECONOMIA E CRÉDITO MÚTUO DOS EMPREGADOS DO SEBRAE BAHIA LTDA.,200308,B3S,I,2,Cooperativa de Crédito,Mútuo PF sem conta corrente,BA,Salvador,S5,,,,A
00617290,202506,"COOPERATIVA DE ECONOMIA E CRÉDITO MÚTUO DOS EMPREGADOS DO SENAI-DF, LTDA.",198011,B3S,I,2,Cooperativa de Crédito,,DF,Brasília,,,,,I
17347121,202506,COOPERATIVA DE ECONOMIA E CRÉDITO MÚTUO DOS EMPREGADOS DO SESC E FEDERAÇÃO DO COMÉRCIO DE MINAS GERAIS LTDA,196801,B3S,I,2,Cooperativa de Crédito,,MG,Belo Horizonte,,,,,I
34176487,202506,COOPERATIVA DE ECONOMIA E CRÉDITO MÚTUO DOS EMPREGADOS DO SISTEMA COPERCACAU LTDA,199001,B3S,I,2,Cooperativa de Crédito,,BA,Ilhéus,,,,,I
92675578,202506,COOPERATIVA DE ECONOMIA E CRÉDITO MÚTUO DOS EMPREGADOS DO SISTEMA FIERGS - CRESUL,196806,B3S,I,2,Cooperativa de Crédito,Mútuo PF sem conta corrente,RS,Porto Alegre,S5,,,,A
02039597,202506,COOPERATIVA DE ECONOMIA E CRÉDITO MÚTUO DOS EMPREGADOS DO SISTEMA S DE PERNAMBUCO E DO SEBRAE DE ALAGOAS - COOPESPE,199708,B3S,I,2,Cooperativa de Crédito,,PE,Recife,,,,,I
17415654,202506,COOPERATIVA DE ECONOMIA E CRÉDITO MÚTUO DOS EMPREGADOS DOS DIÁRIOS E EMISSORAS ASSOCIADOS DE BELO HORIZONTE LTDA.,196907,B3S,I,2,Cooperativa de Crédito,,MG,Belo Horizonte,,,,,I
25988460,202506,COOPERATIVA DE ECONOMIA E CRÉDITO MÚTUO DOS EMPREGADOS DOS HOSPITAIS DE CATAGUASES LTDA.,198908,B3S,I,2,Cooperativa de Crédito,,MG,Cataguases,,,,,I
29769635,202506,COOPERATIVA DE ECONOMIA E CRÉDITO MÚTUO DOS EMPREGADOS DOS HOTÉIS OTHON S.A. LAVANDERIA CENTRAL LTDA,196804,B3S,I,2,Cooperativa de Crédito,,RJ,Magé,,,,,I
30586895,202506,COOPERATIVA DE ECONOMIA E CREDITO MUTUO DOS EMPREGADOS DOS LABORATORIOS B.BRAUN LTDA,197909,B3S,I,2,Cooperativa de Crédito,Mútuo PF sem conta corrente,RJ,São Gonçalo,S5,,,,A
34600668,202506,COOPERATIVA DE ECONOMIA E CRÉDITO MÚTUO DOS EMPREGADOS E SERVIDORES DOS ORGÃOS DO SETOR PÚBLICO PRODUTIVO DO ESTADO DO PARÁ LTDA - SICOOB COOPEMATER,198911,B3S,I,2,Cooperativa de Crédito,,PA,Belém,,,,,I
12928909,202506,COOPERATIVA DE ECONOMIA E CRÉDITO MÚTUO DOS EMPREGADOS EM EMPRESAS DE TELECOMUNICAÇÕES NO NORDESTE - CERTEL LTDA,198811,B3S,I,2,Cooperativa de Crédito,,PB,João Pessoa,,,,,I
27059344,202506,COOPERATIVA DE ECONOMIA E CRÉDITO MÚTUO DOS EMPREGADOS EM EMPRESAS PRIVADAS DE TELECOMUNICAÇÕES - CREDITL,197008,B3S,I,2,Cooperativa de Crédito,,ES,Vitória,,,,,I
04633530,202506,COOPERATIVA DE ECONOMIA E CRÉDITO MÚTUO DOS EMPREGADOS EM ESTABELECIMENTOS BANCÁRIOS DE TERESINA/PIAUÍ - COOPERBAN,200111,B3S,I,2,Cooperativa de Crédito,,PI,Teresina,,,,,I
05433161,202506,"COOPERATIVA DE ECONOMIA E CRÉDITO MÚTUO DOS EMPREGADOS EM ESTABELECIMENTOS BANCÁRIOS, DE CRÉDITOS E FINANCIAMENTOS DE DIVINÓPOLIS E REGIÃO LTDA",200301,B3S,I,2,Cooperativa de Crédito,,MG,Divinópolis,,,,,I
03011222,202506,COOPERATIVA DE ECONOMIA E CREDITO MUTUO DOS EMPREGADOS EM ESTABELECIMENTOS PRIVADOS DE ENSINO DO MUNICIPIO DO RIO DE JANEIRO LTDA.,199903,B3S,I,2,Cooperativa de Crédito,,RJ,Rio de Janeiro,,,,,I
28150068,202506,COOPERATIVA DE ECONOMIA E CREDITO MUTUO DOS EMPREGADOS EM GRUPO BUAIZ,196702,B3S,I,2,Cooperativa de Crédito,,ES,Vitória,,,,,I
21464557,202506,COOPERATIVA DE ECONOMIA E CRÉDITO MÚTUO DOS EMPREGADOS EM INDÚSTRIAS METALÚRGICAS E DE MATERIAL ELÉTRICO DE JUIZ DE FORA LTDA. - CECREPAM,198508,B3S,I,2,Cooperativa de Crédito,,MG,Juiz de Fora,,,,,I
00288098,202506,"COOPERATIVA DE ECONOMIA E CRÉDITO MÚTUO DOS EMPREGADOS EM SANEAMENTO DO ESTADO DE MATO GROSSO E DOS FUNCIONÁRIOS DO SISTEMA FIEMT, FECOMÉRCIO, FAMATO E FETRAMAR - SICOOB METROPOLITANO/MT",199501,B3S,I,2,Cooperativa de Crédito,,MT,Cuiabá,,,,,I
05986476,202506,COOPERATIVA DE ECONOMIA E CRÉDITO MÚTUO DOS EMPREGADOS EMPREGADOS ICOMI E EMPRESAS ASSOCIADAS SANTANA LTDA,197003,B3S,I,2,Cooperativa de Crédito,,AP,Santana,,,,,I
03880529,202506,COOPERATIVA DE ECONOMIA E CREDITO MUTUO DOS EMPREGADOS EMPRESAS RODOVIARIAS LOCAL.GRANDE VITORIA - RODOCAIXA,200006,B3S,I,2,Cooperativa de Crédito,,ES,Vitória,,,,,I
03700068,202506,COOPERATIVA DE ECONOMIA E CRÉDITO MÚTUO DOS EMPREGADOS EMPRESAS TRANSPORTE E TRÂNSITO SÃO PAULO - COOPERTRANS,200004,B3S,I,2,Cooperativa de Crédito,,SP,São Paulo,,,,,I
39316898,202506,COOPERATIVA DE ECONOMIA E CREDITO MUTUO DOS EMPREGADOS ESTAB. DE SAUDE DA GRANDE VITORIA E NORTE EST. E.SANTO,199307,B3S,I,2,Cooperativa de Crédito,,ES,Vitória,,,,,I
01408563,202506,COOPERATIVA DE ECONOMIA E CRÉDITO MÚTUO DOS EMPREGADOS ESTABELECIMENTO BANCÁRIOS DE UBERABA LTDA.,199608,B3S,I,2,Cooperativa de Crédito,,MG,Uberaba,,,,,I
03973743,202506,COOPERATIVA DE ECONOMIA E CREDITO MUTUO DOS EMPREGADOS IND.ALIMENTACAO REG.GRDE.VITORIA EST.ES-CREDI-ALIMENTO,200010,B3S,I,2,Cooperativa de Crédito,,ES,Vitória,S5,,,,I
92826239,202506,COOPERATIVA DE ECONOMIA E CREDITO MUTUO DOS EMPREGADOS MADEF LTDA.,180001,B3S,I,2,Cooperativa de Crédito,,RS,Canoas,,,,,I
03780968,202506,COOPERATIVA DE ECONOMIA E CREDITO MUTUO DOS EMPREGADOS NAS IND.QUIM.FARMAC.E SIMILARES DO SUL FLUMINENSE LTDA,200002,B3S,I,2,Cooperativa de Crédito,,RJ,Resende,,,,,I
05424088,202506,"COOPERATIVA DE ECONOMIA E CREDITO MUTUO DOS EMPREGADOS NAS INDUSTRIAS QUIMICAS, FARMACEUTICAS E SIMILARES DA REGIAO METROPOLITANA DO RIO DE JANEIRO LTDA",200302,B3S,I,2,Cooperativa de Crédito,Mútuo PF sem conta corrente,RJ,São Gonçalo,S5,,,,A
90451642,202506,COOPERATIVA DE ECONOMIA E CRÉDITO MÚTUO DOS EMPREGADOS NO GRUPO HOSPITALAR CONCEIÇÃO LTDA,198508,B3S,I,2,Cooperativa de Crédito,,RS,Porto Alegre,,,,,I
07858553,202506,"COOPERATIVA DE ECONOMIA E CRÉDITO MÚTUO DOS EMPRESÁRIOS DA INDÚSTRIA E DO COMÉRCIO DE BENS E SERVIÇOS DA REGIÃO METROPOLITANA, ZONA DA MATA E AGRESTE DO ESTADO DE PERNAMBUCO LTDA.- UNICRED EMPRESARIAL",200605,B3S,I,2,Cooperativa de Crédito,,PE,Recife,,,,,I
23295315,202506,COOPERATIVA DE ECONOMIA E CRÉDITO MÚTUO DOS EMPRESÁRIOS DA REGIÃO METROPOLITANA DE JOÃO PESSOA E LITORAL DA PARAÍBA - SICOOB LITORAL PARAIBANO,201510,B3S,I,2,Cooperativa de Crédito,,PB,João Pessoa,,,,,I
03373150,202506,"COOPERATIVA DE ECONOMIA E CRÉDITO MÚTUO DOS EMPRESÁRIOS DA REGIÃO METROPOLITANA DE JOÃO PESSOA, LITORAL  PARAIBANO E  DOS SERVIDORES PÚBLICOS ESTADUAIS DA PARAÍBA - SICOOB UNIÃO PARAIBANA",199909,B3S,I,2,Cooperativa de Crédito,,PB,João Pessoa,S5,,,,I
08802775,202506,COOPERATIVA DE ECONOMIA E CRÉDITO MÚTUO DOS EMPRESÁRIOS DA REGIÃO METROPOLITANA DE NATAL - CREDCOM-RN,200707,B3S,I,2,Cooperativa de Crédito,,RN,Natal,,,,,I
22150505,202506,COOPERATIVA DE ECONOMIA E CRÉDITO MÚTUO DOS EMPRESÁRIOS DA REGIÃO METROPOLITANA DE PATOS - SICOOB SERTÃO PARAIBANO,201505,B3S,I,2,Cooperativa de Crédito,,PB,Patos,,,,,I
19225478,202506,COOPERATIVA DE ECONOMIA E CRÉDITO MÚTUO DOS EMPRESÁRIOS DA REGIÃO METROPOLITANA DO AGRESTE ALAGOANO - SICOOB AGRESTE ALAGOANO,201401,B3S,I,2,Cooperativa de Crédito,,AL,Arapiraca,,,,,I
22491263,202506,COOPERATIVA DE ECONOMIA E CRÉDITO MÚTUO DOS EMPRESÁRIOS DA REGIÃO NORTE MARANHENSE E DOS EMPREGADOS DA ALUMAR- SICOOB NORTE MARANHENSE,201508,B3S,I,2,Cooperativa de Crédito,,MA,São Luís,S5,,,,I
09579249,202506,"COOPERATIVA DE ECONOMIA E CRÉDITO MÚTUO DOS EMPRESÁRIOS DE AMERICANA, LIMEIRA E REGIÃO - SICOOB ACICRED",200806,B3S,I,2,Cooperativa de Crédito,Mútuo com relevância em PJ,SP,Americana,S5,,,,A
07996099,202506,COOPERATIVA DE ECONOMIA E CRÉDITO MÚTUO DOS EMPRESÁRIOS DE CAMPINAS - SICOOB CREDIACIC,200606,B3S,I,2,Cooperativa de Crédito,,SP,Campinas,,,,,I
05858518,202506,COOPERATIVA DE ECONOMIA E CRÉDITO MÚTUO DOS EMPRESÁRIOS DE MOGI GUAÇU E REGIÃO - SICOOB CREDIAC,200412,B3S,I,2,Cooperativa de Crédito,,SP,Mogi Guaçu,,,,,I
08702520,202506,COOPERATIVA DE ECONOMIA E CRÉDITO MÚTUO DOS EMPRESÁRIOS DE PIRACICABA - SICOOB COOPCRED,200703,B3S,I,2,Cooperativa de Crédito,,SP,Piracicaba,,,,,I
08937938,202506,COOPERATIVA DE ECONOMIA E CRÉDITO MÚTUO DOS EMPRESÁRIOS DE PRESIDENTE VENCESLAU - SICOOB CREDIACIPREV,200709,B3S,I,2,Cooperativa de Crédito,,SP,Presidente Venceslau,S5,,,,I
08648300,202506,COOPERATIVA DE ECONOMIA E CRÉDITO MÚTUO DOS EMPRESÁRIOS DO COMÉRCIO DA GRANDE MACEIÓ - COMCRED MACEIÓ,200705,B3S,I,2,Cooperativa de Crédito,,AL,Maceió,,,,,I
02332521,202506,COOPERATIVA DE ECONOMIA E CRÉDITO MÚTUO DOS EMPRESÁRIOS DO COMÉRCIO VAREJISTA E DE PRODUTOS FARMACÊUTICOS PERFUMARIAS E CORRELATOS LTDA.,199806,B3S,I,2,Cooperativa de Crédito,,MG,Belo Horizonte,,,,,I
09337443,202506,COOPERATIVA DE ECONOMIA E CRÉDITO MÚTUO DOS ENGENHEIROS E ARQUITETOS DO ESTADO DO TOCANTINS LTDA.,200804,B3S,I,2,Cooperativa de Crédito,,TO,Palmas,,,,,I
74266081,202506,COOPERATIVA DE ECONOMIA E CRÉDITO MÚTUO DOS ENGENHEIROS EM SÃO PAULO-ENGECRED -SP,199312,B3S,I,2,Cooperativa de Crédito,,SP,São Paulo,,,,,I
09146654,202506,"COOPERATIVA DE ECONOMIA E CRÉDITO MÚTUO DOS ENGENHEIROS, ARQUITETOS E AGRÔNOMOS DA REGIÃO METROPOLITANA DE SÃO PAULO LTDA. - ENGECRED SÃO PAULO",200711,B3S,I,2,Cooperativa de Crédito,,SP,São Paulo,,,,,I
09187555,202506,"COOPERATIVA DE ECONOMIA E CRÉDITO MÚTUO DOS ENGENHEIROS, ARQUITETOS, AGRÔNOMOS E AFINS DO ESTADO DO RIO GRANDE DO SUL - PROJETA UNICRED",200712,B3S,I,2,Cooperativa de Crédito,,RS,Porto Alegre,S5,,,,I
05841967,202506,COOPERATIVA DE ECONOMIA E CRÉDITO MÚTUO DOS FABRICANTES DE CALÇADOS DE SAPIRANGA LTDA.,200311,B3S,I,2,Cooperativa de Crédito,Mútuo com financiamento relevante,RS,Sapiranga,S5,,,,A
05690951,202506,COOPERATIVA DE ECONOMIA E CRÉDITO MÚTUO DOS FABRICANTES DE CALÇADOS DO VALE DO RIO DOS SINOS LTDA,200309,B3S,I,2,Cooperativa de Crédito,,RS,Novo Hamburgo,,,,,I
21592985,202506,COOPERATIVA DE ECONOMIA E CRÉDITO MÚTUO DOS FERROVIÁRIOS DA ESTRADA DE FERRO CENTRAL DE JUIZ DE FORA LTDA,196709,B3S,I,2,Cooperativa de Crédito,,MG,Juiz de Fora,,,,,I
44825438,202506,COOPERATIVA DE ECONOMIA E CREDITO MÚTUO DOS FUNCIONÁRIOS CIA.IND.COM.BRA.PROD.ALIM.PORTO FERREIRA LTD-LIQ.ORD.,197211,B3S,I,2,Cooperativa de Crédito,,SP,Porto Ferreira,,,,,I
25669821,202506,COOPERATIVA DE ECONOMIA E CRÉDITO MÚTUO DOS FUNCIONÁRIOS COLABORADORES DO HOSPITAL DOM BOSCO LTDA.,198903,B3S,I,2,Cooperativa de Crédito,,MG,Belo Horizonte,,,,,I
00721002,202506,COOPERATIVA DE ECONOMIA E CREDITO MÚTUO DOS FUNCIONÁRIOS COOPERATIVA AGROPECUARIA DO BRASIL CENTRAL-COBRAC LTDA,199508,B3S,I,2,Cooperativa de Crédito,,SP,Araçatuba,,,,,I
02784248,202506,COOPERATIVA DE ECONOMIA E CRÉDITO MÚTUO DOS FUNCIONÁRIOS DA  ATLAS VEÍCULOS - COFAV,199809,B3S,I,2,Cooperativa de Crédito,,PA,Belém,,,,,I
62562012,202506,COOPERATIVA DE ECONOMIA E CRÉDITO MÚTUO DOS FUNCIONÁRIOS DA  NESTLÉ - NESCRED,196906,B3S,I,2,Cooperativa de Crédito,Mútuo PF sem conta corrente,SP,São Paulo,S5,,,,A
45068632,202506,COOPERATIVA DE ECONOMIA E CRÉDITO MÚTUO DOS FUNCIONÁRIOS DA ACUMENT BRASIL,197403,B3S,I,2,Cooperativa de Crédito,Mútuo PF sem conta corrente,SP,Atibaia,S5,,,,A
53853610,202506,"COOPERATIVA DE ECONOMIA E CREDITO MÚTUO DOS FUNCIONÁRIOS DA ALCOA ALUMINIO S.A.-PINDAMONHANGABA, LTDA",198411,B3S,I,2,Cooperativa de Crédito,,SP,Pindamonhangaba,,,,,I
64761471,202506,COOPERATIVA DE ECONOMIA E CRÉDITO MÚTUO DOS FUNCIONÁRIOS DA ANDORINHA - COFASA,199101,B3S,I,2,Cooperativa de Crédito,,SP,Presidente Prudente,S5,,,,I
53863999,202506,COOPERATIVA DE ECONOMIA E CREDITO MÚTUO DOS FUNCIONÁRIOS DA ARALCO LTDA,180001,B3S,I,2,Cooperativa de Crédito,,SP,Araçatuba,,,,,I
57685299,202506,COOPERATIVA DE ECONOMIA E CREDITO MÚTUO DOS FUNCIONÁRIOS DA ARQUETIPO PRODUTOS INDUSTRIAIS PINDAMONHANGABA LTDA,180001,B3S,I,2,Cooperativa de Crédito,,SP,Pindamonhangaba,,,,,I
55157663,202506,COOPERATIVA DE ECONOMIA E CREDITO MÚTUO DOS FUNCIONÁRIOS DA ASHLAND LTDA,198507,B3S,I,2,Cooperativa de Crédito,,SP,Campinas,,,,,I
41146382,202506,COOPERATIVA DE ECONOMIA E CRÉDITO MÚTUO DOS FUNCIONÁRIOS DA ASSEMBLÉIA LEGISLATIVA DO ESTADO DA PARAÍBA LTDA. -  COOPERLEGIS,199212,B3S,I,2,Cooperativa de Crédito,Mútuo PF sem conta corrente,PB,João Pessoa,S5,,,,A
03058603,202506,COOPERATIVA DE ECONOMIA E CRÉDITO MÚTUO DOS FUNCIONÁRIOS DA ASSOCIAÇÃO RESIDENCIAL E EMPRESARIAL ALPHAVILLE,199903,B3S,I,2,Cooperativa de Crédito,,SP,Barueri,,,,,I
01288797,202506,COOPERATIVA DE ECONOMIA E CRÉDITO MÚTUO DOS FUNCIONÁRIOS DA ASTRAZENECA DO BRASIL,199606,B3S,I,2,Cooperativa de Crédito,Mútuo PF sem conta corrente,SP,Cotia,S5,,,,A
33925058,202506,"COOPERATIVA DE ECONOMIA E CREDITO MUTUO DOS FUNCIONARIOS DA BANDEIRANTE DE SEGUROS E ASSOCIADAS, LTDA",196711,B3S,I,2,Cooperativa de Crédito,,RJ,Rio de Janeiro,,,,,I
44689099,202506,COOPERATIVA DE ECONOMIA E CREDITO MÚTUO DOS FUNCIONÁRIOS DA BELOIT INDUSTRIAL,198006,B3S,I,2,Cooperativa de Crédito,,SP,Campinas,,,,,I
44830636,202506,COOPERATIVA DE ECONOMIA E CRÉDITO MÚTUO DOS FUNCIONÁRIOS DA BESSAN,198011,B3S,I,2,Cooperativa de Crédito,,SP,Araçatuba,,,,,I
57038408,202506,COOPERATIVA DE ECONOMIA E CRÉDITO MÚTUO DOS FUNCIONÁRIOS DA BOMBRIL,196801,B3S,I,2,Cooperativa de Crédito,Mútuo PF sem conta corrente,SP,São Bernardo do Campo,S5,,,,A
72736226,202506,COOPERATIVA DE ECONOMIA E CREDITO MÚTUO DOS FUNCIONÁRIOS DA BRAVOX,199307,B3S,I,2,Cooperativa de Crédito,,SP,São Paulo,,,,,I
68228006,202506,COOPERATIVA DE ECONOMIA E CRÉDITO MÚTUO DOS FUNCIONÁRIOS DA CARGILL,199210,B3S,I,2,Cooperativa de Crédito,Mútuo PF sem conta corrente,SP,São Paulo,S5,,,,A
49616303,202506,COOPERATIVA DE ECONOMIA E CRÉDITO MÚTUO DOS FUNCIONÁRIOS DA CERÂMICA PORTO FERREIRA,197903,B3S,I,2,Cooperativa de Crédito,,SP,Porto Ferreira,,,,,I
44958981,202506,COOPERATIVA DE ECONOMIA E CRÉDITO MÚTUO DOS FUNCIONÁRIOS DA CIA AÇUCAREIRA VALE DO ROSÁRIO - COOPERVALE,198007,B3S,I,2,Cooperativa de Crédito,,SP,Morro Agudo,S5,,,,I
01821048,202506,COOPERATIVA DE ECONOMIA E CREDITO MÚTUO DOS FUNCIONÁRIOS DA CIA DE CIMENTO PORTLAND MARINGA LTDA,199701,B3S,I,2,Cooperativa de Crédito,,SP,Itapeva,,,,,I
92930676,202506,COOPERATIVA DE ECONOMIA E CREDITO MUTUO DOS FUNCIONARIOS DA CIA DE SEGUROS PREVIDENCIA DO SUL LTDA,196909,B3S,I,2,Cooperativa de Crédito,,RS,Porto Alegre,,,,,I
87027074,202506,COOPERATIVA DE ECONOMIA E CREDITO MUTUO DOS FUNCIONARIOS DA CIA GERAL DE INDUSTRIAS LTDA,197108,B3S,I,2,Cooperativa de Crédito,,RS,Guaíba,,,,,I
49433428,202506,COOPERATIVA DE ECONOMIA E CREDITO MÚTUO DOS FUNCIONÁRIOS DA CIA INDL DE CONS ALIMENTICIAS CICA LTDA,197710,B3S,I,2,Cooperativa de Crédito,,SP,Jundiaí,,,,,I
44536225,202506,"COOPERATIVA DE ECONOMIA E CREDITO MÚTUO DOS FUNCIONÁRIOS DA CIA INDL DE CONS ALIMENTICIAS CICA-MONTE ALTO, LTDA",180001,B3S,I,2,Cooperativa de Crédito,,SP,Monte Alto,,,,,I
44746147,202506,"COOPERATIVA DE ECONOMIA E CREDITO MÚTUO DOS FUNCIONÁRIOS DA CIA INDL DE CONS ALIMENTICIAS CICA-P.FERREIRA, LTDA",180001,B3S,I,2,Cooperativa de Crédito,,SP,Presidente Prudente,,,,,I
33943937,202506,COOPERATIVA DE ECONOMIA E CREDITO MUTUO DOS FUNCIONARIOS DA CIA METROPOLITANA DE AÇOS LTDA,196903,B3S,I,2,Cooperativa de Crédito,,RJ,Rio de Janeiro,,,,,I
13338686,202506,COOPERATIVA DE ECONOMIA E CRÉDITO MÚTUO DOS FUNCIONÁRIOS DA CIMENTO ARATU LTDA,198304,B3S,I,2,Cooperativa de Crédito,,BA,Simões Filho,,,,,I
13709092,202506,"COOPERATIVA DE ECONOMIA E CRÉDITO MÚTUO DOS FUNCIONÁRIOS DA CIMENTO ARATU S.A, E COLIGADAS LTDA",197303,B3S,I,2,Cooperativa de Crédito,,BA,Salvador,,,,,I
29023371,202506,COOPERATIVA DE ECONOMIA E CRÉDITO MÚTUO DOS FUNCIONÁRIOS DA CIMENTO IRAJÁ NO RIO DE JANEIRO LTDA,198408,B3S,I,2,Cooperativa de Crédito,,RJ,Rio de Janeiro,,,,,I
13369186,202506,COOPERATIVA DE ECONOMIA E CRÉDITO MÚTUO DOS FUNCIONÁRIOS DA CIMENTO SERGIPE S/A - CIMESA LTDA.,198511,B3S,I,2,Cooperativa de Crédito,,SE,Aracaju,,,,,I
00379891,202506,COOPERATIVA DE ECONOMIA E CREDITO MÚTUO DOS FUNCIONÁRIOS DA CIMENTO TOCANTINS LTDA,197311,B3S,I,2,Cooperativa de Crédito,,,,,,,,I
22649461,202506,COOPERATIVA DE ECONOMIA E CRÉDITO MÚTUO DOS FUNCIONÁRIOS DA COAPERIODOCE E CREDIRIODOCE LTDA.,198904,B3S,I,2,Cooperativa de Crédito,,MG,Governador Valadares,,,,,I
25535436,202506,COOPERATIVA DE ECONOMIA E CRÉDITO MÚTUO DOS FUNCIONÁRIOS DA COFERMETA LTDA,198812,B3S,I,2,Cooperativa de Crédito,,MG,Belo Horizonte,,,,,I
96405741,202506,COOPERATIVA DE ECONOMIA E CRÉDITO MÚTUO DOS FUNCIONÁRIOS DA COLABA,199304,B3S,I,2,Cooperativa de Crédito,,SP,Batatais,,,,,I
77138196,202506,COOPERATIVA DE ECONOMIA E CREDITO MUTUO DOS FUNCIONARIOS DA COMABRA E COMABRA HENS LTDA,197703,B3S,I,2,Cooperativa de Crédito,,PR,Ponta Grossa,,,,,I
44262483,202506,COOPERATIVA DE ECONOMIA E CREDITO MÚTUO DOS FUNCIONÁRIOS DA COMABRA OSASCO LTDA.,198006,B3S,I,2,Cooperativa de Crédito,,SP,Osasco,,,,,I
01062439,202506,COOPERATIVA DE ECONOMIA E CREDITO MUTUO DOS FUNCIONARIOS DA COMIGO,198501,B3S,I,2,Cooperativa de Crédito,Mútuo PF com conta corrente,GO,Rio Verde,S5,,,,A
76701812,202506,COOPERATIVA DE ECONOMIA E CREDITO MUTUO DOS FUNCIONARIOS DA COMPANHIA CATARINENSE DE CIMENTO PORTLAND LTDA,198903,B3S,I,2,Cooperativa de Crédito,,SC,Itajaí,,,,,I
08881641,202506,COOPERATIVA DE ECONOMIA E CRÉDITO MÚTUO DOS FUNCIONÁRIOS DA COMPANHIA DE CIMENTO PORTLAND POTY E EMPRESAS INTERLIGADAS LTDA,198404,B3S,I,2,Cooperativa de Crédito,,PE,Recife,,,,,I
01530136,202506,COOPERATIVA DE ECONOMIA E CRÉDITO MÚTUO DOS FUNCIONÁRIOS DA COMPANHIA PAULISTA DE TRENS METROPOLITANOS - COOPERTREM,199611,B3S,I,2,Cooperativa de Crédito,,SP,Osasco,S5,,,,I
52324258,202506,COOPERATIVA DE ECONOMIA E CREDITO MÚTUO DOS FUNCIONÁRIOS DA CONESP LTDA,198306,B3S,I,2,Cooperativa de Crédito,,SP,São Paulo,,,,,I
44220168,202506,"COOPERATIVA DE ECONOMIA E CREDITO MÚTUO DOS FUNCIONÁRIOS DA CONFORJA, LTDA",198009,B3S,I,2,Cooperativa de Crédito,,SP,Diadema,,,,,I
33737800,202506,COOPERATIVA DE ECONOMIA E CRÉDITO MÚTUO DOS FUNCIONÁRIOS DA COOAGRI E TRANSCOOAGRI LTDA.,199004,B3S,I,2,Cooperativa de Crédito,,MS,Campo Grande,,,,,I
67607564,202506,COOPERATIVA DE ECONOMIA E CRÉDITO MÚTUO DOS FUNCIONÁRIOS DA CORREIAS MERCÚRIO,199203,B3S,I,2,Cooperativa de Crédito,,SP,Jundiaí,,,,,I
50654300,202506,COOPERATIVA DE ECONOMIA E CRÉDITO MÚTUO DOS FUNCIONÁRIOS DA DANA,197808,B3S,I,2,Cooperativa de Crédito,,SP,Osasco,S5,,,,I
54268990,202506,COOPERATIVA DE ECONOMIA E CREDITO MÚTUO DOS FUNCIONÁRIOS DA DEL. FEDERAL DA AGRIC. EM SP LTDA.-EM LIQ. ORDINAR.,198506,B3S,I,2,Cooperativa de Crédito,,SP,São Paulo,,,,,I
34573501,202506,COOPERATIVA DE ECONOMIA E CRÉDITO MÚTUO DOS FUNCIONÁRIOS DA DELEGACIA FEDERAL DA AGRICULTURA NO ESTADO DO AMAZONAS LTDA,180001,B3S,I,2,Cooperativa de Crédito,,AM,Manaus,,,,,I
04939912,202506,COOPERATIVA DE ECONOMIA E CRÉDITO MÚTUO DOS FUNCIONÁRIOS DA ECHLIN DO BRASIL - COOPERECHLIN,180001,B3S,I,2,Cooperativa de Crédito,,SP,Diadema,,,,,I
56548878,202506,COOPERATIVA DE ECONOMIA E CREDITO MÚTUO DOS FUNCIONÁRIOS DA ECIL LTDA,198511,B3S,I,2,Cooperativa de Crédito,,SP,Piedade,,,,,I
21520846,202506,COOPERATIVA DE ECONOMIA E CRÉDITO MÚTUO DOS FUNCIONÁRIOS DA ECONIMISA LTDA,180001,B3S,I,2,Cooperativa de Crédito,,MG,Belo Horizonte,,,,,I
49304280,202506,"COOPERATIVA DE ECONOMIA E CREDITO MÚTUO DOS FUNCIONÁRIOS DA EDEA, LTDA",197804,B3S,I,2,Cooperativa de Crédito,,SP,São Paulo,,,,,I
43438662,202506,COOPERATIVA DE ECONOMIA E CRÉDITO MÚTUO DOS FUNCIONÁRIOS DA EDUCAÇÃO E COMUNICAÇÃO,197206,B3S,I,2,Cooperativa de Crédito,Mútuo PF sem conta corrente,SP,São Paulo,S5,,,,A
45045671,202506,COOPERATIVA DE ECONOMIA E CRÉDITO MÚTUO DOS FUNCIONÁRIOS DA ELGIN,198008,B3S,I,2,Cooperativa de Crédito,Mútuo PF sem conta corrente,SP,Mogi das Cruzes,S5,,,,A
48718183,202506,COOPERATIVA DE ECONOMIA E CRÉDITO MÚTUO DOS FUNCIONÁRIOS DA ERICSSON - COOPERICSSON,198204,B3S,I,2,Cooperativa de Crédito,Mútuo PF sem conta corrente,SP,São Paulo,S5,,,,A
23013493,202506,COOPERATIVA DE ECONOMIA E CRÉDITO MÚTUO DOS FUNCIONÁRIOS DA ERICSSON AMAZONIA LTDA,198808,B3S,I,2,Cooperativa de Crédito,,AM,Manaus,,,,,I
02825208,202506,COOPERATIVA DE ECONOMIA E CREDITO MUTUO DOS FUNCIONARIOS DA EVANIL - COOFE,199806,B3S,I,2,Cooperativa de Crédito,,RJ,Nova Iguaçu,,,,,I
57259525,202506,COOPERATIVA DE ECONOMIA E CRÉDITO MÚTUO DOS FUNCIONÁRIOS DA FACULDADE DE CIÊNCIAS AGRÁRIAS E VETERINÁRIAS - CAMPUS DE JABOTICABAL/SP - COOPERFAC,198705,B3S,I,2,Cooperativa de Crédito,Mútuo PF sem conta corrente,SP,Jaboticabal,S5,,,,A
96606074,202506,COOPERATIVA DE ECONOMIA E CRÉDITO MÚTUO DOS FUNCIONÁRIOS DA FELTRIN,199305,B3S,I,2,Cooperativa de Crédito,,SP,Nova Odessa,,,,,I
09978194,202506,COOPERATIVA DE ECONOMIA E CREDITO MÚTUO DOS FUNCIONÁRIOS DA FERCASTRO LTDA,180001,B3S,I,2,Cooperativa de Crédito,,MG,Belo Horizonte,,,,,I
42258376,202506,COOPERATIVA DE ECONOMIA E CREDITO MUTUO DOS FUNCIONARIOS DA FMC LTDA,197212,B3S,I,2,Cooperativa de Crédito,Mútuo PF sem conta corrente,RJ,Rio de Janeiro,S5,,,,A
33833914,202506,COOPERATIVA DE ECONOMIA E CRÉDITO MÚTUO DOS FUNCIONÁRIOS DA FORMIPLAC LTDA,196710,B3S,I,2,Cooperativa de Crédito,,RJ,Rio de Janeiro,,,,,I
09978181,202506,COOPERATIVA DE ECONOMIA E CREDITO MÚTUO DOS FUNCIONÁRIOS DA FUNDACAO CULTURAL ALFREDO FERREIRA LAGE LTDA,180001,B3S,I,2,Cooperativa de Crédito,,MG,Juiz de Fora,,,,,I
02846074,202506,COOPERATIVA DE ECONOMIA E CRÉDITO MÚTUO DOS FUNCIONÁRIOS DA FUNDACAO EDUCACIONAL DE BARRETOS - COOPERFEB,199901,B3S,I,2,Cooperativa de Crédito,,SP,Barretos,,,,,I
01997612,202506,COOPERATIVA DE ECONOMIA E CRÉDITO MÚTUO DOS FUNCIONÁRIOS DA FUNDAÇÃO ZERBINI E DA FUNDAÇÃO FACULDADE DE MEDICINA (FFM) - COOPINCOR,199705,B3S,I,2,Cooperativa de Crédito,Mútuo PF sem conta corrente,SP,São Paulo,S5,,,,A
09978357,202506,COOPERATIVA DE ECONOMIA E CRÉDITO MÚTUO DOS FUNCIONARIOS DA GEMATUR TRANSPORTES URBANOS LTDA.,180001,B3S,I,2,Cooperativa de Crédito,,MG,Belo Horizonte,,,,,I
60219045,202506,COOPERATIVA DE ECONOMIA E CRÉDITO MÚTUO DOS FUNCIONÁRIOS DA GERDAU S.A. - UNIDADE PINDAMONHANGABA,198910,B3S,I,2,Cooperativa de Crédito,,SP,Pindamonhangaba,S5,,,,I
52575206,202506,COOPERATIVA DE ECONOMIA E CRÉDITO MÚTUO DOS FUNCIONÁRIOS DA GERDAU S/A-UNIDADE MOGI DAS CRUZES,196908,B3S,I,2,Cooperativa de Crédito,,SP,Mogi das Cruzes,S5,,,,I
05331882,202506,COOPERATIVA DE ECONOMIA E CREDITO MUTUO DOS FUNCIONARIOS DA GKN DO BRASIL LTDA,200210,B3S,I,2,Cooperativa de Crédito,Mútuo PF sem conta corrente,RS,Porto Alegre,S5,,,,A
23027394,202506,COOPERATIVA DE ECONOMIA E CRÉDITO MÚTUO DOS FUNCIONÁRIOS DA GOYANA DA AMAZONIA LTDA.,198811,B3S,I,2,Cooperativa de Crédito,,AM,Manaus,,,,,I
53021465,202506,"COOPERATIVA DE ECONOMIA E CREDITO MÚTUO DOS FUNCIONÁRIOS DA HENKEL S.A., LTDA",198309,B3S,I,2,Cooperativa de Crédito,,SP,São Paulo,,,,,I
43913177,202506,COOPERATIVA DE ECONOMIA E CREDITO MÚTUO DOS FUNCIONÁRIOS DA HERMANN LTDA,197310,B3S,I,2,Cooperativa de Crédito,,SP,Campo Limpo Paulista,,,,,I
25490582,202506,COOPERATIVA DE ECONOMIA E CRÉDITO MÚTUO DOS FUNCIONÁRIOS DA IM AUTOPEÇAS LTDA,198901,B3S,I,2,Cooperativa de Crédito,,MG,Contagem,,,,,I
67558536,202506,COOPERATIVA DE ECONOMIA E CREDITO MÚTUO DOS FUNCIONÁRIOS DA INCOVAL-IND. DE CONEXOES E VALVULAS LTDA.,180001,B3S,I,2,Cooperativa de Crédito,,SP,Ferraz de Vasconcelos,,,,,I
25481458,202506,COOPERATIVA DE ECONOMIA E CRÉDITO MÚTUO DOS FUNCIONÁRIOS DA INDÚSTRIA MINEIRA DE FRALDAS LTDA,198807,B3S,I,2,Cooperativa de Crédito,,MG,Itaúna,,,,,I
62953427,202506,COOPERATIVA DE ECONOMIA E CREDITO MÚTUO DOS FUNCIONÁRIOS DA INDUSTRIA ROTATIVA DE PAPEIS LTDA.,197007,B3S,I,2,Cooperativa de Crédito,,SP,São Paulo,,,,,I
67251272,202506,COOPERATIVA DE ECONOMIA E CRÉDITO MÚTUO DOS FUNCIONÁRIOS DA INSTITUIÇÃO MOURA LACERDA,199201,B3S,I,2,Cooperativa de Crédito,,SP,Ribeirão Preto,,,,,I
27183359,202506,COOPERATIVA DE ECONOMIA E CREDITO MUTUO DOS FUNCIONARIOS DA INTERCONTINENTAL HOTELEIRA LTDA.,198105,B3S,I,2,Cooperativa de Crédito,,RJ,Rio de Janeiro,,,,,I
78244449,202506,COOPERATIVA DE ECONOMIA E CREDITO MUTUO DOS FUNCIONARIOS DA IPIRANGA SERRANA FERTILIZANTES PARANA,197910,B3S,I,2,Cooperativa de Crédito,,PR,Ponta Grossa,,,,,I
44189199,202506,COOPERATIVA DE ECONOMIA E CREDITO MÚTUO DOS FUNCIONÁRIOS DA IPIRANGA SERRANA LTDA,197202,B3S,I,2,Cooperativa de Crédito,,SP,São Paulo,,,,,I
49469430,202506,COOPERATIVA DE ECONOMIA E CREDITO MÚTUO DOS FUNCIONÁRIOS DA ITAÚ FERTILIZANTES LTDA,197809,B3S,I,2,Cooperativa de Crédito,,SP,São Paulo,,,,,I
48013940,202506,COOPERATIVA DE ECONOMIA E CRÉDITO MÚTUO DOS FUNCIONÁRIOS DA LEITE NILZA,197608,B3S,I,2,Cooperativa de Crédito,,SP,Ribeirão Preto,,,,,I
30096234,202506,COOPERATIVA DE ECONOMIA E CREDITO MUTUO DOS FUNCIONARIOS DA M. AGOSTINI LTDA.,198510,B3S,I,2,Cooperativa de Crédito,,RJ,Rio de Janeiro,,,,,I
17436429,202506,COOPERATIVA DE ECONOMIA E CRÉDITO MÚTUO DOS FUNCIONÁRIOS DA MAGNATEX INDÚSTRIA E COMÉRCIO LTDA,198203,B3S,I,2,Cooperativa de Crédito,,MG,Juiz de Fora,,,,,I
62632534,202506,COOPERATIVA DE ECONOMIA E CREDITO MÚTUO DOS FUNCIONÁRIOS DA MASSEY-FERGUSON SAO PAULO LTDA,197010,B3S,I,2,Cooperativa de Crédito,,SP,São Paulo,,,,,I
44378586,202506,COOPERATIVA DE ECONOMIA E CRÉDITO MÚTUO DOS FUNCIONÁRIOS DA MAXION LTDA - COOPERMAXION,197206,B3S,I,2,Cooperativa de Crédito,,MG,Contagem,,,,,I
00911079,202506,COOPERATIVA DE ECONOMIA E CRÉDITO MÚTUO DOS FUNCIONÁRIOS DA MÉTODO ENGENHARIA - CREDIMEL,199512,B3S,I,2,Cooperativa de Crédito,,SP,São Paulo,,,,,I
00731320,202506,COOPERATIVA DE ECONOMIA E CRÉDITO MÚTUO DOS FUNCIONÁRIOS DA MORLAN - CRED MORLAN,199509,B3S,I,2,Cooperativa de Crédito,Mútuo PF sem conta corrente,SP,Orlândia,S5,,,,A
46242251,202506,COOPERATIVA DE ECONOMIA E CREDITO MÚTUO DOS FUNCIONÁRIOS DA MULLER S.A. SUMARE LTDA,197401,B3S,I,2,Cooperativa de Crédito,,SP,Sumaré,,,,,I
59620708,202506,COOPERATIVA DE ECONOMIA E CRÉDÍTO MÚTUO DOS FUNCIONÁRIOS DA MWM TUPY DO BRASIL,198812,B3S,I,2,Cooperativa de Crédito,Mútuo PF sem conta corrente,SP,São Paulo,S5,,,,A
09128022,202506,COOPERATIVA DE ECONOMIA E CRÉDITO MÚTUO DOS FUNCIONÁRIOS DA NAKATA,200711,B3S,I,2,Cooperativa de Crédito,Mútuo PF sem conta corrente,SP,Osasco,S5,,,,A
43767490,202506,COOPERATIVA DE ECONOMIA E CREDITO MÚTUO DOS FUNCIONÁRIOS DA NESTLE ARAÇACATUBA LTDA,197010,B3S,I,2,Cooperativa de Crédito,,SP,Araçatuba,,,,,I
57687899,202506,COOPERATIVA DE ECONOMIA E CRÉDITO MÚTUO DOS FUNCIONÁRIOS DA NGK - COOPERNGK,198707,B3S,I,2,Cooperativa de Crédito,,SP,Mogi das Cruzes,,,,,I
48150031,202506,COOPERATIVA DE ECONOMIA E CREDITO MÚTUO DOS FUNCIONÁRIOS DA NORTON LTDA,197612,B3S,I,2,Cooperativa de Crédito,,SP,Guarulhos,,,,,I
44581619,202506,COOPERATIVA DE ECONOMIA E CREDITO MÚTUO DOS FUNCIONÁRIOS DA NOVIK,198007,B3S,I,2,Cooperativa de Crédito,,SP,Salto,,,,,I
42281394,202506,COOPERATIVA DE ECONOMIA E CREDITO MUTUO DOS FUNCIONARIOS DA OLIVETTI RIO DE JANEIRO LTDA,197309,B3S,I,2,Cooperativa de Crédito,,RJ,Rio de Janeiro,,,,,I
48172860,202506,COOPERATIVA DE ECONOMIA E CRÉDITO MÚTUO DOS FUNCIONÁRIOS DA OWENS CORNING FIBERGLAS AMÉRICA DO SUL,197607,B3S,I,2,Cooperativa de Crédito,Mútuo PF sem conta corrente,SP,Rio Claro,S5,,,,A
51546778,202506,COOPERATIVA DE ECONOMIA E CREDITO MÚTUO DOS FUNCIONÁRIOS DA PARAMOUNT LANSUL LTDA,180001,B3S,I,2,Cooperativa de Crédito,,SP,São Paulo,,,,,I
14810022,202506,COOPERATIVA DE ECONOMIA E CRÉDITO MÚTUO DOS FUNCIONÁRIOS DA PETROALCOOL S.A.-EQUIPAMENTOS INDUSTRIAIS LTDA,197910,B3S,I,2,Cooperativa de Crédito,,BA,Simões Filho,,,,,I
05119679,202506,COOPERATIVA DE ECONOMIA E CREDITO MUTUO DOS FUNCIONARIOS DA PETROBRAS LTDA,200209,B3S,I,2,Cooperativa de Crédito,,RJ,Rio de Janeiro,,,,,I
52640075,202506,COOPERATIVA DE ECONOMIA E CRÉDITO MÚTUO DOS FUNCIONÁRIOS DA PHARMACIA BRASIL - COOPERPHARMA,197201,B3S,I,2,Cooperativa de Crédito,,SP,São Paulo,,,,,I
28241230,202506,COOPERATIVA DE ECONOMIA E CREDITO MUTUO DOS FUNCIONARIOS DA POLYGRAM LTDA,198401,B3S,I,2,Cooperativa de Crédito,,RJ,Rio de Janeiro,,,,,I
05122895,202506,COOPERATIVA DE ECONOMIA E CREDITO MÚTUO DOS FUNCIONÁRIOS DA PREFEITURA MUNICIPAL DE VALENCA - BA SICOOB-VALENCA,180001,B3S,I,2,Cooperativa de Crédito,,BA,Valença,,,,,I
45661030,202506,"COOPERATIVA DE ECONOMIA E CREDITO MÚTUO DOS FUNCIONÁRIOS DA PROGRESSO METALFRIT, LTDA",198010,B3S,I,2,Cooperativa de Crédito,,SP,São Paulo,,,,,I
68912690,202506,COOPERATIVA DE ECONOMIA E CREDITO MÚTUO DOS FUNCIONÁRIOS DA R.A. ALIMENTACAO,199209,B3S,I,2,Cooperativa de Crédito,,SP,Guarulhos,,,,,I
31785934,202506,COOPERATIVA DE ECONOMIA E CREDITO MUTUO DOS FUNCIONARIOS DA REDE GAZETA LTDA - CREDIGAZETA,198806,B3S,I,2,Cooperativa de Crédito,,ES,Vitória,,,,,I
33315474,202506,COOPERATIVA DE ECONOMIA E CREDITO MUTUO DOS FUNCIONARIOS DA REMINGTON LTDA,196703,B3S,I,2,Cooperativa de Crédito,,RJ,Rio de Janeiro,,,,,I
13581400,202506,COOPERATIVA DE ECONOMIA E CRÉDITO MÚTUO DOS FUNCIONÁRIOS DA RHODIA E UNIRHODIA LTDA,198504,B3S,I,2,Cooperativa de Crédito,,BA,Camaçari,,,,,I
55427140,202506,COOPERATIVA DE ECONOMIA E CRÉDITO MÚTUO DOS FUNCIONÁRIOS DA S.A. INDÚSTRIAS VOTORANTIM-MOAGEM JAGUARE,198608,B3S,I,2,Cooperativa de Crédito,,SP,São Paulo,,,,,I
52119575,202506,COOPERATIVA DE ECONOMIA E CREDITO MÚTUO DOS FUNCIONÁRIOS DA S/A INDÚSTRIAS VOTORANTIM LTDA,198211,B3S,I,2,Cooperativa de Crédito,,SP,São Paulo,,,,,I
44932028,202506,COOPERATIVA DE ECONOMIA E CREDITO MÚTUO DOS FUNCIONÁRIOS DA SAB WABCO DO BRASIL LTDA.,198009,B3S,I,2,Cooperativa de Crédito,,SP,São Paulo,,,,,I
68721273,202506,COOPERATIVA DE ECONOMIA E CREDITO MUTUO DOS FUNCIONARIOS DA SALUTARIS E COLIGADAS LTDA - SALUCRED,199302,B3S,I,2,Cooperativa de Crédito,,RJ,Paraíba do Sul,,,,,I
03165497,202506,COOPERATIVA DE ECONOMIA E CREDITO MUTUO DOS FUNCIONARIOS DA SANEPAR - CREDISANEPAR,199907,B3S,I,2,Cooperativa de Crédito,Mútuo PF com conta corrente,PR,Cascavel,S5,,,,A
39359450,202506,COOPERATIVA DE ECONOMIA E CREDITO MUTUO DOS FUNCIONARIOS DA SANTA CASA DE CASTELO LTDA,199206,B3S,I,2,Cooperativa de Crédito,,ES,Castelo,,,,,I
04746669,202506,COOPERATIVA DE ECONOMIA E CREDITO MUTUO DOS FUNCIONARIOS DA SANTA CASA DE MISERICORDIA DE CUIABA E EMPRESAS DO COMPLEXO - SANCRED,200112,B3S,I,2,Cooperativa de Crédito,,MT,Cuiabá,,,,,I
55896724,202506,COOPERATIVA DE ECONOMIA E CRÉDITO MÚTUO DOS FUNCIONÁRIOS DA SCHRADER INTERNATIONAL BRASIL,198605,B3S,I,2,Cooperativa de Crédito,,SP,Jacareí,,,,,I
33946369,202506,COOPERATIVA DE ECONOMIA E CREDITO MUTUO DOS FUNCIONARIOS DA SEARS GB LTDA,196904,B3S,I,2,Cooperativa de Crédito,,RJ,Rio de Janeiro,,,,,I
03608287,202506,COOPERATIVA DE ECONOMIA E CREDITO MUTUO DOS FUNCIONARIOS DA SECRET. DE ESTADO DE FAZENDA DO ESTADO DO RJ.LTDA,200002,B3S,I,2,Cooperativa de Crédito,,RJ,Rio de Janeiro,,,,,I
16721078,202506,COOPERATIVA DE ECONOMIA E CRÉDITO MÚTUO DOS FUNCIONÁRIOS DA SECRETARIA DE ESTADO DA FAZENDA  DO ESTADO DE MINAS GERAIS E DE LIVRE ADMISSÃO LTDA - SICOOB COOPSEF,198105,B3S,I,2,Cooperativa de Crédito,Atípicas,MG,Belo Horizonte,S5,,,,A
83330803,202506,COOPERATIVA DE ECONOMIA E CRÉDITO MÚTUO DOS FUNCIONÁRIOS DA SECRETARIA DE SAÚDE PÚBLICA DO PARÁ LTDA,199210,B3S,I,2,Cooperativa de Crédito,,PA,Belém,,,,,I
72952138,202506,COOPERATIVA DE ECONOMIA E CRÉDITO MÚTUO DOS FUNCIONÁRIOS DA SELENE,199310,B3S,I,2,Cooperativa de Crédito,Mútuo PF sem conta corrente,SP,Cerquilho,S5,,,,A
09978435,202506,COOPERATIVA DE ECONOMIA E CREDITO MÚTUO DOS FUNCIONÁRIOS DA SEPLAN-SERVICOS DE SEGURANCA LTDA,180001,B3S,I,2,Cooperativa de Crédito,,SP,Campinas,,,,,I
96321245,202506,COOPERATIVA DE ECONOMIA E CRÉDITO MÚTUO DOS FUNCIONÁRIOS DA SIVAT LTDA,199302,B3S,I,2,Cooperativa de Crédito,,SP,Salto,,,,,I
62781158,202506,COOPERATIVA DE ECONOMIA E CRÉDITO MÚTUO DOS FUNCIONÁRIOS DA SPIRAX SARCO IND. E COM.,199009,B3S,I,2,Cooperativa de Crédito,,SP,Cotia,,,,,I
28076826,202506,COOPERATIVA DE ECONOMIA E CREDITO MUTUO DOS FUNCIONARIOS DA SUPERPESA LTDA.,198302,B3S,I,2,Cooperativa de Crédito,,RJ,Rio de Janeiro,,,,,I
60997384,202506,COOPERATIVA DE ECONOMIA E CREDITO MÚTUO DOS FUNCIONÁRIOS DA SUSA S/A LTDA-EM LIQUID. ORDINARIA,196612,B3S,I,2,Cooperativa de Crédito,,SP,São Paulo,,,,,I
52730819,202506,COOPERATIVA DE ECONOMIA E CREDITO MÚTUO DOS FUNCIONÁRIOS DA TECNASA LTDA.,198306,B3S,I,2,Cooperativa de Crédito,,SP,São José dos Campos,,,,,I
71027296,202506,COOPERATIVA DE ECONOMIA E CRÉDITO MÚTUO DOS FUNCIONÁRIOS DA TECOL CONSULTORIA EMPRESARIAL S/C LTDA.,199209,B3S,I,2,Cooperativa de Crédito,,MG,Juiz de Fora,,,,,I
48606214,202506,COOPERATIVA DE ECONOMIA E CREDITO MÚTUO DOS FUNCIONÁRIOS DA TELEMECANIQUE S.A. LTDA,197611,B3S,I,2,Cooperativa de Crédito,,SP,São Paulo,,,,,I
03685226,202506,COOPERATIVA DE ECONOMIA E CRÉDITO MÚTUO DOS FUNCIONÁRIOS DA TESS - COOPERTESS,200005,B3S,I,2,Cooperativa de Crédito,,SP,Campinas,,,,,I
67341487,202506,COOPERATIVA DE ECONOMIA E CRÉDITO MÚTUO DOS FUNCIONÁRIOS DA TETRA PAK,199201,B3S,I,2,Cooperativa de Crédito,Mútuo PF sem conta corrente,SP,Monte Mor,S5,,,,A
57440521,202506,COOPERATIVA DE ECONOMIA E CRÉDITO MÚTUO DOS FUNCIONÁRIOS DA TICKET SERVIÇOS COMÉRCIO E ADMINISTRAÇÃO,197002,B3S,I,2,Cooperativa de Crédito,Atípicas,SP,São Paulo,S5,,,,A
62158035,202506,COOPERATIVA DE ECONOMIA E CRÉDITO MÚTUO DOS FUNCIONÁRIOS DA USINA MOEMA AÇÚCAR E ÀLCOOL LTDA,198907,B3S,I,2,Cooperativa de Crédito,,SP,Orindiúva,,,,,I
01107759,202506,COOPERATIVA DE ECONOMIA E CRÉDITO MÚTUO DOS FUNCIONÁRIOS DA USINA SANTA MARIA - PILONCRED,199604,B3S,I,2,Cooperativa de Crédito,Atípicas,SP,Cerquilho,S5,,,,A
02346466,202506,COOPERATIVA DE ECONOMIA E CRÉDITO MÚTUO DOS FUNCIONÁRIOS DA USINA SÃO CARLOS,199801,B3S,I,2,Cooperativa de Crédito,,SP,Jaboticabal,,,,,I
46132783,202506,COOPERATIVA DE ECONOMIA E CRÉDITO MÚTUO DOS FUNCIONÁRIOS DA VAN LEER,197402,B3S,I,2,Cooperativa de Crédito,,SP,São Paulo,,,,,I
51920502,202506,COOPERATIVA DE ECONOMIA E CRÉDITO MÚTUO DOS FUNCIONÁRIOS DA VB TRANSPORTES E TURISMO,196806,B3S,I,2,Cooperativa de Crédito,,SP,Campinas,,,,,I
02192115,202506,COOPERATIVA DE ECONOMIA E CREDITO MUTUO DOS FUNCIONARIOS DA VIACAO NOSSA SENHORA DO AMPARO LTDA. - COPERFAMP,199709,B3S,I,2,Cooperativa de Crédito,Mútuo PF sem conta corrente,RJ,Maricá,S5,,,,A
53846242,202506,COOPERATIVA DE ECONOMIA E CRÉDITO MÚTUO DOS FUNCIONÁRIOS DA VILLARES METALS,198407,B3S,I,2,Cooperativa de Crédito,Mútuo PF sem conta corrente,SP,Sumaré,S5,,,,A
74228115,202506,COOPERATIVA DE ECONOMIA E CREDITO MÚTUO DOS FUNCIONÁRIOS DA VULCABRAS LTDA,199311,B3S,I,2,Cooperativa de Crédito,,SP,Jundiaí,,,,,I
47855499,202506,COOPERATIVA DE ECONOMIA E CREDITO MÚTUO DOS FUNCIONÁRIOS DA WABCO FREIOS,198105,B3S,I,2,Cooperativa de Crédito,,SP,Sumaré,,,,,I
48078067,202506,COOPERATIVA DE ECONOMIA E CREDITO MÚTUO DOS FUNCIONÁRIOS DA WANG GLOBAL LTDA.,197608,B3S,I,2,Cooperativa de Crédito,,SP,São Paulo,,,,,I
17543141,202506,COOPERATIVA DE ECONOMIA E CRÉDITO MÚTUO DOS FUNCIONÁRIOS DAS EMPRESAS BOA VISTA LTDA,198212,B3S,I,2,Cooperativa de Crédito,,MG,Três Pontas,,,,,I
02541707,202506,COOPERATIVA DE ECONOMIA E CRÉDITO MÚTUO DOS FUNCIONÁRIOS DAS EMPRESAS DE CERÂMICA - COOPASPACER,199806,B3S,I,2,Cooperativa de Crédito,Mútuo PF sem conta corrente,SP,Santa Gertrudes,S5,,,,A
02577030,202506,COOPERATIVA DE ECONOMIA E CREDITO MUTUO DOS FUNCIONARIOS DAS EMPRESAS DE CONSTRUCAO CIVIL DA GRANDE VITORIA-ESTADO DO ESPIRITO SANTO - CREDICON,199805,B3S,I,2,Cooperativa de Crédito,,ES,Vitória,,,,,I
52301496,202506,COOPERATIVA DE ECONOMIA E CRÉDITO MÚTUO DOS FUNCIONÁRIOS DAS EMPRESAS DE ENERGIA ELÉTRICA DO ESTADO DE SÃO PAULO - COOPENERG,198212,B3S,I,2,Cooperativa de Crédito,,SP,São Paulo,S5,,,,I
91018408,202506,COOPERATIVA DE ECONOMIA E CRÉDITO MÚTUO DOS FUNCIONÁRIOS DAS EMPRESAS DO GRUPO DANA - COOPDANA,196810,B3S,I,2,Cooperativa de Crédito,Mútuo PF sem conta corrente,RS,Gravataí,S5,,,,A
43446335,202506,COOPERATIVA DE ECONOMIA E CRÉDITO MÚTUO DOS FUNCIONÁRIOS DAS EMPRESAS ITAÚ,197206,B3S,I,2,Cooperativa de Crédito,Atípicas,MG,Itaú de Minas,S5,,,,A
14882179,202506,COOPERATIVA DE ECONOMIA E CREDITO MUTUO DOS FUNCIONARIOS DAS EMPRESAS ITAU EM CORUMBA LTDA,198302,B3S,I,2,Cooperativa de Crédito,,MS,Corumbá,,,,,I
17178930,202506,COOPERATIVA DE ECONOMIA E CRÉDITO MÚTUO DOS FUNCIONÁRIOS DAS EMPRESAS ITAÚ EM SÃO JOSE DA LAPA ESTADO DE MINAS GERAIS LTDA,198111,B3S,I,2,Cooperativa de Crédito,,MG,São José da Lapa,,,,,I
17947045,202506,COOPERATIVA DE ECONOMIA E CRÉDITO MÚTUO DOS FUNCIONÁRIOS DAS EMPRESAS ITAÚ-ITAÚ DE MINAS LTDA,197206,B3S,I,2,Cooperativa de Crédito,,MG,Itaú de Minas,,,,,I
57703613,202506,COOPERATIVA DE ECONOMIA E CREDITO MÚTUO DOS FUNCIONÁRIOS DAS EMPRESAS LIX DA CUNHA,198707,B3S,I,2,Cooperativa de Crédito,,SP,Campinas,,,,,I
01504952,202506,COOPERATIVA DE ECONOMIA E CRÉDITO MÚTUO DOS FUNCIONÁRIOS DAS EMPRESAS MELHORAMENTOS DE SÃO PAULO - COOPERMEL,199610,B3S,I,2,Cooperativa de Crédito,Mútuo PF sem conta corrente,SP,São Paulo,S5,,,,A
60200243,202506,COOPERATIVA DE ECONOMIA E CREDITO MÚTUO DOS FUNCIONÁRIOS DAS EMPRESAS RHODIA STER LTDA.,196801,B3S,I,2,Cooperativa de Crédito,,SP,São José dos Campos,,,,,I
44689081,202506,"COOPERATIVA DE ECONOMIA E CREDITO MÚTUO DOS FUNCIONÁRIOS DAS INDUSTRIAS NARDINI, LTDA",198011,B3S,I,2,Cooperativa de Crédito,,SP,Americana,,,,,I
18685594,202506,COOPERATIVA DE ECONOMIA E CRÉDITO MÚTUO DOS FUNCIONÁRIOS DAS ORGANIZAÇÕES RITZ LTDA.,197502,B3S,I,2,Cooperativa de Crédito,,MG,Betim,,,,,I
33668229,202506,COOPERATIVA DE ECONOMIA E CRÉDITO MÚTUO DOS FUNCIONÁRIOS DE ACHÉ MEDICAMENTOS LTDA,196709,B3S,I,2,Cooperativa de Crédito,,RJ,Rio de Janeiro,,,,,I
62278809,202506,COOPERATIVA DE ECONOMIA E CRÉDITO MÚTUO DOS FUNCIONÁRIOS DE BRINQUEDOS BANDEIRANTE,196810,B3S,I,2,Cooperativa de Crédito,,SP,Ferraz de Vasconcelos,,,,,I
49521339,202506,COOPERATIVA DE ECONOMIA E CREDITO MÚTUO DOS FUNCIONÁRIOS DE EQUIPAMENTOS VILLARES LTDA,197709,B3S,I,2,Cooperativa de Crédito,,SP,São Paulo,,,,,I
02869663,202506,COOPERATIVA DE ECONOMIA E CRÉDITO MUTUO DOS FUNCIONÁRIOS DE INSTITUIÇÕES FINANCEIRAS PUBLICAS E PRIVADAS NO TERRITÓRIO NACIONAL - CREDBRASIL,199811,B3S,I,2,Cooperativa de Crédito,Atípicas,ES,Vitória,S5,,,,A
45214947,202506,COOPERATIVA DE ECONOMIA E CRÉDITO MÚTUO DOS FUNCIONÁRIOS DE PARKER HANNIFIN,197206,B3S,I,2,Cooperativa de Crédito,,SP,Jacareí,S5,,,,I
42123000,202506,"COOPERATIVA DE ECONOMIA E CREDITO MUTUO DOS FUNCIONARIOS DE PRODUTOS ROCHE QUIMICOS E FARMACEUTICOS S.A., LTDA",197305,B3S,I,2,Cooperativa de Crédito,,RJ,Rio de Janeiro,S5,,,,I
52218849,202506,COOPERATIVA DE ECONOMIA E CRÉDITO MÚTUO DOS FUNCIONÁRIOS DE ZANETTINI BAROSSI,198302,B3S,I,2,Cooperativa de Crédito,,SP,São Paulo,S5,,,,I
52046299,202506,COOPERATIVA DE ECONOMIA E CRÉDITO MÚTUO DOS FUNCIONÁRIOS DO ATACADÃO,198211,B3S,I,2,Cooperativa de Crédito,Mútuo PF sem conta corrente,SP,São Paulo,S5,,,,A
74562208,202506,COOPERATIVA DE ECONOMIA E CRÉDITO MÚTUO DOS FUNCIONÁRIOS DO BANCO DO BRASIL DE PRESIDENTE PRUDENTE E REGIÃO LTDA.,199402,B3S,I,2,Cooperativa de Crédito,,SP,Presidente Prudente,,,,,I
42866129,202506,COOPERATIVA DE ECONOMIA E CRÉDITO MÚTUO DOS FUNCIONÁRIOS DO BANCO DO BRASIL E DO BANCO CENTRAL DO BRASIL LTDA,180001,B3S,I,2,Cooperativa de Crédito,,MG,Belo Horizonte,,,,,I
03219207,202506,COOPERATIVA DE ECONOMIA E CRÉDITO MÚTUO DOS FUNCIONÁRIOS DO BANESPA DE BOTUCATU E CIDADES LIMÍTROFES,199904,B3S,I,2,Cooperativa de Crédito,Mútuo PF sem conta corrente,SP,Botucatu,S5,,,,A
66387655,202506,COOPERATIVA DE ECONOMIA E CRÉDITO MÚTUO DOS FUNCIONÁRIOS DO CLUBE DE DIRETORES LOJISTAS DE UBERLÂNDIA LTDA,199104,B3S,I,2,Cooperativa de Crédito,,MG,Uberlândia,,,,,I
02412501,202506,COOPERATIVA DE ECONOMIA E CRÉDITO MÚTUO DOS FUNCIONÁRIOS DO CONSÓRCIO TRÓLEBUS ARICANDUVA,199804,B3S,I,2,Cooperativa de Crédito,,SP,São Paulo,,,,,I
01551820,202506,COOPERATIVA DE ECONOMIA E CREDITO MUTUO DOS FUNCIONARIOS DO EXPRESSO PRINCESA DOS CAMPOS,199701,B3S,I,2,Cooperativa de Crédito,Mútuo PF sem conta corrente,PR,Ponta Grossa,S5,,,,A
71965313,202506,COOPERATIVA DE ECONOMIA E CRÉDITO MÚTUO DOS FUNCIONÁRIOS DO FLEURY,199303,B3S,I,2,Cooperativa de Crédito,Mútuo PF sem conta corrente,SP,São Paulo,S5,,,,A
43268960,202506,COOPERATIVA DE ECONOMIA E CRÉDITO MÚTUO DOS FUNCIONÁRIOS DO GRUPO AVIBRAS - COOPER AVIBRAS,198004,B3S,I,2,Cooperativa de Crédito,Mútuo com relevância em PJ,SP,Jacareí,S5,,,,A
61538294,202506,COOPERATIVA DE ECONOMIA E CREDITO MÚTUO DOS FUNCIONÁRIOS DO GRUPO CARPAS LTDA,198903,B3S,I,2,Cooperativa de Crédito,,SP,São Roque,,,,,I
42215327,202506,COOPERATIVA DE ECONOMIA E CREDITO MUTUO DOS FUNCIONARIOS DO GRUPO CISPER LTDA,197111,B3S,I,2,Cooperativa de Crédito,,RJ,Rio de Janeiro,,,,,I
52137098,202506,COOPERATIVA DE ECONOMIA E CREDITO MÚTUO DOS FUNCIONÁRIOS DO GRUPO CITROSUCO LTDA,180001,B3S,I,2,Cooperativa de Crédito,,SP,Matão,,,,,I
49231780,202506,COOPERATIVA DE ECONOMIA E CREDITO MÚTUO DOS FUNCIONÁRIOS DO GRUPO COML.DIEDERICHSEN-STA EMILIA LTDA.,197803,B3S,I,2,Cooperativa de Crédito,,SP,Ribeirão Preto,,,,,I
47196084,202506,COOPERATIVA DE ECONOMIA E CRÉDITO MÚTUO DOS FUNCIONÁRIOS DO GRUPO COMOLATTI - SÃO PAULO,197511,B3S,I,2,Cooperativa de Crédito,Mútuo PF sem conta corrente,SP,São Paulo,S5,,,,A
01499278,202506,COOPERATIVA DE ECONOMIA E CRÉDITO MÚTUO DOS FUNCIONÁRIOS DO GRUPO GARDÊNIA LTDA. - COOPERGARDÊNIA,199611,B3S,I,2,Cooperativa de Crédito,,MG,Pouso Alegre,S5,,,,I
01636480,202506,COOPERATIVA DE ECONOMIA E CRÉDITO MÚTUO DOS FUNCIONÁRIOS DO GRUPO GELRE,199612,B3S,I,2,Cooperativa de Crédito,,SP,São Paulo,,,,,I
88952130,202506,COOPERATIVA DE ECONOMIA E CRÉDITO MÚTUO DOS FUNCIONÁRIOS DO GRUPO GERDAU - AÇOS FINOS PIRATINI,197606,B3S,I,2,Cooperativa de Crédito,Mútuo PF sem conta corrente,RS,Charqueadas,S5,,,,A
02786691,202506,COOPERATIVA DE ECONOMIA E CREDITO MUTUO DOS FUNCIONARIOS DO GRUPO HELIO ALONSO-COOPERHA-LTDA,199810,B3S,I,2,Cooperativa de Crédito,,RJ,Rio de Janeiro,S5,,,,I
62627526,202506,COOPERATIVA DE ECONOMIA E CREDITO MÚTUO DOS FUNCIONÁRIOS DO GRUPO HOME-SÃO PAULO LTDA,197011,B3S,I,2,Cooperativa de Crédito,,SP,São Paulo,,,,,I
17058587,202506,COOPERATIVA DE ECONOMIA E CRÉDITO MÚTUO DOS FUNCIONÁRIOS DO GRUPO INDUSTRIAL ITAÚ EM CONTAGEM LTDA,197208,B3S,I,2,Cooperativa de Crédito,,MG,Contagem,,,,,I
05548335,202506,COOPERATIVA DE ECONOMIA E CRÉDITO MÚTUO DOS FUNCIONÁRIOS DO GRUPO JAL LTDA.,200304,B3S,I,2,Cooperativa de Crédito,Atípicas,RJ,São João de Meriti,S5,,,,A
44905255,202506,COOPERATIVA DE ECONOMIA E CRÉDITO MÚTUO DOS FUNCIONÁRIOS DO GRUPO LORENZETTI,198008,B3S,I,2,Cooperativa de Crédito,Atípicas,SP,São Paulo,S5,,,,A
09978197,202506,COOPERATIVA DE ECONOMIA E CREDITO MÚTUO DOS FUNCIONÁRIOS DO GRUPO MADEIRENSE LTDA,180001,B3S,I,2,Cooperativa de Crédito,,MG,Belo Horizonte,,,,,I
05048575,202506,COOPERATIVA DE ECONOMIA E CRÉDITO MÚTUO DOS FUNCIONÁRIOS DO GRUPO MAUÁ E EMPRESAS COLIGADAS LTDA. - COOPMAUÁ,200206,B3S,I,2,Cooperativa de Crédito,Atípicas,RJ,São Gonçalo,S5,,,,A
74256983,202506,COOPERATIVA DE ECONOMIA E CRÉDITO MÚTUO DOS FUNCIONÁRIOS DO GRUPO MONTECITRUS,199310,B3S,I,2,Cooperativa de Crédito,,SP,Monte Azul Paulista,,,,,I
49928740,202506,COOPERATIVA DE ECONOMIA E CREDITO MÚTUO DOS FUNCIONÁRIOS DO GRUPO NIELSEN LTDA.,197803,B3S,I,2,Cooperativa de Crédito,,SP,Cotia,,,,,I
96609102,202506,COOPERATIVA DE ECONOMIA E CRÉDITO MÚTUO DOS FUNCIONÁRIOS DO GRUPO NOVA CELISA - CREDCOSAN,199304,B3S,I,2,Cooperativa de Crédito,,SP,Piracicaba,,,,,I
43182278,202506,COOPERATIVA DE ECONOMIA E CRÉDITO MÚTUO DOS FUNCIONÁRIOS DO GRUPO OWENS-ILLINOIS DO BRASIL,197109,B3S,I,2,Cooperativa de Crédito,Mútuo PF sem conta corrente,SP,São Paulo,S5,,,,A
14437875,202506,COOPERATIVA DE ECONOMIA E CRÉDITO MÚTUO DOS FUNCIONÁRIOS DO GRUPO PAES MENDONÇA LTDA - COPAME,197803,B3S,I,2,Cooperativa de Crédito,,BA,Salvador,,,,,I
87187167,202506,COOPERATIVA DE ECONOMIA E CREDITO MUTUO DOS FUNCIONARIOS DO GRUPO PANVEL LTDA,197311,B3S,I,2,Cooperativa de Crédito,,RS,Porto Alegre,,,,,I
02931166,202506,COOPERATIVA DE ECONOMIA E CREDITO MUTUO DOS FUNCIONARIOS DO GRUPO PROGRESSO LTDA - PROCRED,199903,B3S,I,2,Cooperativa de Crédito,,RJ,Três Rios,S5,,,,I
01620670,202506,COOPERATIVA DE ECONOMIA E CRÉDITO MÚTUO DOS FUNCIONÁRIOS DO GRUPO QUÍMICA CATAGUASES LTDA.,199704,B3S,I,2,Cooperativa de Crédito,,MG,Cataguases,,,,,I
48928543,202506,COOPERATIVA DE ECONOMIA E CREDITO MÚTUO DOS FUNCIONÁRIOS DO GRUPO SPAM WOLFF LTDA,197707,B3S,I,2,Cooperativa de Crédito,,SP,São Paulo,,,,,I
00548980,202506,COOPERATIVA DE ECONOMIA E CRÉDITO MÚTUO DOS FUNCIONÁRIOS DO GRUPO SUGGAR LTDA.,199504,B3S,I,2,Cooperativa de Crédito,Mútuo PF sem conta corrente,MG,Belo Horizonte,S5,,,,A
43996727,202506,COOPERATIVA DE ECONOMIA E CREDITO MÚTUO DOS FUNCIONÁRIOS DO GRUPO VISÃO LTDA,197310,B3S,I,2,Cooperativa de Crédito,,SP,São Paulo,,,,,I
89523518,202506,COOPERATIVA DE ECONOMIA E CRÉDITO MÚTUO DOS FUNCIONÁRIOS DO GRUPO VONPAR,197809,B3S,I,2,Cooperativa de Crédito,,RS,Porto Alegre,,,,,I
75174953,202506,COOPERATIVA DE ECONOMIA E CRÉDITO MÚTUO DOS FUNCIONÁRIOS DO GRUPO VOTORANTIM LIMITADA.,197210,B3S,I,2,Cooperativa de Crédito,Mútuo PF sem conta corrente,PR,Rio Branco do Sul,S5,,,,A
63889638,202506,COOPERATIVA DE ECONOMIA E CRÉDITO MÚTUO DOS FUNCIONÁRIOS DO HOSPITAL DOS SERVIDORES DO ESTADO DO PARÁ LTDA,199303,B3S,I,2,Cooperativa de Crédito,,PA,Belém,,,,,I
46095998,202506,COOPERATIVA DE ECONOMIA E CREDITO MÚTUO DOS FUNCIONÁRIOS DO HOSPITAL E MATERNIDADE SANTO ANTONIO LTDA,196905,B3S,I,2,Cooperativa de Crédito,,SP,Campinas,,,,,I
03264831,202506,COOPERATIVA DE ECONOMIA E CREDITO MUTUO DOS FUNCIONARIOS DO HOSPITAL EVANGELICO DE CACHOEIRO DE ITAPEMIRIM - CREDHECI,199907,B3S,I,2,Cooperativa de Crédito,,ES,Cachoeiro de Itapemirim,,,,,I
71763072,202506,COOPERATIVA DE ECONOMIA E CREDITO MÚTUO DOS FUNCIONÁRIOS DO HOSPITAL SANTO ANTONIO E DEPARTAMENTO DE FORCA E LUZ LTDA,199307,B3S,I,2,Cooperativa de Crédito,,SP,Votorantim,,,,,I
44588366,202506,COOPERATIVA DE ECONOMIA E CRÉDITO MÚTUO DOS FUNCIONÁRIOS DO HOSPITAL VERA CRUZ E VERA CRUZ ASSOCIAÇÃO DE SAÚDE,197102,B3S,I,2,Cooperativa de Crédito,,SP,Campinas,S5,,,,I
07651495,202506,COOPERATIVA DE ECONOMIA E CRÉDITO MÚTUO DOS FUNCIONÁRIOS DO PODER JUDICIÁRIO E SERVIDORES PÚBLICOS DO ESTADO DE SÃO PAULO - SPCRED,200602,B3S,I,2,Cooperativa de Crédito,Mútuo PF sem conta corrente,SP,São Paulo,S5,,,,A
02312896,202506,COOPERATIVA DE ECONOMIA E CRÉDITO MÚTUO DOS FUNCIONÁRIOS DO RÁPIDO LUXO CAMPINAS,199801,B3S,I,2,Cooperativa de Crédito,,SP,Valinhos,,,,,I
09978227,202506,COOPERATIVA DE ECONOMIA E CREDITO MÚTUO DOS FUNCIONÁRIOS DO RAPIDO LUXO CAMPINAS LTDA.,180001,B3S,I,2,Cooperativa de Crédito,,SP,Valinhos,,,,,I
30299416,202506,COOPERATIVA DE ECONOMIA E CREDITO MUTUO DOS FUNCIONARIOS DO RIO-SHERATON HOTEL LTDA,197909,B3S,I,2,Cooperativa de Crédito,,RJ,Rio de Janeiro,,,,,I
17468620,202506,COOPERATIVA DE ECONOMIA E CRÉDITO MÚTUO DOS FUNCIONÁRIOS DO SENAC-MG LTDA,197006,B3S,I,2,Cooperativa de Crédito,,MG,Belo Horizonte,,,,,I
04426939,202506,COOPERATIVA DE ECONOMIA E CRÉDITO MÚTUO DOS FUNCIONÁRIOS DO SISTEMA ESTADUAL DA AGRICULTURA DO ESTADO DE SANTA CATARINA NA GRANDE FLORIANÓPOLIS - SICOOB   CREDIAGRO/SC,200110,B3S,I,2,Cooperativa de Crédito,,SC,Florianópolis,,,,,I
08078179,202506,COOPERATIVA DE ECONOMIA E CRÉDITO MÚTUO DOS FUNCIONÁRIOS DO SISTEMA FACULDADE DE MEDICINA - HOSPITAL DAS CLÍNICAS DE SÃO PAULO - COOPMED,200603,B3S,I,2,Cooperativa de Crédito,,SP,São Paulo,,,,,I
87956355,202506,"COOPERATIVA DE ECONOMIA E CRÉDITO MÚTUO DOS FUNCIONÁRIOS DOS CORREIOS NOS ESTADOS DO RIO GRANDE DO SUL, SANTA CATARINA E PARANÁ - CREDCORREIOS",197411,B3S,I,2,Cooperativa de Crédito,,RS,Porto Alegre,S5,,,,I
03791055,202506,COOPERATIVA DE ECONOMIA E CREDITO MUTUO DOS FUNCIONÁRIOS DOS ESTABELECIMENTOS DE ENSINO PARTICULARES DE CUIABA E REGIÃO E DA SANTA CASA DE MISERICORDIA DE CUIABÁ E EMPRESAS DO COMPLEXO SICOOB COOPECMT,200007,B3S,I,2,Cooperativa de Crédito,,MT,Cuiabá,,,,,I
01754358,202506,"COOPERATIVA DE ECONOMIA E CRÉDITO MÚTUO DOS FUNCIONÁRIOS DOS SISTEMAS FIEMT, FECOMÉRCIO, FAMATO E FETRAMAR - SICOOB COOPERSISTEM",199704,B3S,I,2,Cooperativa de Crédito,,MT,Cuiabá,,,,,I
18840025,202506,COOPERATIVA DE ECONOMIA E CRÉDITO MÚTUO DOS FUNCIONÁRIOS E APOSENTADOS DA BENEFICÊNCIA DA PREFEITURA MUNICIPAL DE BELO HORIZONTE LTDA,198309,B3S,I,2,Cooperativa de Crédito,,MG,Belo Horizonte,,,,,I
02115870,202506,COOPERATIVA DE ECONOMIA E CRÉDITO MÚTUO DOS FUNCIONÁRIOS PÚBLICOS MUNICIPAIS DE ITAPIRA - CREDITA,199710,B3S,I,2,Cooperativa de Crédito,Mútuo PF sem conta corrente,SP,Itapira,S5,,,,A
53086237,202506,COOPERATIVA DE ECONOMIA E CREDITO MÚTUO DOS FUNCIONÁRIOS PÚBLICOS MUNICIPAIS DE RIBEIRÃO PIRES,198311,B3S,I,2,Cooperativa de Crédito,,SP,Ribeirão Pires,,,,,I
03921828,202506,COOPERATIVA DE ECONOMIA E CRÉDITO MÚTUO DOS GRÁFICOS DA REGIÃO METROPOLITANA DE BELO HORIZONTE LIMITADA,200010,B3S,I,2,Cooperativa de Crédito,,MG,Belo Horizonte,,,,,I
02747661,202506,COOPERATIVA DE ECONOMIA E CRÉDITO MÚTUO DOS INDUSTRIAIS DO SETOR METAL MECÂNICO DO VALE DO AÇO LTDA - COOPERAÇO,199809,B3S,I,2,Cooperativa de Crédito,,MG,Ipatinga,,,,,I
41661984,202506,"COOPERATIVA DE ECONOMIA E CRÉDITO MÚTUO DOS INTEGRANTES DAS CARREIRAS DE AUDITORIA FISCAL DA RECEITA FEDERAL DO BRASIL, SERVIDORES E FUNCIONÁRIOS DO MIN. DA FAZENDA EM MINAS GERAIS LTDA. - CREDIFISCO",199110,B3S,I,2,Cooperativa de Crédito,,MG,Belo Horizonte,,,,,I
02320791,202506,COOPERATIVA DE ECONOMIA E CRÉDITO MÚTUO DOS INTEGRANTES DAS CARREIRAS JURÍDICAS DO ESTADO DE MATO GROSSO DO SUL - SICREDI JURÍDICA/MS,199711,B3S,I,2,Cooperativa de Crédito,,MS,Campo Grande,,,,,I
04694278,202506,COOPERATIVA DE ECONOMIA E CRÉDITO MÚTUO DOS INTEGRANTES DO MINISTÉRIO PÚBLICO E DA DEFENSORIA PÚBLICA NO ESTADO DO RIO DE JANEIRO LIMITADA. - SICOOB COMPERJ,200112,B3S,I,2,Cooperativa de Crédito,Mútuo com relevância em PJ,RJ,Rio de Janeiro,S5,,,,A
04363224,202506,"COOPERATIVA DE ECONOMIA E CRÉDITO MÚTUO DOS INTEGRANTES DO MINISTÉRIO PÚBLICO, DEFENSORIA PÚBLICA E PROCURADORIA GERAL DO ESTADO DE MATO GROSSO - SICREDI MP/MT",200105,B3S,I,2,Cooperativa de Crédito,,MT,Cuiabá,,,,,I
04892098,202506,"COOPERATIVA DE ECONOMIA E CRÉDITO MÚTUO DOS INTEGRANTES DO MINISTÉRIO PÚBLICO, PODER JUDICIÁRIO, DEFENSORIA PÚBLICA E POLÍCIA CIVIL NO ESTADO DA BAHIA - SICOOB COOMPEB",200204,B3S,I,2,Cooperativa de Crédito,,BA,Salvador,,,,,I
04780760,202506,COOPERATIVA DE ECONOMIA E CRÉDITO MÚTUO DOS INTEGRANTES DO PODER JUDICIÁRIO DO ESTADO DE MINAS GERAIS  LTDA - COOPERMAGIS,200201,B3S,I,2,Cooperativa de Crédito,,MG,Belo Horizonte,,,,,I
05600427,202506,COOPERATIVA DE ECONOMIA E CRÉDITO MÚTUO DOS LOJISTAS DO VESTUÁRIO EM GERAL DO MUNICÍPIO DO RIO DE JANEIRO LTDA.,200306,B3S,I,2,Cooperativa de Crédito,,RJ,Rio de Janeiro,,,,,I
09816802,202506,COOPERATIVA DE ECONOMIA E CRÉDITO MÚTUO DOS LOTÉRICOS DO ESTADO DE MINAS GERAIS,180001,B3S,I,2,Cooperativa de Crédito,,MG,Belo Horizonte,,,,,I
51489318,202506,COOPERATIVA DE ECONOMIA E CRÉDITO MÚTUO DOS MAGISTRADOS DE SÃO PAULO - MAGISCRED,198206,B3S,I,2,Cooperativa de Crédito,Atípicas,SP,São Paulo,S5,,,,A
73790354,202506,COOPERATIVA DE ECONOMIA E CRÉDITO MUTUO DOS MECÃNICOS DE XANXERE LTDA,199402,B3S,I,2,Cooperativa de Crédito,,SC,Joaçaba,,,,,I
04628924,202506,COOPERATIVA DE ECONOMIA E CRÉDITO MÚTUO DOS MECANICOS DO DISTRITO FEDERAL LTDA.,200107,B3S,I,2,Cooperativa de Crédito,,DF,Brasília,,,,,I
01077901,202506,COOPERATIVA DE ECONOMIA E CRÉDITO MÚTUO DOS MÉDICOS  E DEMAIS PROFISSIONAIS DA ÁREA DA SAÚDE DO VALE DO CAÍ LTDA,199604,B3S,I,2,Cooperativa de Crédito,,RS,Montenegro,,,,,I
02159014,202506,COOPERATIVA DE ECONOMIA E CRÉDITO MÚTUO DOS MÉDICOS DE JABOTICABAL - COPERMED JABOTICABAL,199712,B3S,I,2,Cooperativa de Crédito,,SP,Jaboticabal,S5,,,,I
94433109,202506,COOPERATIVA DE ECONOMIA E CREDITO MUTUO DOS MEDICOS DE PORTO ALEGRE LTDA-UNICRED PORTO ALEGRE,199401,B3S,I,2,Cooperativa de Crédito,Mútuo com relevância em PJ,RS,Porto Alegre,S5,,,,A
01635462,202506,COOPERATIVA DE ECONOMIA E CRÉDITO MÚTUO DOS MÉDICOS DOS VALES DO TAQUARI E RIO PARDO E REGIÃO DA PRODUÇÃO LTDA. - UNICRED PREMIUM,199703,B3S,I,2,Cooperativa de Crédito,Mútuo com relevância em PJ,RS,Lajeado,S5,,,,A
01806569,202506,COOPERATIVA DE ECONOMIA E CRÉDITO MÚTUO DOS MÉDICOS E  DEMAIS PROFISSIONAIS DA SAÚDE DE IPATINGA LTDA,199705,B3S,I,2,Cooperativa de Crédito,,MG,Ipatinga,,,,,I
02582212,202506,COOPERATIVA DE ECONOMIA E CRÉDITO MÚTUO DOS MÉDICOS E  DEMAIS PROFISSIONAIS DA SAÚDE DE PATOS DE MINAS LTDA,199809,B3S,I,2,Cooperativa de Crédito,,MG,Patos de Minas,,,,,I
05309949,202506,COOPERATIVA DE ECONOMIA E CRÉDITO MÚTUO DOS MÉDICOS E  DEMAIS PROFISSIONAIS DE NÍVEL SUPERIOR DA SAÚDE DE PIRACICABA,200110,B3S,I,2,Cooperativa de Crédito,,SP,Piracicaba,,,,,I
01090027,202506,COOPERATIVA DE ECONOMIA E CRÉDITO MÚTUO DOS MÉDICOS E CATEGORIAS AFINS - UNICRED MÚLTIPLO VALOR LTDA.,199603,B3S,I,2,Cooperativa de Crédito,Mútuo com relevância em PJ,RJ,Niterói,S5,,,,I
02904362,202506,COOPERATIVA DE ECONOMIA E CRÉDITO MÚTUO DOS MÉDICOS E DEMAIS  PROFISSIONAIS DE SAÚDE DO EXTREMO SUL DA BAHIA - UNICRED EXTREMO SUL DA  BAHIA,199902,B3S,I,2,Cooperativa de Crédito,,BA,Eunápolis,,,,,I
02240143,202506,COOPERATIVA DE ECONOMIA E CREDITO MUTUO DOS MEDICOS E DEMAIS PROFISSIONAIS DA  SAUDE DE CACHOEIRA DO SUL LTDA,199801,B3S,I,2,Cooperativa de Crédito,,RS,Cachoeira do Sul,,,,,I
02140636,202506,COOPERATIVA DE ECONOMIA E CRÉDITO MÚTUO DOS MÉDICOS E DEMAIS PROFISSIONAIS DA ÁREA DA SAÚDE DA REGIÃO DE  BRAGANTINA,199711,B3S,I,2,Cooperativa de Crédito,,SP,Bragança Paulista,,,,,I
96622048,202506,COOPERATIVA DE ECONOMIA E CRÉDITO MÚTUO DOS MÉDICOS E DEMAIS PROFISSIONAIS DA ÁREA DE SAÚDE DE CAÇAPAVA,199306,B3S,I,2,Cooperativa de Crédito,,SP,Caçapava,,,,,I
71479653,202506,COOPERATIVA DE ECONOMIA E CRÉDITO MÚTUO DOS MÉDICOS E DEMAIS PROFISSIONAIS DA ÁREA DE SAÚDE DE NÍVEL SUPERIOR DE JUIZ DE FORA LTDA. - UNICRED CAMINHO NOVO,199403,B3S,I,2,Cooperativa de Crédito,,MG,Juiz de Fora,S5,,,,I
01605007,202506,COOPERATIVA DE ECONOMIA E CREDITO MUTUO DOS MEDICOS E DEMAIS PROFISSIONAIS DA AREA DE SAUDE DE SAO LOURENCO E REGIAO LTDA - UNICRED CIRCUITO DAS AGUAS,199702,B3S,I,2,Cooperativa de Crédito,,MG,São Lourenço,,,,,I
04724403,202506,COOPERATIVA DE ECONOMIA E CREDITO MUTUO DOS MEDICOS E DEMAIS PROFISSIONAIS DA SAUDE DA FRONTEIRA OESTE LTDA,200110,B3S,I,2,Cooperativa de Crédito,,RS,Uruguaiana,,,,,I
71988653,202506,COOPERATIVA DE ECONOMIA E CRÉDITO MÚTUO DOS MÉDICOS E DEMAIS PROFISSIONAIS DA SAÚDE DA REGIÃO CENTRO PAULISTA - SICOOB UNIMAIS CENTRO PAULISTA,199311,B3S,I,2,Cooperativa de Crédito,,SP,São Carlos,,,,,I
01151839,202506,COOPERATIVA DE ECONOMIA E CREDITO MUTUO DOS MEDICOS E DEMAIS PROFISSIONAIS DA SAUDE DA REGIÃO DA PRODUCAO LTDA- UNICRED REGIÃO DA PRODUÇÃO,199605,B3S,I,2,Cooperativa de Crédito,,RS,Carazinho,,,,,I
02463485,202506,COOPERATIVA DE ECONOMIA E CREDITO MUTUO DOS MEDICOS E DEMAIS PROFISSIONAIS DA SAUDE DE BAGE LTDA,199805,B3S,I,2,Cooperativa de Crédito,,RS,Bagé,,,,,I
02853045,202506,COOPERATIVA DE ECONOMIA E CREDITO MUTUO DOS MEDICOS E DEMAIS PROFISSIONAIS DA SAUDE DE JOACABA,199806,B3S,I,2,Cooperativa de Crédito,Atípicas,SC,Joaçaba,S5,,,,A
72052004,202506,COOPERATIVA DE ECONOMIA E CRÉDITO MÚTUO DOS MÉDICOS E DEMAIS PROFISSIONAIS DA SAÚDE DE NÍVEL SUPERIOR DE PETRÓPOLIS LTDA. - UNICRED PETRÓPOLIS.,199306,B3S,I,2,Cooperativa de Crédito,,RJ,Petrópolis,,,,,I
01602677,202506,COOPERATIVA DE ECONOMIA E CRÉDITO MÚTUO DOS MÉDICOS E DEMAIS PROFISSIONAIS DA SAÚDE DE UBA LTDA.,199702,B3S,I,2,Cooperativa de Crédito,,MG,Ubá,,,,,I
02093690,202506,COOPERATIVA DE ECONOMIA E CREDITO MUTUO DOS MEDICOS E DEMAIS PROFISSIONAIS DA SAUDE DO VALE DO JACUI LTDA,199711,B3S,I,2,Cooperativa de Crédito,,RS,São Jerônimo,,,,,I
01807464,202506,"COOPERATIVA DE ECONOMIA E CRÉDITO MÚTUO DOS MÉDICOS E DEMAIS PROFISSIONAIS DA SAÚDE E DO CREA, DE PELOTAS LTDA",199705,B3S,I,2,Cooperativa de Crédito,,RS,Pelotas,,,,,I
01823689,202506,"COOPERATIVA DE ECONOMIA E CREDITO MUTUO DOS MEDICOS E DEMAIS PROFISSIONAIS DA SAUDE, CRA, CRC, CREA E CORECON DO LITORAL SUL LTDA.- UNICRED LITORAL SUL-RS",199707,B3S,I,2,Cooperativa de Crédito,,RS,Rio Grande,,,,,I
71467641,202506,COOPERATIVA DE ECONOMIA E CRÉDITO MÚTUO DOS MÉDICOS E DEMAIS PROFISSIONAIS DE  NÍVEL SUPERIOR DA SAÚDE DE LEOPOLDINA LTDA. - UNICRED LEOPOLDINA (MG),199404,B3S,I,2,Cooperativa de Crédito,,MG,Leopoldina,,,,,I
01035852,202506,COOPERATIVA DE ECONOMIA E CRÉDITO MÚTUO DOS MÉDICOS E DEMAIS PROFISSIONAIS DE NÍVEL SUPERIOR DA SAÚDE DE BELO HORIZONTE LTDA - UNICRED-BH,199604,B3S,I,2,Cooperativa de Crédito,,MG,Belo Horizonte,,,,,I
03749897,202506,COOPERATIVA DE ECONOMIA E CRÉDITO MÚTUO DOS MÉDICOS E DEMAIS PROFISSIONAIS DE NÍVEL SUPERIOR DA SAÚDE DE MONTES CLAROS LTDA - UNICRED NORTE DE MINAS,200005,B3S,I,2,Cooperativa de Crédito,,MG,Montes Claros,,,,,I
01989729,202506,COOPERATIVA DE ECONOMIA E CRÉDITO MÚTUO DOS MÉDICOS E DEMAIS PROFISSIONAIS DE NÍVEL SUPERIOR DA SAÚDE DE SÃO JOSE DOS CAMPOS - UNICRED DE SÃO JOSÉ DOS CAMPOS,199709,B3S,I,2,Cooperativa de Crédito,,SP,São José dos Campos,,,,,I
01775072,202506,COOPERATIVA DE ECONOMIA E CRÉDITO MÚTUO DOS MÉDICOS E DEMAIS PROFISSIONAIS LIBERAIS DA GRANDE SANTA ROSA LTDA.,199704,B3S,I,2,Cooperativa de Crédito,,RS,Santa Rosa,,,,,I
01062214,202506,COOPERATIVA DE ECONOMIA E CREDITO MUTUO DOS MEDICOS E DEMAIS PROFISSIONAIS.DA SAUDE DO PLANALTO NORTE,199603,B3S,I,2,Cooperativa de Crédito,,SC,São Bento do Sul,,,,,I
04303054,202506,COOPERATIVA DE ECONOMIA E CRÉDITO MÚTUO DOS MÉDICOS E PROFISSIONAIS DA ÁREA DA SAÚDE DE POUSO ALEGRE LTDA.,200103,B3S,I,2,Cooperativa de Crédito,,MG,Pouso Alegre,,,,,I
04055755,202506,COOPERATIVA DE ECONOMIA E CRÉDITO MÚTUO DOS MÉDICOS E PROFISSIONAIS DA ÁREA DE SAÚDE DA BAHIA LTDA.,200008,B3S,I,2,Cooperativa de Crédito,,BA,Salvador,,,,,I
69181709,202506,COOPERATIVA DE ECONOMIA E CRÉDITO MÚTUO DOS MÉDICOS E PROFISSIONAIS DA ÁREA DE SAÚDE DE SÃO PAULO - SICOOB GRANDE SÃO PAULO,199301,B3S,I,2,Cooperativa de Crédito,,SP,São Paulo,,,,,I
00969423,202506,COOPERATIVA DE ECONOMIA E CRÉDITO MÚTUO DOS MÉDICOS E PROFISSIONAIS DA SAÚDE DE PINDAMONHANGABA - UNICRED DE PINDAMONHANGABA,199602,B3S,I,2,Cooperativa de Crédito,,SP,Pindamonhangaba,,,,,I
03559425,202506,COOPERATIVA DE ECONOMIA E CREDITO MUTUO DOS MEDICOS E PROFISSIONAIS DE NIVEL SUPERIOR DA AREA DE SAUDE DE CACHOEIRO DE ITAPEMIRIM - UNICRED SUL CAPIXABA,200001,B3S,I,2,Cooperativa de Crédito,,ES,Cachoeiro de Itapemirim,,,,,I
02250794,202506,"COOPERATIVA DE ECONOMIA E CRÉDITO MÚTUO DOS MÉDICOS, DEMAIS PROFISSIONAIS DE NÍVEL SUPERIOR DA ÁREA DE SAÚDE E EMPRESÁRIOS DE GUARULHOS E REGIÃO",199802,B3S,I,2,Cooperativa de Crédito,,SP,Guarulhos,S5,,,,I
04478231,202506,COOPERATIVA DE ECONOMIA E CRÉDITO MÚTUO DOS MEMBROS DO MINISTÉRIO PÚBLICO DE SÃO PAULO - PROMOCRED,200202,B3S,I,2,Cooperativa de Crédito,Mútuo PF sem conta corrente,SP,São Paulo,S5,,,,A
31716715,202506,"COOPERATIVA DE ECONOMIA E CREDITO MUTUO DOS METALURGICOS DE NITEROI, SAO GONCALO, RIO BONITO, ARARUAMA, SAQUAREMA E MARICA LTDA.",196803,B3S,I,2,Cooperativa de Crédito,,RJ,São Gonçalo,,,,,I
28793354,202506,COOPERATIVA DE ECONOMIA E CREDITO MUTUO DOS METROVIARIOS DO RIO DE JANEIRO LTDA - COMERJ,198406,B3S,I,2,Cooperativa de Crédito,,RJ,Rio de Janeiro,,,,,I
09815376,202506,COOPERATIVA DE ECONOMIA E CRÉDITO MÚTUO DOS MICRO E PEQUENOS EMPRESÁRIOS DO NOROESTE FLUMINENSE LTDA.,180001,B3S,I,2,Cooperativa de Crédito,,RJ,Santo Antônio de Pádua,,,,,I
08541626,202506,COOPERATIVA DE ECONOMIA E CRÉDITO MÚTUO DOS MICRO E PEQUENOS EMPRESÁRIOS E MICROEMPREENDEDORES DE CABREÚVA E LOUVEIRA - SICOOB CREDESP,200702,B3S,I,2,Cooperativa de Crédito,,SP,Cabreúva,,,,,I
05462911,202506,COOPERATIVA DE ECONOMIA E CRÉDITO MÚTUO DOS MILITARES E SERVIDORES PÚBLICOS DO VALE DO IGUAÇU - CREDIMILSUL,200302,B3S,I,2,Cooperativa de Crédito,,SC,Porto União,,,,,I
04572960,202506,COOPERATIVA DE ECONOMIA E CRÉDITO MÚTUO DOS MILITARES ESTADUAIS DE SANTA CATARINA - CREDPOM,200107,B3S,I,2,Cooperativa de Crédito,Mútuo PF com conta corrente,SC,Florianópolis,S5,,,,A
04746659,202506,COOPERATIVA DE ECONOMIA E CRÉDITO MÚTUO DOS MOTORISTAS AUTÔNOMOS DE TRANSPORTE DE PESSOAS DE CUIABÁ E VARZEA GRANDE - SICOOB TRANSCRED,200203,B3S,I,2,Cooperativa de Crédito,,MT,Cuiabá,,,,,I
02433766,202506,COOPERATIVA DE ECONOMIA E CRÉDITO MÚTUO DOS ODONTÓLOGOS DE BELO HORIZONTE E REGIÃO METROPOLITANA LTDA,199809,B3S,I,2,Cooperativa de Crédito,,MG,Belo Horizonte,,,,,I
00242375,202506,COOPERATIVA DE ECONOMIA E CRÉDITO MÚTUO DOS OPERADORES DE TURISMO DA REGIÃO METROPOLITANA DE BELO HORIZONTE LTDA.,199412,B3S,I,2,Cooperativa de Crédito,,MG,Belo Horizonte,,,,,I
01068432,202506,COOPERATIVA DE ECONOMIA E CRÉDITO MÚTUO DOS PANIFICADORES BELO HORIZONTE E  REGIÃO METROPOLITANA LTDA.,199603,B3S,I,2,Cooperativa de Crédito,,MG,Belo Horizonte,,,,,I
02902475,202506,COOPERATIVA DE ECONOMIA E CRÉDITO MÚTUO DOS PANIFICADORES DE  NATAL - CREDIPAN,199812,B3S,I,2,Cooperativa de Crédito,,RN,Natal,,,,,I
09810939,202506,COOPERATIVA DE ECONOMIA E CREDITO MUTUO DOS PEQUENOS E MICROS PROPRIETARIOS DO SETOR DE ALIMENTOS DE CACHOEIRO DE ITAPEMIRIM,180001,B3S,I,2,Cooperativa de Crédito,,ES,Cachoeiro de Itapemirim,,,,,I
09816189,202506,"COOPERATIVA DE ECONOMIA E CRÉDITO MÚTUO DOS PEQUENOS EMPRESÁRIOS, MICROEMPRESÁRIOS E MICROEMPREENDEDORES DA REGIÃO NORTE DO PARANÁ - NORCRED",180001,B3S,I,2,Cooperativa de Crédito,,PR,Apucarana,,,,,I
06240505,202506,"COOPERATIVA DE ECONOMIA E CRÉDITO MÚTUO DOS PEQUENOS EMPRESÁRIOS, MICROEMPRESÁRIOS E MICROEMPREENDEDORES DO DISTRITO FEDERAL LTDA - SICOOB CREDIBRASIL",200405,B3S,I,2,Cooperativa de Crédito,,,,,,,,I
09774329,202506,"COOPERATIVA DE ECONOMIA E CRÉDITO MÚTUO DOS PEQUENOS EMPRESÁRIOS, MICROEMPRESÁRIOS E MICROEMPREENDEDORES DO TRIÂNGULO MINEIRO LTDA. - LIBERCRED TRIÂNGULO MINEIRO",180001,B3S,I,2,Cooperativa de Crédito,,MG,Uberlândia,,,,,I
26758433,202506,COOPERATIVA DE ECONOMIA E CRÉDITO MÚTUO DOS PETROLEIROS NO ESTADO DE MINAS GERAIS LTDA. - COPETRO,197011,B3S,I,2,Cooperativa de Crédito,Mútuo PF sem conta corrente,MG,Belo Horizonte,S5,,,,A
09978351,202506,COOPERATIVA DE ECONOMIA E CRÉDITO MÚTUO DOS PROCURADORES INT. CAR. ASS.JUR.SERV.PROC.GER.DF.,180001,B3S,I,2,Cooperativa de Crédito,,DF,Brasília,,,,,I
04228975,202506,COOPERATIVA DE ECONOMIA E CREDITO MUTUO DOS PROFESSORES DE CUIABA,180001,B3S,I,2,Cooperativa de Crédito,,MT,Cuiabá,,,,,I
05235613,202506,COOPERATIVA DE ECONOMIA E CRÉDITO MÚTUO DOS PROFESSORES E DEMAIS PROFISSIONAIS DA ÁREA DE EDUCAÇÃO DA REGIÃO METROPOLITANA DE BELÉM - SICOOB CREDIEDUC-PARÁ,200207,B3S,I,2,Cooperativa de Crédito,,PA,Belém,,,,,I
03400755,202506,COOPERATIVA DE ECONOMIA E CRÉDITO MÚTUO DOS PROFESSORES E FUNCIONÁRIOS DA FUNDAÇÃO ROTARIANOS DE SÃO PAULO,199911,B3S,I,2,Cooperativa de Crédito,,SP,São Paulo,,,,,I
09501687,202506,COOPERATIVA DE ECONOMIA E CRÉDITO MÚTUO DOS PROFESSORES E TRABALHADORES EM EDUCAÇÃO DE GOIÂNIA LTDA.,200807,B3S,I,2,Cooperativa de Crédito,,GO,Goiânia,,,,,I
05419025,202506,COOPERATIVA DE ECONOMIA E CREDITO MÚTUO DOS PROFESSORES ESTADUAIS DA REGIÃO METROPOLITANA DE PORTO ALEGRE - EDUCREDI,200212,B3S,I,2,Cooperativa de Crédito,Atípicas,RS,Porto Alegre,S5,,,,A
03044185,202506,COOPERATIVA DE ECONOMIA E CREDITO MUTUO DOS PROFISSIONAIS DA AREA DE SAUDE DA BAIXADA CUIABANA - SICOOB-ODONTOCRED-SAÚDE,199906,B3S,I,2,Cooperativa de Crédito,,MT,Cuiabá,,,,,I
02917641,202506,COOPERATIVA DE ECONOMIA E CRÉDITO MUTUO DOS PROFISSIONAIS DA ÁREA DE SAÚDE DA REGIÃO DE SÃO JOSÉ DO RIO PARDO - RIO PARDO CREDSAÚDE,199903,B3S,I,2,Cooperativa de Crédito,,SP,São José do Rio Pardo,,,,,I
02711134,202506,COOPERATIVA DE ECONOMIA E CRÉDITO MÚTUO DOS PROFISSIONAIS DA ÁREA DE SAÚDE DE CURSO SUPERIOR DO SUL DE MINAS LTDA - DENTAL,199812,B3S,I,2,Cooperativa de Crédito,,MG,Varginha,,,,,I
04167614,202506,COOPERATIVA DE ECONOMIA E CRÉDITO MÚTUO DOS PROFISSIONAIS DA ÁREA DE SAÚDE DE JUNDIAÍ E REGIÃO - SICREDI JUNDIAÍ SUDESTE,200012,B3S,I,2,Cooperativa de Crédito,,SP,Jundiaí,,,,,I
07714057,202506,COOPERATIVA DE ECONOMIA E CRÉDITO MÚTUO DOS PROFISSIONAIS DA ÁREA NOTARIAL E REGISTRAL - COOPNORE,200512,B3S,I,2,Cooperativa de Crédito,Mútuo PF com conta corrente,RS,Porto Alegre,S5,,,,A
04456725,202506,COOPERATIVA DE ECONOMIA E CRÉDITO MÚTUO DOS PROFISSIONAIS DA CONTABILIDADE DA REGIÃO TOCANTINA - COOPERCON,200106,B3S,I,2,Cooperativa de Crédito,,MA,Imperatriz,,,,,I
02861211,202506,COOPERATIVA DE ECONOMIA E CREDITO MUTUO DOS PROFISSIONAIS DA CONTABILIDADE DE CUIABA,199902,B3S,I,2,Cooperativa de Crédito,,MT,Cuiabá,,,,,I
05655770,202506,COOPERATIVA DE ECONOMIA E CRÉDITO MÚTUO DOS PROFISSIONAIS DA EDUCAÇÃO DA REGIÃO METROPOLITANA DE SÃO PAULO - COOPEDUC,200308,B3S,I,2,Cooperativa de Crédito,,SP,São Paulo,,,,,I
71411854,202506,COOPERATIVA DE ECONOMIA E CRÉDITO MÚTUO DOS PROFISSIONAIS DA SAÚDE CENTRO MINEIRA LTDA.,199403,B3S,I,2,Cooperativa de Crédito,,MG,Betim,,,,,I
69346856,202506,COOPERATIVA DE ECONOMIA E CRÉDITO MÚTUO DOS PROFISSIONAIS DA SAÚDE DA REGIÃO DA ALTA MOGIANA - SICOOB CREDIMOGIANA,199302,B3S,I,2,Cooperativa de Crédito,Mútuo com relevância em PJ,SP,Franca,S5,,,,A
02203219,202506,COOPERATIVA DE ECONOMIA E CRÉDITO MUTUO DOS PROFISSIONAIS DA SAUDE DA REGIÃO SUL DO ESTADO DE SÃO PAULO LTDA - UNICRED REGIONAL SUL,199801,B3S,I,2,Cooperativa de Crédito,,SP,Itapetininga,,,,,I
03777890,202506,COOPERATIVA DE ECONOMIA E CRÉDITO MÚTUO DOS PROFISSIONAIS DA SAÚDE DE BRASÍLIA E REGIÃO GEOECONÔMICA LTDA.,200011,B3S,I,2,Cooperativa de Crédito,,DF,Brasília,,,,,I
86493426,202506,COOPERATIVA DE ECONOMIA E CRÉDITO MÚTUO DOS PROFISSIONAIS DA SAÚDE DE NÍVEL SUPERIOR DOS CAMPOS DAS VERTENTES LTDA,199410,B3S,I,2,Cooperativa de Crédito,,MG,Barbacena,,,,,I
05608957,202506,COOPERATIVA DE ECONOMIA E CRÉDITO MÚTUO DOS PROFISSIONAIS DA SAÚDE DO SUDESTE PAULISTA LTDA. - SICOOB UNIMAIS SUDESTE PAULISTA,200305,B3S,I,2,Cooperativa de Crédito,,SP,Sorocaba,,,,,I
74172685,202506,"COOPERATIVA DE ECONOMIA E CRÉDITO MÚTUO DOS PROFISSIONAIS DA SAÚDE E DE PEQUENOS EMPRESÁRIOS, MICROEMPRESÁRIOS OU MICROEMPREENDEDORES DA REGIÃO VALE DO JAGUARIBE LTDA.",199405,B3S,I,2,Cooperativa de Crédito,,CE,Limoeiro do Norte,,,,,I
02647564,202506,COOPERATIVA DE ECONOMIA E CRÉDITO MÚTUO DOS PROFISSIONAIS DA SAÚDE E EMPRESÁRIOS DE ARARAS E REGIÃO - SICOOB UNIMAIS ANHANGUERA,199809,B3S,I,2,Cooperativa de Crédito,,SP,Araras,,,,,I
18374394,202506,COOPERATIVA DE ECONOMIA E CRÉDITO MÚTUO DOS PROFISSIONAIS DA SAÚDE PORTAL DO SERTÃO LTDA - SICOOB PORTAL,201308,B3S,I,2,Cooperativa de Crédito,,BA,Feira de Santana,,,,,I
04795877,202506,COOPERATIVA DE ECONOMIA E CRÉDITO MÚTUO DOS PROFISSIONAIS DA TECNOLOGIA DA INFORMACAO LTDA,200112,B3S,I,2,Cooperativa de Crédito,,DF,Brasília,,,,,I
03665505,202506,"COOPERATIVA DE ECONOMIA E CRÉDITO MÚTUO DOS PROFISSIONAIS DAS ÁREAS DE ENGENHARIA, ARQUITETURA E AGRONOMIA NO SUL FLUMINENSE LTDA - COOPCRED",200004,B3S,I,2,Cooperativa de Crédito,,RJ,Volta Redonda,,,,,I
02606305,202506,"COOPERATIVA DE ECONOMIA E CRÉDITO MÚTUO DOS PROFISSIONAIS DAS ÁREAS DE TECNOLOGIA, DE ENGENHARIA E DE ARQUITETURA DE MINAS GERAIS LTDA - SICOOB ENGECRED - MG",199809,B3S,I,2,Cooperativa de Crédito,,MG,Belo Horizonte,S5,,,,I
04117836,202506,"COOPERATIVA DE ECONOMIA E CRÉDITO MÚTUO DOS PROFISSIONAIS DE COMUNICAÇÃO NAS ÁREAS DE PROPAGANDA, PUBLICIDADE E MARKETING",180001,B3S,I,2,Cooperativa de Crédito,,ES,Vitória,,,,,I
04178111,202506,COOPERATIVA DE ECONOMIA E CRÉDITO MÚTUO DOS PROFISSIONAIS DE EDUCAÇÃO DO ENSINO OFICIAL DO MUNICÍPIO DE SÃO PAULO - COOPERCREDEM,200102,B3S,I,2,Cooperativa de Crédito,,SP,São Paulo,,,,,I
04921991,202506,"COOPERATIVA DE ECONOMIA E CREDITO MUTUO DOS PROFISSIONAIS DE ENGENHARIA, ARQUITETURA, AGRONOMIA E GEOLOGIA DE MATO GROSSO",200205,B3S,I,2,Cooperativa de Crédito,,MT,Cuiabá,,,,,I
04405901,202506,COOPERATIVA DE ECONOMIA E CRÉDITO MÚTUO DOS PROFISSIONAIS DE TURISMO DO LITORAL DO ESTADO DE SANTA CATARINA - SICREDI SERRA MAR,200102,B3S,I,2,Cooperativa de Crédito,,SC,Florianópolis,,,,,I
04627422,202506,COOPERATIVA DE ECONOMIA E CRÉDITO MÚTUO DOS PROFISSIONAIS GRADUADOS EM ADM. ESTAB.NO DF,200108,B3S,I,2,Cooperativa de Crédito,,DF,Brasília,,,,,I
39274378,202506,COOPERATIVA DE ECONOMIA E CREDITO MUTUO DOS PROPRIETARIOS DE VEICULOS PARA AFRETAMENTO DE CARGA DE CACHOEIRO DE ITAPEMIRIM - TRANSCRED,199211,B3S,I,2,Cooperativa de Crédito,,ES,Cachoeiro de Itapemirim,,,,,I
01670206,202506,"COOPERATIVA DE ECONOMIA E CRÉDITO MÚTUO DOS REPRESENTANTES COMERCIAIS AUTÔNOMOS DE ROUPAS, TECIDOS E ARTIGOS DE VESTUÁRIOS DO RIO DE JANEIRO LTDA. - CCVA",199703,B3S,I,2,Cooperativa de Crédito,,RJ,Rio de Janeiro,,,,,I
03930587,202506,"COOPERATIVA DE ECONOMIA E CRÉDITO MÚTUO DOS SECURITARIOS, DOS CORRETORES DE SEGUROS E DE CAPITALIZACAO DO RIO DE JANEIRO LTDA.",200009,B3S,I,2,Cooperativa de Crédito,,RJ,Rio de Janeiro,S5,,,,I
86447398,202506,COOPERATIVA DE ECONOMIA E CREDITO MUTUO DOS SERVENTUARIOS DA CIA SIDERURGICA NACIONAL LTDA,196701,B3S,I,2,Cooperativa de Crédito,,SC,Tubarão,,,,,I
19551787,202506,COOPERATIVA DE ECONOMIA E CRÉDITO MÚTUO DOS SERVENTUÁRIOS DA CIMENTO TUPI S.A. E EMPRESAS COLIGADAS LTDA. - TUPICRED,197902,B3S,I,2,Cooperativa de Crédito,,MG,Carandaí,S5,,,,I
02691100,202506,COOPERATIVA DE ECONOMIA E CRÉDITO MÚTUO DOS SERVIDORES  ESTADUAIS DO PODER EXECUTIVO DO ESTADO DE RONDÔNIA - POLICREDI,199808,B3S,I,2,Cooperativa de Crédito,,RO,Porto Velho,,,,,I
05167569,202506,COOPERATIVA DE ECONOMIA E CREDITO MUTUO DOS SERVIDORES CIVIS DA UNIAO NO ESTADO DO RIO GRANDE DO SUL,200208,B3S,I,2,Cooperativa de Crédito,,RS,Porto Alegre,,,,,I
01732003,202506,COOPERATIVA DE ECONOMIA E CRÉDITO MÚTUO DOS SERVIDORES CIVIS E  MILITARES DAS FORÇAS ARMADAS NA REGIÃO METROPOLITANA DE BELÉM DO PARÁ - COOPFARMA,199706,B3S,I,2,Cooperativa de Crédito,,PA,Belém,,,,,I
01618291,202506,COOPERATIVA DE ECONOMIA E CRÉDITO MÚTUO DOS SERVIDORES DA  POLÍCIA MILITAR DO PARÁ NA REGIÃO METROPOLITANA DE BELÉM LTDA,199701,B3S,I,2,Cooperativa de Crédito,,PA,Belém,,,,,I
05460750,202506,COOPERATIVA DE ECONOMIA E CRÉDITO MÚTUO DOS SERVIDORES DA ADMINISTRAÇÃO PÚBLICA MUNICIPAL DE PORTO ALEGRE - MUNICRED,200303,B3S,I,2,Cooperativa de Crédito,,RS,Porto Alegre,S5,,,,I
90278987,202506,COOPERATIVA DE ECONOMIA E CREDITO MUTUO DOS SERVIDORES DA ASCAR/EMATER-RS LTDA-CRESAL,198412,B3S,I,2,Cooperativa de Crédito,Mútuo PF sem conta corrente,RS,Porto Alegre,S5,,,,A
09978231,202506,COOPERATIVA DE ECONOMIA E CRÉDITO MÚTUO DOS SERVIDORES DA CAMARA DOS VEREADORES DE SAO PAULO,180001,B3S,I,2,Cooperativa de Crédito,,SP,São Paulo,,,,,I
29304193,202506,COOPERATIVA DE ECONOMIA E CRÉDITO MÚTUO DOS SERVIDORES DA CIMENTO TUPI S/A - VOLTA REDONDA LTDA,197307,B3S,I,2,Cooperativa de Crédito,,RJ,Volta Redonda,,,,,I
29341260,202506,COOPERATIVA DE ECONOMIA E CREDITO MUTUO DOS SERVIDORES DA COMLURB LTDA,198501,B3S,I,2,Cooperativa de Crédito,Atípicas,RJ,Rio de Janeiro,S5,,,,A
00696696,202506,COOPERATIVA DE ECONOMIA E CRÉDITO MÚTUO DOS SERVIDORES DA DELEGACIA DO MEC NO ESTADO DO PARÁ LTDA,199507,B3S,I,2,Cooperativa de Crédito,,PA,Belém,,,,,I
87502241,202506,"COOPERATIVA DE ECONOMIA E CREDITO MUTUO DOS SERVIDORES DA DELEGACIA.FEDERAL DE AGRICULTURA DO MINISTERIO DA AGRICULTURA,EM PORTO ALEGRE",198103,B3S,I,2,Cooperativa de Crédito,,RS,Porto Alegre,,,,,I
42100982,202506,COOPERATIVA DE ECONOMIA E CREDITO MUTUO DOS SERVIDORES DA EMPRESA BRASILEIRA DE CORREIOS E TELEGRAFOS LTDA,197012,B3S,I,2,Cooperativa de Crédito,Atípicas,RJ,Rio de Janeiro,S5,,,,A
96409263,202506,COOPERATIVA DE ECONOMIA E CRÉDITO MÚTUO DOS SERVIDORES DA FACULDADE DE ENGENHARIA DE ILHA SOLTEIRA - COOPERFEIS,199306,B3S,I,2,Cooperativa de Crédito,Mútuo PF sem conta corrente,SP,Ilha Solteira,S5,,,,A
62928320,202506,"COOPERATIVA DE ECONOMIA E CRÉDITO MÚTUO DOS SERVIDORES DA FEDERAÇÃO DO COMÉRCIO, SESC E SENAC DE SÃO PAULO",197007,B3S,I,2,Cooperativa de Crédito,Mútuo PF sem conta corrente,SP,São Paulo,S5,,,,A
18840017,202506,COOPERATIVA DE ECONOMIA E CRÉDITO MÚTUO DOS SERVIDORES DA FINANCEIRA BEMGE S.A. - CFI LTDA,198310,B3S,I,2,Cooperativa de Crédito,,MG,Belo Horizonte,,,,,I
16660680,202506,COOPERATIVA DE ECONOMIA E CRÉDITO MÚTUO DOS SERVIDORES DA FUNDAÇÃO BENJAMIM GUIMARÃES LTDA.,197304,B3S,I,2,Cooperativa de Crédito,,MG,Belo Horizonte,,,,,I
19402130,202506,"COOPERATIVA DE ECONOMIA E CRÉDITO MÚTUO DOS SERVIDORES DA FUNDAÇÃO HOSPITALAR E EMPREGADOS DOS ESTABELECIMENTOS HOSPITALARES DE BELO HORIZONTE, REGIÃO METROPOLITANA E ZONA DA MATA LTDA.- SICOOB CECREF",197611,B3S,I,2,Cooperativa de Crédito,Mútuo PF com conta corrente,MG,Belo Horizonte,S5,,,,A
01413121,202506,COOPERATIVA DE ECONOMIA E CRÉDITO MÚTUO DOS SERVIDORES DA FUNDAÇÃO JOÃO PINHEIRO LTDA.,199609,B3S,I,2,Cooperativa de Crédito,,MG,Belo Horizonte,,,,,I
02894268,202506,COOPERATIVA DE ECONOMIA E CRÉDITO MÚTUO DOS SERVIDORES DA FUNDAÇÃO UNIVERSIDADE FEDERAL DE MATO GROSSO,199812,B3S,I,2,Cooperativa de Crédito,,MT,Cuiabá,,,,,I
04894460,202506,COOPERATIVA DE ECONOMIA E CRÉDITO MÚTUO DOS SERVIDORES DA JUSTIÇA DO ESTADO DE MINAS GERAIS LTDA. - SICOOB CREDJUS,200203,B3S,I,2,Cooperativa de Crédito,Mútuo PF sem conta corrente,MG,Belo Horizonte,S5,,,,A
03035808,202506,COOPERATIVA DE ECONOMIA E CREDITO MUTUO DOS SERVIDORES DA JUSTICA FEDERAL,199904,B3S,I,2,Cooperativa de Crédito,,RJ,Rio de Janeiro,,,,,I
02719550,202506,COOPERATIVA DE ECONOMIA E CRÉDITO MÚTUO DOS SERVIDORES DA POLÍCIA MILITAR DO DISTRITO FEDERAL,199805,B3S,I,2,Cooperativa de Crédito,,DF,Brasília,,,,,I
03625047,202506,COOPERATIVA DE ECONOMIA E CRÉDITO MÚTUO DOS SERVIDORES DA POLICIA MILITAR DO ESTADO DA BAHIA LTDA - SICOOB-COOPMIL,180001,B3S,I,2,Cooperativa de Crédito,,BA,Salvador,,,,,I
04152107,202506,COOPERATIVA DE ECONOMIA E CRÉDITO MÚTUO DOS SERVIDORES DA POLÍCIA MILITAR DO ESTADO DE SÃO PAULO DA REGIÃO CENTRO-OESTE PAULISTA - CREDMIL,200012,B3S,I,2,Cooperativa de Crédito,Mútuo PF sem conta corrente,SP,Bauru,S5,,,,A
02313983,202506,COOPERATIVA DE ECONOMIA E CREDITO MUTUO DOS SERVIDORES DA POLICIA MILITAR E DO CORPO DE BOMBEIROS MILITAR DE MATO GROSSO - CREDIMIL,199802,B3S,I,2,Cooperativa de Crédito,,MT,Cuiabá,,,,,I
05338435,202506,COOPERATIVA DE ECONOMIA E CRÉDITO MÚTUO DOS SERVIDORES DA POLÍCIA RODOVIÁRIA FEDERAL DO ESTADO DE MINAS GERAIS LTDA.,200211,B3S,I,2,Cooperativa de Crédito,,MG,Belo Horizonte,,,,,I
16882649,202506,COOPERATIVA DE ECONOMIA E CRÉDITO MÚTUO DOS SERVIDORES DA PREFEITURA MUNICIPAL DE CURVELO LTDA,197303,B3S,I,2,Cooperativa de Crédito,,MG,Curvelo,,,,,I
17143702,202506,COOPERATIVA DE ECONOMIA E CRÉDITO MÚTUO DOS SERVIDORES DA PREFEITURA MUNICIPAL DE JUIZ DE FORA LTDA,197108,B3S,I,2,Cooperativa de Crédito,,MG,Juiz de Fora,,,,,I
26188441,202506,COOPERATIVA DE ECONOMIA E CRÉDITO MÚTUO DOS SERVIDORES DA PREFEITURA MUNICIPAL DE LAJINHA LTDA,198912,B3S,I,2,Cooperativa de Crédito,,MG,Lajinha,,,,,I
00946465,202506,COOPERATIVA DE ECONOMIA E CRÉDITO MÚTUO DOS SERVIDORES DA PREFEITURA MUNICIPAL DE ORLÂNDIA - CRED SERV,199602,B3S,I,2,Cooperativa de Crédito,Mútuo PF sem conta corrente,SP,Orlândia,S5,,,,A
22109201,202506,COOPERATIVA DE ECONOMIA E CRÉDITO MÚTUO DOS SERVIDORES DA PREFEITURA MUNICIPAL DE UBÁ LTDA,198702,B3S,I,2,Cooperativa de Crédito,,MG,Ubá,,,,,I
52137361,202506,COOPERATIVA DE ECONOMIA E CRÉDITO MÚTUO DOS SERVIDORES DA PREFEITURA MUNICIPAL DE VOTORANTIM,198211,B3S,I,2,Cooperativa de Crédito,Mútuo PF sem conta corrente,SP,Votorantim,S5,,,,A
02910389,202506,COOPERATIVA DE ECONOMIA E CREDITO MUTUO DOS SERVIDORES DA SECRET. DE JUSTICA E INTERIOR DO ESTADO DO RIO JANEIRO LTDA,199811,B3S,I,2,Cooperativa de Crédito,,RJ,Rio de Janeiro,,,,,I
03565483,202506,COOPERATIVA DE ECONOMIA E CRÉDITO MÚTUO DOS SERVIDORES DA SECRETARIA DA FAZENDA DO ESTADO DE GOIÁS,200001,B3S,I,2,Cooperativa de Crédito,,GO,Goiânia,,,,,I
83663575,202506,COOPERATIVA DE ECONOMIA E CREDITO MUTUO DOS SERVIDORES DA SECRETARIA DE AGRICULTURA DO ESTADO DO PARA LTDA. SICOOB SAGRI,199312,B3S,I,2,Cooperativa de Crédito,,PA,Belém,,,,,I
05746715,202506,COOPERATIVA DE ECONOMIA E CRÉDITO MÚTUO DOS SERVIDORES DA SECRETARIA DE DEFESA SOCIAL DO ESTADO DE MINAS GERAIS LTDA. - COOPSESP,200403,B3S,I,2,Cooperativa de Crédito,Mútuo PF sem conta corrente,MG,Belo Horizonte,S5,,,,A
83584979,202506,COOPERATIVA DE ECONOMIA E CRÉDITO MÚTUO DOS SERVIDORES DA SECRETARIA DE ESTADO DE EDUCAÇÃO LTDA.,199307,B3S,I,2,Cooperativa de Crédito,,PA,Belém,,,,,I
01667861,202506,COOPERATIVA DE ECONOMIA E CRÉDITO MÚTUO DOS SERVIDORES DA SECRETARIA DE SAÚDE E DOS TRABALHADORES EM ENSINO DO DF LTDA. - SICOOB CREDIDF,199703,B3S,I,2,Cooperativa de Crédito,,DF,Brasília,,,,,I
03437037,202506,COOPERATIVA DE ECONOMIA E CREDITO MUTUO DOS SERVIDORES DA SECRETARIA DE SEGURANCA PUBLICA DO ESTADO DO ESPIRITO SANTO,199912,B3S,I,2,Cooperativa de Crédito,,ES,Vitória,,,,,I
05676236,202506,COOPERATIVA DE ECONOMIA E CRÉDITO MÚTUO DOS SERVIDORES DA SEGURANÇA PÚBLICA ESTADUAL DA 8ª REGIÃO DO ESTADO DE SÃO PAULO - FINANPOL,200307,B3S,I,2,Cooperativa de Crédito,,SP,São José do Rio Preto,,,,,I
83329979,202506,COOPERATIVA DE ECONOMIA E CRÉDITO MÚTUO DOS SERVIDORES DA SUPERINTENDÊNCIA REGIONAL DO TRABALHO E EMPREGO E DA ADVOCACIA GERAL DA UNIÃO NO ESTADO DO PARÁ - CREDMISTRA,199211,B3S,I,2,Cooperativa de Crédito,,PA,Belém,,,,,I
28885036,202506,COOPERATIVA DE ECONOMIA E CREDITO MUTUO DOS SERVIDORES DA UERJ LTDA. - COOPUERJ,198410,B3S,I,2,Cooperativa de Crédito,Mútuo PF sem conta corrente,RJ,Rio de Janeiro,S5,,,,A
69136075,202506,COOPERATIVA DE ECONOMIA E CRÉDITO MÚTUO DOS SERVIDORES DA UNESP - COOPUNESP,199212,B3S,I,2,Cooperativa de Crédito,Mútuo PF sem conta corrente,SP,Rio Claro,S5,,,,A
02285107,202506,COOPERATIVA DE ECONOMIA E CRÉDITO MÚTUO DOS SERVIDORES DA UNIVERSIDADE ESTADUAL DE CAMPINAS - COOPERUNICAMP,199801,B3S,I,2,Cooperativa de Crédito,Mútuo PF sem conta corrente,SP,Campinas,S5,,,,A
03606488,202506,COOPERATIVA DE ECONOMIA E CRÉDITO MÚTUO DOS SERVIDORES DA UNIVERSIDADE ESTADUAL DO SUDOESTE DA BAHIA (UESB) - CREDIUESB,199809,B3S,I,2,Cooperativa de Crédito,,BA,Vitória da Conquista,S5,,,,I
05560691,202506,COOPERATIVA DE ECONOMIA E CRÉDITO MÚTUO DOS SERVIDORES DA UNIVERSIDADE FEDERAL DO ACRE - CREDUFAC,200305,B3S,I,2,Cooperativa de Crédito,,AC,Rio Branco,,,,,I
01864154,202506,COOPERATIVA DE ECONOMIA E CRÉDITO MÚTUO DOS SERVIDORES DAS CÂMARAS DE DIRIGENTES LOJISTAS DA REGIÃO METROPOLITANA DE BELO HORIZONTE LTDA,199706,B3S,I,2,Cooperativa de Crédito,,MG,Belo Horizonte,,,,,I
01260250,202506,COOPERATIVA DE ECONOMIA E CREDITO MUTUO DOS SERVIDORES DAS ESCOLAS TECNICAS E AGROTECNICAS FEDERAIS DO ESPIRITO SANTO LTDA,199605,B3S,I,2,Cooperativa de Crédito,,ES,Vitória,,,,,I
65338832,202506,"COOPERATIVA DE ECONOMIA E CRÉDITO MÚTUO DOS SERVIDORES DAS UNIVERSIDADES FEDERAIS DE LAVRAS, JUIZ DE FORA, OURO PRETO E SÃO JOÃO DEL REI LTDA - CREDIESAL",199106,B3S,I,2,Cooperativa de Crédito,,MG,Lavras,,,,,I
40237075,202506,COOPERATIVA DE ECONOMIA E CREDITO MUTUO DOS SERVIDORES DE EMPRESAS DE RADIODIFUSAO E TELEVISAO PUBLICAS NO MUNICIPIO DO RIO DE JANEIRO LTDA,199108,B3S,I,2,Cooperativa de Crédito,,RJ,Rio de Janeiro,,,,,I
00171973,202506,COOPERATIVA DE ECONOMIA E CRÉDITO MÚTUO DOS SERVIDORES DO  CENTRO FEDERAL DE EDUCAÇÃO TECNOLÓGICA DO MARANHÃO LTDA.,199401,B3S,I,2,Cooperativa de Crédito,,MA,São Luís,,,,,I
34634014,202506,COOPERATIVA DE ECONOMIA E CRÉDITO MÚTUO DOS SERVIDORES DO  CENTRO FEDERAL DE EDUCAÇÃO TECNOLÓGICA DO PARÁ E DA ESCOLA AGROTÉCNICA FEDERAL DE CASTANHAL LTDA,198911,B3S,I,2,Cooperativa de Crédito,,PA,Belém,,,,,I
01825968,202506,COOPERATIVA DE ECONOMIA E CRÉDITO MÚTUO DOS SERVIDORES DO  INSTITUTO NACIONAL DO SEGURO SOCIAL NA PARAÍBA - COOPREV LTDA,199705,B3S,I,2,Cooperativa de Crédito,,PB,João Pessoa,,,,,I
01742756,202506,COOPERATIVA DE ECONOMIA E CRÉDITO MÚTUO DOS SERVIDORES DO  INSTITUTO PREVIDÊNCIA DO ESTADO DA PARAÍBA - CREDIPEP LTDA.,199704,B3S,I,2,Cooperativa de Crédito,,PB,João Pessoa,,,,,I
01315606,202506,COOPERATIVA DE ECONOMIA E CRÉDITO MÚTUO DOS SERVIDORES DO  SETOR PÚBLICO AGRÍCOLA DO ESTADO DO RIO GRANDE DO NORTE - CREDIAGRO,199605,B3S,I,2,Cooperativa de Crédito,,RN,Natal,,,,,I
02208449,202506,COOPERATIVA DE ECONOMIA E CRÉDITO MÚTUO DOS SERVIDORES DO BDMG LTDA,199801,B3S,I,2,Cooperativa de Crédito,,MG,Belo Horizonte,,,,,I
09978327,202506,COOPERATIVA DE ECONOMIA E CRÉDITO MÚTUO DOS SERVIDORES DO CERNE LTDA,180001,B3S,I,2,Cooperativa de Crédito,,GO,Goiânia,,,,,I
02910387,202506,COOPERATIVA DE ECONOMIA E CREDITO MUTUO DOS SERVIDORES DO COLEGIO PEDRO II,199901,B3S,I,2,Cooperativa de Crédito,Mútuo PF sem conta corrente,RJ,Rio de Janeiro,S5,,,,A
02202150,202506,COOPERATIVA DE ECONOMIA E CRÉDITO MÚTUO DOS SERVIDORES DO CORPO DE BOMBEIROS MILITAR DO ESTADO DO PARÁ LTDA. - SICOOB BOMBEIROS,199707,B3S,I,2,Cooperativa de Crédito,,PA,Belém,,,,,I
01290746,202506,COOPERATIVA DE ECONOMIA E CRÉDITO MÚTUO DOS SERVIDORES DO DEPARTAMENTO NACIONAL DE INFRA-ESTRUTURA DE TRANSPORTES DO PARÁ LTDA.,199605,B3S,I,2,Cooperativa de Crédito,,PA,Belém,,,,,I
00778858,202506,COOPERATIVA DE ECONOMIA E CRÉDITO MÚTUO DOS SERVIDORES DO DISTRITO FEDERAL LTDA. - COOSERVCRED,199509,B3S,I,2,Cooperativa de Crédito,Mútuo PF sem conta corrente,DF,Brasília,S5,,,,A
03233248,202506,COOPERATIVA DE ECONOMIA E CREDITO MUTUO DOS SERVIDORES DO ENSINO SUPERIOR DO DISTRITO FEDERAL,199908,B3S,I,2,Cooperativa de Crédito,,DF,Brasília,,,,,I
00740480,202506,COOPERATIVA DE ECONOMIA E CRÉDITO MÚTUO DOS SERVIDORES DO IBDF LTDA,198312,B3S,I,2,Cooperativa de Crédito,,DF,Brasília,,,,,I
83838813,202506,COOPERATIVA DE ECONOMIA E CRÉDITO MÚTUO DOS SERVIDORES DO IBGE NO ESTADO DO PARÁ LTDA COIPA.,199406,B3S,I,2,Cooperativa de Crédito,,PA,Belém,,,,,I
83375469,202506,COOPERATIVA DE ECONOMIA E CRÉDITO MÚTUO DOS SERVIDORES DO IDESP LTDA - UNIDESP,199305,B3S,I,2,Cooperativa de Crédito,,PA,Belém,,,,,I
34045930,202506,COOPERATIVA DE ECONOMIA E CREDITO MUTUO DOS SERVIDORES DO INCRA LTDA,196908,B3S,I,2,Cooperativa de Crédito,,RJ,Rio de Janeiro,,,,,I
02895102,202506,COOPERATIVA DE ECONOMIA E CRÉDITO MÚTUO DOS SERVIDORES DO INSTITUTO BRASILEIRO DO MEIO AMBIENTE E DOS RECURSOS NATURAIS RENOVÁVEIS - SICOOB CREDIBAMA,199812,B3S,I,2,Cooperativa de Crédito,,DF,Brasília,,,,,I
83332627,202506,COOPERATIVA DE ECONOMIA E CRÉDITO MÚTUO DOS SERVIDORES DO INSTITUTO NÁUTICO BRASILEIRO - INABRA LTDA,199212,B3S,I,2,Cooperativa de Crédito,,PA,Belém,,,,,I
29975216,202506,COOPERATIVA DE ECONOMIA E CRÉDITO MÚTUO DOS SERVIDORES DO MEC LTDA. - COSMEC,197804,B3S,I,2,Cooperativa de Crédito,,RJ,Rio de Janeiro,,,,,I
02525045,202506,COOPERATIVA DE ECONOMIA E CRÉDITO MÚTUO DOS SERVIDORES DO MINISTÉRIO  DO TRABALHO EM MINAS GERAIS LTDA.,199806,B3S,I,2,Cooperativa de Crédito,,MG,Belo Horizonte,,,,,I
83206599,202506,COOPERATIVA DE ECONOMIA E CRÉDITO MÚTUO DOS SERVIDORES DO MINISTÉRIO DA FAZENDA NO PARÁ LTDA. - COOPERFAZ,199205,B3S,I,2,Cooperativa de Crédito,,PA,Belém,,,,,I
05285111,202506,COOPERATIVA DE ECONOMIA E CRÉDITO MÚTUO DOS SERVIDORES DO PODER EXECUTIVO DA REGIÃO NORDESTE DO PARÁ - CREDBRAS,200210,B3S,I,2,Cooperativa de Crédito,,PA,Belém,,,,,I
03032915,202506,COOPERATIVA DE ECONOMIA E CREDITO MUTUO DOS SERVIDORES DO PODER EXECUTIVO DO ESTADO DE MATO GROSSO - COOPERFAZ,199709,B3S,I,2,Cooperativa de Crédito,,MT,Cuiabá,,,,,I
02888327,202506,COOPERATIVA DE ECONOMIA E CRÉDITO MÚTUO DOS SERVIDORES DO PODER EXECUTIVO FEDERAL NO DISTRITO FEDERAL,199902,B3S,I,2,Cooperativa de Crédito,,DF,Brasília,,,,,I
70106869,202506,COOPERATIVA DE ECONOMIA E CRÉDITO MÚTUO DOS SERVIDORES DO PODER EXECUTIVO FEDERAL NO MUNICÍPIO DE JOÃO PESSOA LTDA. - CREDISERV,199312,B3S,I,2,Cooperativa de Crédito,,PB,João Pessoa,,,,,I
02234924,202506,COOPERATIVA DE ECONOMIA E CREDITO MUTUO DOS SERVIDORES DO PODER JUDICIARIO FEDERAL E MINISTÉRIO PÚBLICO DA UNIÃO NO ESTADO DE MATO GROSSO - COOPERJUS,199711,B3S,I,2,Cooperativa de Crédito,,MT,Cuiabá,,,,,I
83332700,202506,COOPERATIVA DE ECONOMIA E CRÉDITO MÚTUO DOS SERVIDORES DO PODER JUDICIÁRIO FEDERAL E MINISTÉRIO PÚBLICO DA UNIÃO NO ESTADO DO PARÁ - COOPERJUS-PA,199301,B3S,I,2,Cooperativa de Crédito,,PA,Belém,S5,,,,I
02000895,202506,"COOPERATIVA DE ECONOMIA E CRÉDITO MÚTUO DOS SERVIDORES DO PODER JUDICIÁRIO, DO TRIBUNAL DE CONTAS ESTADUAL E DEMAIS ÓRGÃOS PÚBLICOS MUNICIPAIS, ESTADUAIS E FEDERAIS NO ESTADO DO RIO DE JANEIRO LTDA.",199705,B3S,I,2,Cooperativa de Crédito,Mútuo PF com conta corrente,RJ,Rio de Janeiro,S5,,,,A
01569522,202506,COOPERATIVA DE ECONOMIA E CRÉDITO MÚTUO DOS SERVIDORES DO SEBRAE - SEBRAECOOP,199701,B3S,I,2,Cooperativa de Crédito,,MG,Belo Horizonte,,,,,I
34081562,202506,COOPERATIVA DE ECONOMIA E CREDITO MUTUO DOS SERVIDORES DO SESC DO RIO DE JANEIRO,197004,B3S,I,2,Cooperativa de Crédito,,RJ,Rio de Janeiro,,,,,I
02758657,202506,COOPERATIVA DE ECONOMIA E CRÉDITO MÚTUO DOS SERVIDORES DO SISTEMA FECOMERCIO DO DISTRITO FEDERAL,199809,B3S,I,2,Cooperativa de Crédito,,DF,Brasília,,,,,I
27243955,202506,COOPERATIVA DE ECONOMIA E CREDITO MUTUO DOS SERVIDORES DO SISTEMA FINDES - COOPERFINDES,197503,B3S,I,2,Cooperativa de Crédito,,ES,Vitória,,,,,I
36767291,202506,"COOPERATIVA DE ECONOMIA E CRÉDITO MÚTUO DOS SERVIDORES DOS ÓRGÃOS DA SEGURANÇA PÚBLICA, DOS MINISTÉRIOS DA JUSTIÇA, E DA DEFESA, E ÓRGÃOS VINCULADOS, NO DISTRITO FEDERAL - COOPERCRED LTDA.",199108,B3S,I,2,Cooperativa de Crédito,,DF,Brasília,,,,,I
02966385,202506,COOPERATIVA DE ECONOMIA E CREDITO MUTUO DOS SERVIDORES DOS ORGAOS DO MINISTERIO DA SAUDE NO ESTADO DO RIO DE JANEIRO - CREDISAU,199902,B3S,I,2,Cooperativa de Crédito,,RJ,Rio de Janeiro,S5,,,,I
02145770,202506,COOPERATIVA DE ECONOMIA E CREDITO MUTUO DOS SERVIDORES DOS ORGAOS E ENTIDADES DA AREA DE CIENCIA E   TECNOLOGIA,199806,B3S,I,2,Cooperativa de Crédito,,RJ,Rio de Janeiro,,,,,I
01335986,202506,COOPERATIVA DE ECONOMIA E CRÉDITO MÚTUO DOS SERVIDORES E EMPREGADOS DOS HOSPITAIS E CLÍNICAS DA ZONA DA MATA LTDA - SANTACASACRED,199608,B3S,I,2,Cooperativa de Crédito,,MG,Juiz de Fora,,,,,I
03232959,202506,COOPERATIVA DE ECONOMIA E CRÉDITO MÚTUO DOS SERVIDORES ESTADUAIS DO PODER EXECUTIVO DO ESTADO DO ACRE EM RIO BRANCO - CBCRED-ACRE,199907,B3S,I,2,Cooperativa de Crédito,,AC,Rio Branco,,,,,I
05329167,202506,COOPERATIVA DE ECONOMIA E CRÉDITO MÚTUO DOS SERVIDORES ESTADUAIS E MUNICIPAIS NO MUNICÍPIO DE SÃO PAULO-CREDISECRES,200212,B3S,I,2,Cooperativa de Crédito,,SP,São Paulo,,,,,I
02475222,202506,COOPERATIVA DE ECONOMIA E CREDITO MUTUO DOS SERVIDORES ESTATUTARIOS DA ADMINISTRAÇÃO DIRETA DO ESTADO DO ESPIRITO SANTO - COOPSERVIDOR ES,199804,B3S,I,2,Cooperativa de Crédito,Mútuo PF com conta corrente,ES,Vitória,S5,,,,A
04368556,202506,COOPERATIVA DE ECONOMIA E CRÉDITO MÚTUO DOS SERVIDORES FAZENDÁRIOS DE ALAGOAS EM MACEIÓ - CREDASFAL,200104,B3S,I,2,Cooperativa de Crédito,,AL,Maceió,,,,,I
02376656,202506,COOPERATIVA DE ECONOMIA E CRÉDITO MÚTUO DOS SERVIDORES MUNICIPAIS DA REGIÃO METROPOLITANA DA BAIXADA SANTISTA,199711,B3S,I,2,Cooperativa de Crédito,,SP,Santos,,,,,I
16651002,202506,COOPERATIVA DE ECONOMIA E CRÉDITO MÚTUO DOS SERVIDORES MUNICIPAIS DE ITABIRA LTDA. - SICOOB COSEMI,198105,B3S,I,2,Cooperativa de Crédito,Mútuo PF sem conta corrente,MG,Itabira,S5,,,,A
03244611,202506,COOPERATIVA DE ECONOMIA E CRÉDITO MÚTUO DOS SERVIDORES MUNICIPAIS DE PARÁ DE MINAS LTDA.,199909,B3S,I,2,Cooperativa de Crédito,,MG,Pará de Minas,,,,,I
41791005,202506,COOPERATIVA DE ECONOMIA E CRÉDITO MÚTUO DOS SERVIDORES MUNICIPAIS DE POÇOS DE CALDAS LTDA. - COOPOÇOS,199201,B3S,I,2,Cooperativa de Crédito,Mútuo PF sem conta corrente,MG,Poços de Caldas,S5,,,,A
09978237,202506,COOPERATIVA DE ECONOMIA E CRÉDITO MÚTUO DOS SERVIDORES MUNICIPAIS DE VARGEM GRANDE DO SUL LTDA.,180001,B3S,I,2,Cooperativa de Crédito,,SP,Vargem Grande do Sul,,,,,I
32445645,202506,COOPERATIVA DE ECONOMIA E CREDITO MUTUO DOS SERVIDORES MUNICIPAIS DE VITORIA LTDA,180001,B3S,I,2,Cooperativa de Crédito,,ES,Vitória,,,,,I
01819799,202506,COOPERATIVA DE ECONOMIA E CREDITO MUTUO DOS SERVIDORES MUNICIPAIS DO SUL FLUMINENSE LTDA.,199612,B3S,I,2,Cooperativa de Crédito,Mútuo PF sem conta corrente,RJ,Volta Redonda,S5,,,,A
03603683,202506,COOPERATIVA DE ECONOMIA E CRÉDITO MÚTUO DOS SERVIDORES PÚBLICOS - SICOOB COOPERPLAN CREDSEF,200001,B3S,I,2,Cooperativa de Crédito,Mútuo PF com conta corrente,DF,Brasília,S5,,,,A
09978198,202506,COOPERATIVA DE ECONOMIA E CRÉDITO MÚTUO DOS SERVIDORES PUBLICOS DA PREFEITURA MUNICIPAL DE TRES CORACOES LTDA,180001,B3S,I,2,Cooperativa de Crédito,,MG,Três Corações,,,,,I
00991739,202506,COOPERATIVA DE ECONOMIA E CRÉDITO MÚTUO DOS SERVIDORES PÚBLICOS DA REGIÃO METROPOLITANA DE BELÉM - CREDISIS CREDBEM METROPOLITANA,199512,B3S,I,2,Cooperativa de Crédito,Mútuo PF sem conta corrente,PA,Belém,S5,,,,A
04769421,202506,COOPERATIVA DE ECONOMIA E CRÉDITO MÚTUO DOS SERVIDORES PÚBLICOS DE CHAPECÓ E REGIÃO - CRESOL CREDI CHAPECÓ,200202,B3S,I,2,Cooperativa de Crédito,,SC,Chapecó,,,,,I
04831810,202506,COOPERATIVA DE ECONOMIA E CRÉDITO MÚTUO DOS SERVIDORES PÚBLICOS DE PINHÃO - CRESERV CREDISIS,200202,B3S,I,2,Cooperativa de Crédito,Mútuo PF com conta corrente,PR,Pinhão,S5,,,,A
03023722,202506,COOPERATIVA DE ECONOMIA E CRÉDITO MÚTUO DOS SERVIDORES PÚBLICOS DO ESTADO DE MINAS GERAIS LTDA - COOPEMIG,199801,B3S,I,2,Cooperativa de Crédito,,MG,Belo Horizonte,,,,,I
86389244,202506,COOPERATIVA DE ECONOMIA E CRÉDITO MÚTUO DOS SERVIDORES PÚBLICOS DO ESTADO DE MINAS GERAIS NO MUNICÍPIO DE LAVRAS LTDA.,199402,B3S,I,2,Cooperativa de Crédito,,MG,Lavras,,,,,I
03139644,202506,COOPERATIVA DE ECONOMIA E CRÉDITO MÚTUO DOS SERVIDORES PÚBLICOS DO ESTADO DE SÃO PAULO - CREDIPAULISTA,199909,B3S,I,2,Cooperativa de Crédito,Atípicas,SP,São Paulo,S5,,,,A
11051952,202506,COOPERATIVA DE ECONOMIA E CRÉDITO MÚTUO DOS SERVIDORES PÚBLICOS DO LITORAL NORTE DO RIO GRANDE DO SUL   CRESOL COOPERSLIN,200909,B3S,I,2,Cooperativa de Crédito,,RS,Torres,,,,,I
03365338,202506,COOPERATIVA DE ECONOMIA E CREDITO MUTUO DOS SERVIDORES PUBLICOS DO MUNICIPIO DE CUIABA - CREDICUIABA,199911,B3S,I,2,Cooperativa de Crédito,,MT,Cuiabá,,,,,I
03639902,202506,COOPERATIVA DE ECONOMIA E CRÉDITO MÚTUO DOS SERVIDORES PÚBLICOS DO PODER EXECUTIVO FEDERAL NO ESTADO DO ESPÍRITO SANTO - CREDES,200003,B3S,I,2,Cooperativa de Crédito,Mútuo PF com conta corrente,ES,Vitória,S5,,,,A
04346379,202506,COOPERATIVA DE ECONOMIA E CREDITO MUTUO DOS SERVIDORES PUBLICOS DOS PODERES EXECUTIVO E LEGISLATIVO NO ESTADO DE MATO GROSSO - SICOOB SERVIDOR,200106,B3S,I,2,Cooperativa de Crédito,,MT,Cuiabá,,,,,I
34709527,202506,COOPERATIVA DE ECONOMIA E CRÉDITO MÚTUO DOS SERVIDORES PÚBLICOS EM RIO BRANCO - ACRE - CEMATER,199102,B3S,I,2,Cooperativa de Crédito,,AC,Rio Branco,,,,,I
83316810,202506,COOPERATIVA DE ECONOMIA E CRÉDITO MÚTUO DOS SERVIDORES PÚBLICOS FEDERAIS DA REGIÃO METROPOLITANA DE BELÉM DO PARÁ E DO IBGE NO ESTADO DO PARÁ - SICOOB FEDERAL PARÁ,199208,B3S,I,2,Cooperativa de Crédito,,PA,Belém,,,,,I
65308447,202506,COOPERATIVA DE ECONOMIA E CRÉDITO MÚTUO DOS SERVIDORES PÚBLICOS FEDERAIS DE UBERLÂNDIA LTDA.,199103,B3S,I,2,Cooperativa de Crédito,,MG,Uberlândia,,,,,I
04780309,202506,COOPERATIVA DE ECONOMIA E CRÉDITO MÚTUO DOS SERVIDORES PÚBLICOS FEDERAIS NA REGIÃO METROPOLITANA DE SALVADOR,200201,B3S,I,2,Cooperativa de Crédito,,BA,Salvador,,,,,I
27839349,202506,COOPERATIVA DE ECONOMIA E CREDITO MUTUO DOS SERVIDORES PUBLICOS MUNICIPAIS DE CABO FRIO LTDA,198211,B3S,I,2,Cooperativa de Crédito,,RJ,Cabo Frio,,,,,I
36363331,202506,COOPERATIVA DE ECONOMIA E CREDITO MUTUO DOS SERVIDORES PUBLICOS MUNICIPAIS DE CACHOEIRO DE ITAPEMIRIM LTDA,199111,B3S,I,2,Cooperativa de Crédito,,ES,Cachoeiro de Itapemirim,,,,,I
10540395,202506,COOPERATIVA DE ECONOMIA E CRÉDITO MÚTUO DOS SERVIDORES PÚBLICOS MUNICIPAIS DE CAMAÇARI - SERVFORTE,180001,B3S,I,2,Cooperativa de Crédito,,BA,Camaçari,,,,,I
02407689,202506,COOPERATIVA DE ECONOMIA E CRÉDITO MÚTUO DOS SERVIDORES PÚBLICOS MUNICIPAIS DE CONTAGEM LTDA.,199804,B3S,I,2,Cooperativa de Crédito,,MG,Contagem,,,,,I
02454082,202506,COOPERATIVA DE ECONOMIA E CRÉDITO MÚTUO DOS SERVIDORES PÚBLICOS MUNICIPAIS DE CURVELO LTDA.,199806,B3S,I,2,Cooperativa de Crédito,,MG,Curvelo,,,,,I
02357235,202506,COOPERATIVA DE ECONOMIA E CRÉDITO MÚTUO DOS SERVIDORES PUBLICOS MUNICIPAIS DE FRANCA-SERV-CRED,199801,B3S,I,2,Cooperativa de Crédito,,SP,Franca,,,,,I
09811247,202506,COOPERATIVA DE ECONOMIA E CRÉDITO MÚTUO DOS SERVIDORES PÚBLICOS MUNICIPAIS DE GOVERNADOR VALADARES,180001,B3S,I,2,Cooperativa de Crédito,,MG,Governador Valadares,,,,,I
02275049,202506,COOPERATIVA DE ECONOMIA E CRÉDITO MÚTUO DOS SERVIDORES PUBLICOS MUNICIPAIS DE GUARULHOS,180001,B3S,I,2,Cooperativa de Crédito,,SP,Guarulhos,,,,,I
05335851,202506,COOPERATIVA DE ECONOMIA E CREDITO MUTUO DOS SERVIDORES PUBLICOS MUNICIPAIS DE ITAJAI - SICOOB-ITACREDI/SC,200308,B3S,I,2,Cooperativa de Crédito,,SC,Itajaí,,,,,I
02780020,202506,COOPERATIVA DE ECONOMIA E CREDITO MUTUO DOS SERVIDORES PUBLICOS MUNICIPAIS DE JOINVILLE-COOPERCRED DE JOINVILLE,199810,B3S,I,2,Cooperativa de Crédito,,SC,Joinville,,,,,I
03990888,202506,COOPERATIVA DE ECONOMIA E CREDITO MUTUO DOS SERVIDORES PUBLICOS MUNICIPAIS DE PORTO ALEGRE,200007,B3S,I,2,Cooperativa de Crédito,Mútuo PF sem conta corrente,RS,Porto Alegre,S5,,,,A
18310649,202506,COOPERATIVA DE ECONOMIA E CRÉDITO MÚTUO DOS SERVIDORES PÚBLICOS MUNICIPAIS EM JOÃO MONLEVADE LTDA. - COPREMON,197512,B3S,I,2,Cooperativa de Crédito,Mútuo PF sem conta corrente,MG,João Monlevade,S5,,,,A
01330295,202506,COOPERATIVA DE ECONOMIA E CRÉDITO MÚTUO DOS SERVIDORES PÚBLICOS NO ESTADO DO ESPÍRITO SANTO,199608,B3S,I,2,Cooperativa de Crédito,Mútuo PF com conta corrente,ES,Vitória,S5,,,,I
05310083,202506,"COOPERATIVA DE ECONOMIA E CRÉDITO MÚTUO DOS SERVIDORES PÚBLICOS, EMPRESÁRIOS E PROFISSIONAIS LIBERAIS DA REGIÃO METROPOLITANA OESTE DA CAPITAL DE SÃO PAULO - SICOOB OZAZCRED",200212,B3S,I,2,Cooperativa de Crédito,,SP,Osasco,,,,,I
83899013,202506,COOPERATIVA DE ECONOMIA E CRÉDITO MÚTUO DOS TAXISTAS E SIMILARES DE BELÉM DO PARÁ LTDA.,199410,B3S,I,2,Cooperativa de Crédito,,PA,Belém,,,,,I
01235093,202506,COOPERATIVA DE ECONOMIA E CREDITO MUTUO DOS TELEFONICOS DO ESTADO DE MATO GROSSO LTDA COOPERTEL,199606,B3S,I,2,Cooperativa de Crédito,,MT,Cuiabá,,,,,I
92792738,202506,COOPERATIVA DE ECONOMIA E CREDITO MUTUO DOS TRABALHADORES DA CIA CARRIS PORTOALEGRENSE LTDA,196203,B3S,I,2,Cooperativa de Crédito,,RS,Porto Alegre,,,,,I
67915868,202506,COOPERATIVA DE ECONOMIA E CRÉDITO MÚTUO DOS TRABALHADORES DA CIA. DE PROCESSAMENTO DE DADOS DO ESTADO DE SÃO PAULO - CREDIPRODESP,199205,B3S,I,2,Cooperativa de Crédito,Atípicas,SP,Taboão da Serra,S5,,,,A
04464352,202506,COOPERATIVA DE ECONOMIA E CRÉDITO MÚTUO DOS TRABALHADORES DA COOPER STANDARD AUTOMOTIVE BRASIL SEALING LTDA. E FLUID SYSTEMS LTDA.,200107,B3S,I,2,Cooperativa de Crédito,,MG,Varginha,S5,,,,I
19476977,202506,COOPERATIVA DE ECONOMIA E CRÉDITO MÚTUO DOS TRABALHADORES DA FIAÇÃO E TECELAGEM SÃO JOSÉ LTDA,197611,B3S,I,2,Cooperativa de Crédito,,MG,Barbacena,,,,,I
17931957,202506,COOPERATIVA DE ECONOMIA E CRÉDITO MÚTUO DOS TRABALHADORES DA POLO INDÚSTRIA E COMÉRCIO LTDA. E PP PRINT EMBALAGENS LTDA. - COOPOL,198212,B3S,I,2,Cooperativa de Crédito,,MG,Varginha,,,,,I
01918144,202506,COOPERATIVA DE ECONOMIA E CRÉDITO MÚTUO DOS TRABALHADORES DA UNIVERSIDADE FEDERAL DE MINAS GERAIS LTDA. - COOPECREMT-UFMG,199708,B3S,I,2,Cooperativa de Crédito,,MG,Belo Horizonte,S5,,,,I
03045785,202506,COOPERATIVA DE ECONOMIA E CRÉDITO MÚTUO DOS TRABALHADORES DAS EMPRESAS DE TRANSPORTE RODOVIÁRIO DE PATOS DE MINAS,199903,B3S,I,2,Cooperativa de Crédito,,MG,Patos de Minas,,,,,I
90560434,202506,COOPERATIVA DE ECONOMIA E CRÉDITO MÚTUO DOS TRABALHADORES DAS INDÚSTRIAS METALÚRGICAS DE PORTO ALEGRE E GRANDE PORTO ALEGRE,196412,B3S,I,2,Cooperativa de Crédito,Mútuo PF sem conta corrente,RS,Cachoeirinha,S5,,,,A
73656795,202506,COOPERATIVA DE ECONOMIA E CREDITO MUTUO DOS TRABALHADORES DAS INSTITUIÇÕES DE ENSINO DA REGIÃO METROPOLITANA DE FLORIANOPOLIS SICOOB/SC- CREDTEC,199312,B3S,I,2,Cooperativa de Crédito,,SC,Florianópolis,,,,,I
02516826,202506,COOPERATIVA DE ECONOMIA E CRÉDITO MÚTUO DOS TRABALHADORES DE SEGUROS DE BELO HORIZONTE E REGIÃO METROPOLITANA LTDA.,199805,B3S,I,2,Cooperativa de Crédito,,MG,Belo Horizonte,,,,,I
02436113,202506,"COOPERATIVA DE ECONOMIA E CRÉDITO MÚTUO DOS TRABALHADORES DO ENSINO FUNDAMENTAL, MÉDIO E SUPERIOR DE TRÊS CORAÇÕES LTDA",199805,B3S,I,2,Cooperativa de Crédito,,MG,Três Corações,,,,,I
20177390,202506,COOPERATIVA DE ECONOMIA E CREDITO MUTUO DOS TRABALHADORES DO GRUPO EMPRESARIAL ITATIAIA LTDA. - COOPERITA,198409,B3S,I,2,Cooperativa de Crédito,Mútuo PF sem conta corrente,MG,Ubá,S5,,,,A
02562412,202506,COOPERATIVA DE ECONOMIA E CRÉDITO MÚTUO DOS TRABALHADORES DO GRUPO SÃO MARTINHO   USICRED,199804,B3S,I,2,Cooperativa de Crédito,Mútuo PF sem conta corrente,SP,Pradópolis,S5,,,,A
16599441,202506,COOPERATIVA DE ECONOMIA E CRÉDITO MÚTUO DOS TRABALHADORES DO MOINHO SUL MINEIRO S.A. LTDA. -  CREDISULMINEIRO,198105,B3S,I,2,Cooperativa de Crédito,,MG,Varginha,,,,,I
02850075,202506,COOPERATIVA DE ECONOMIA E CREDITO MUTUO DOS TRABALHADORES EM CONSELHOS DE FISCALIZACAO PROFISSIONAL NO MUNICIPIO DO RIO DE JANEIRO LTDA.,199902,B3S,I,2,Cooperativa de Crédito,Mútuo PF sem conta corrente,RJ,Rio de Janeiro,S5,,,,A
41814369,202506,COOPERATIVA DE ECONOMIA E CRÉDITO MÚTUO DOS TRABALHADORES EM EDUCAÇÃO LTDA,199205,B3S,I,2,Cooperativa de Crédito,,MG,Ubá,,,,,I
05579939,202506,COOPERATIVA DE ECONOMIA E CRÉDITO MÚTUO DOS TRABALHADORES EM EMPRESAS DE TRANSPORTES COLETIVOS URBANOS DE PASSAGEIROS DE PORTO ALEGRE - COOPCREDIRODOVIÁRIOS,200305,B3S,I,2,Cooperativa de Crédito,,RS,Porto Alegre,,,,,I
03323621,202506,COOPERATIVA DE ECONOMIA E CRÉDITO MÚTUO DOS TRABALHADORES EM ENSINO NO DISTRITO FEDERAL-CRÉD-ENSINO,199912,B3S,I,2,Cooperativa de Crédito,,DF,Brasília,,,,,I
04791797,202506,COOPERATIVA DE ECONOMIA E CRÉDITO MÚTUO DOS TRABALHADORES EM ESTABELECIMENTOS DE ENSINO DE BEBEDOURO-EDUCRED,200203,B3S,I,2,Cooperativa de Crédito,,SP,Bebedouro,,,,,I
27418557,202506,COOPERATIVA DE ECONOMIA E CRÉDITO MÚTUO DOS TRABALHADORES EM SANEAMENTO BÁSICO NO ESTADO DO ESPÍRITO SANTO - CECMESB-ES,197710,B3S,I,2,Cooperativa de Crédito,,ES,Vitória,S5,,,,I
05950221,202506,COOPERATIVA DE ECONOMIA E CRÉDITO MÚTUO DOS TRABALHADORES METRO-FERROVIÁRIOS E AEROVIÁRIOS DE PORTO ALEGRE E REGIÃO,200312,B3S,I,2,Cooperativa de Crédito,,RS,Porto Alegre,,,,,I
05735447,202506,"COOPERATIVA DE ECONOMIA E CRÉDITO MÚTUO DOS TRABALHADORES NA EXTRAÇÃO, BENEFICIAMENTO E TRANSPORTE DE ARDÓSIA DA REGIÃO CENTRO OESTE DO ESTADO DE MINAS GERAIS LTDA. - SICOOB ARDOCREDI",200309,B3S,I,2,Cooperativa de Crédito,,MG,Papagaios,,,,,I
46037073,202506,COOPERATIVA DE ECONOMIA E CRÉDITO MÚTUO DOS TRABALHADORES NA HONEYWELL,196807,B3S,I,2,Cooperativa de Crédito,,SP,Sorocaba,,,,,I
21965488,202506,COOPERATIVA DE ECONOMIA E CRÉDITO MÚTUO DOS TRABALHADORES NA INDÚSTRIA DE ENERGIA ELÉTRICA DE CATAGUASES LTDA,180001,B3S,I,2,Cooperativa de Crédito,,MG,Cataguases,,,,,I
71384697,202506,COOPERATIVA DE ECONOMIA E CRÉDITO MÚTUO DOS TRABALHADORES NAS INDÚSTRIAS DE EXTRAÇÃO DE FERRO E METAIS BÁSICOS DA REGIÃO DE CONGONHAS LTDA. - COOFERSE,199312,B3S,I,2,Cooperativa de Crédito,Mútuo PF sem conta corrente,MG,Congonhas,S5,,,,A
10719496,202506,"COOPERATIVA DE ECONOMIA E CRÉDITO MÚTUO DOS TRABALHADORES NAS INDÚSTRIAS METALÚRGICAS, MECÂNICA E MATERIAL ELÉTRICO DE SÃO LEOPOLDO E REGIÃO - COOPERMETAL",200903,B3S,I,2,Cooperativa de Crédito,,RS,São Leopoldo,S5,,,,I
02332514,202506,"COOPERATIVA DE ECONOMIA E CRÉDITO MÚTUO DOS TRABALHADORES NOS ESTABELECIMENTOS DE ENSINO PRIVADO DE EDUCAÇÃO INFANTIL, PRIMEIRO, SEGUNDO, TERCEIRO GRAU E PRÉ-VESTIBULAR DE BELO HORIZONTE LTDA.",199804,B3S,I,2,Cooperativa de Crédito,,MG,Belo Horizonte,,,,,I
03844699,202506,COOPERATIVA DE ECONOMIA E CREDITO MUTUO DOS TRABALHADORES PORTUARIOS DA GRANDE VITORIA - CREDESTIVA.,200005,B3S,I,2,Cooperativa de Crédito,Mútuo PF com conta corrente,ES,Vitória,S5,,,,A
17442343,202506,COOPERATIVA DE ECONOMIA E CRÉDITO MÚTUO DOS TRABALHADORES SINDICALIZADOS DA ÁREA DE SAÚDE E AFINS NA REGIÃO METROPOLITANA DE NATAL   SICOOB SINDICRED RN,201303,B3S,I,2,Cooperativa de Crédito,,RN,Natal,,,,,I
45691128,202506,COOPERATIVA DE ECONOMIA E CRÉDITO MÚTUO E BENEFÍCIOS SOCIAIS BECOOPER,197303,B3S,I,2,Cooperativa de Crédito,Mútuo PF sem conta corrente,SP,São José dos Campos,S5,,,,A
33725490,202506,COOPERATIVA DE ECONOMIA E CRÉDITO MÚTUO GÁVEA-RECOVEMA LTDA,196606,B3S,I,2,Cooperativa de Crédito,,RJ,Rio de Janeiro,,,,,I
01245342,202506,COOPERATIVA DE ECONOMIA E CREDITO MUTUO GRUPO SULTEPA LTDA,199607,B3S,I,2,Cooperativa de Crédito,,RS,Porto Alegre,,,,,I
79312765,202506,COOPERATIVA DE ECONOMIA E CREDITO MUTUO INEBRASA LTDA,198607,B3S,I,2,Cooperativa de Crédito,,SC,Itajaí,,,,,I
29460649,202506,COOPERATIVA DE ECONOMIA E CREDITO MUTUO ITARARE LTDA,197610,B3S,I,2,Cooperativa de Crédito,,RJ,Rio de Janeiro,,,,,I
33735192,202506,COOPERATIVA DE ECONOMIA E CREDITO MUTUO JOHN F. KENNEDY LTDA,196609,B3S,I,2,Cooperativa de Crédito,Mútuo PF sem conta corrente,RJ,Rio de Janeiro,S5,,,,A
42540377,202506,COOPERATIVA DE ECONOMIA E CREDITO MUTUO LUXOR LTDA,197602,B3S,I,2,Cooperativa de Crédito,,RJ,Rio de Janeiro,,,,,I
01828555,202506,COOPERATIVA DE ECONOMIA E CREDITO MUTUO MEDICOS E DEMAIS PROFISSIONAIS SAUDE AQUIDAUANA-MS LTDA,199706,B3S,I,2,Cooperativa de Crédito,,MS,Aquidauana,,,,,I
02493000,202506,"COOPERATIVA DE ECONOMIA E CRÉDITO MÚTUO NOS ESTADOS DE ALAGOAS, SERGIPE E BAHIA - SICOOB LESTE",199806,B3S,I,2,Cooperativa de Crédito,Mútuo com financiamento relevante,AL,Maceió,S5,,,,A
78739992,202506,COOPERATIVA DE ECONOMIA E CREDITO MUTUO PIP LTDA,198412,B3S,I,2,Cooperativa de Crédito,,PR,Campo Largo,,,,,I
71596142,202506,COOPERATIVA DE ECONOMIA E CRÉDITO MÚTUO SANTOS DUMONT LTDA,199303,B3S,I,2,Cooperativa de Crédito,,SP,São José dos Campos,,,,,I
05591437,202506,"COOPERATIVA DE ECONOMIA E CRÉDITO MÚTUO SERVIDORES PÚBLICOS ATIVOS, INATIVOS E PENSIONISTAS DA ADMINISTRAÇÃO DIRETA, INDIRETA E ASSEMBLÉIA LEGISLATIVA DO ESTADO DO RIO GRANDE SUL - COOPSERGS",200306,B3S,I,2,Cooperativa de Crédito,Mútuo PF sem conta corrente,RS,Porto Alegre,S5,,,,A
03010047,202506,COOPERATIVA DE ECONOMIA E CREDITO MUTUO SERVIDORES PUBLICOS DO PODER EXECUTIVO DO ESTADO DO RS,199904,B3S,I,2,Cooperativa de Crédito,,RS,Porto Alegre,,,,,I
00915950,202506,COOPERATIVA DE ECONOMIA E CREDITO MUTUO SICOOB COOPERCREDI - SP,199510,B3S,I,2,Cooperativa de Crédito,,SP,São Paulo,S5,,,,I
09004796,202506,COOPERATIVA DE ECONOMIA E CRÉDITO MÚTUO SICOOB CRED-ACILPA,200709,B3S,I,2,Cooperativa de Crédito,Mútuo com relevância em PJ,SP,Lençóis Paulista,S5,,,,A
04833655,202506,COOPERATIVA DE ECONOMIA E CRÉDITO MÚTUO SICOOB METALCRED,200202,B3S,I,2,Cooperativa de Crédito,Mútuo com relevância em PJ,SP,São Paulo,S5,,,,A
65560658,202506,COOPERATIVA DE ECONOMIA E CRÉDITO MÚTUO SICOOB SANTA,199105,B3S,I,2,Cooperativa de Crédito,,SP,São Paulo,S5,,,,I
17778234,202506,COOPERATIVA DE ECONOMIA E CRÉDITO MÚTUO UBERABENSE LTDA,197206,B3S,I,2,Cooperativa de Crédito,,MG,Uberaba,,,,,I
34054932,202506,COOPERATIVA DE ECONOMIA E CREDITO MUTUO UNIBRASA LTDA,196910,B3S,I,2,Cooperativa de Crédito,,RJ,Rio de Janeiro,,,,,I
04445917,202506,COOPERATIVA DE ECONOMIA E CRÉDITO MÚTUO UNICRED COALIZÃO LTDA - UNICRED COALIZÃO,200107,B3S,I,2,Cooperativa de Crédito,Mútuo com relevância em PJ,RJ,Campos dos Goytacazes,S5,,,,A
95163002,202506,COOPERATIVA DE ECONOMIA E CRÉDITO MÚTUO UNICRED ELEVA LTDA.,199309,B3S,I,2,Cooperativa de Crédito,Mútuo com relevância em PJ,RS,Santo Ângelo,S5,,,,A
01526924,202506,COOPERATIVA DE ECONOMIA E CRÉDITO MÚTUO UNICRED HORIZONTES LTDA - UNICRED HORIZONTES,199612,B3S,I,2,Cooperativa de Crédito,Mútuo com relevância em PJ,RS,Ijuí,S5,,,,A
73750424,202506,COOPERATIVA DE ECONOMIA E CRÉDITO MÚTUO UNICRED INTEGRAÇÃO LTDA.,199402,B3S,I,2,Cooperativa de Crédito,Mútuo com relevância em PJ,RS,Caxias do Sul,S5,,,,A
02641032,202506,COOPERATIVA DE ECONOMIA E CRÉDITO MÚTUO UNICRED PONTO CAPITAL - UNICRED PONTO CAPITAL.,199809,B3S,I,2,Cooperativa de Crédito,Mútuo com relevância em PJ,RS,Santa Maria,S5,,,,A
01705236,202506,COOPERATIVA DE ECONOMIA E CRÉDITO MÚTUO UNICRED PROSPERAR LTDA. - UNICRED PROSPERAR,199704,B3S,I,2,Cooperativa de Crédito,Mútuo com relevância em PJ,RS,Sant'Ana do Livramento,S5,,,,A
25606237,202506,COOPERATIVA DE POUPANÇA E CRÉDITO DO VALE DO RIO DOCE LTDA - SICOOB CREDIRIODOCE,198905,B3S,I,2,Cooperativa de Crédito,Atípicas,MG,Governador Valadares,S5,,,,A
97259253,202506,COOPERATIVA E ECONOMIA E CRÉDITO MÚTUO DOS MÉDICOS DO PLANALTO MÉDIO DO RIO GRANDE DO SUL LTDA. - CREDISIS/CREDIPLAN,199402,B3S,I,2,Cooperativa de Crédito,Atípicas,RS,Passo Fundo,S5,,,,A
20761177,202506,COOPERATIVA REGIONAL DE CRÉDITO RURAL EM MUZAMBINHO LTDA - CREDICERES,198508,B3S,I,2,Cooperativa de Crédito,,MG,Muzambinho,,,,,I
07572662,202506,COOPERATIVA RURAL DE JARDIM LTDA.,196907,B3S,I,2,Cooperativa de Crédito,,CE,Jardim,,,,,I
81704744,202506,COOPERCOROL COOPERATIVA DE CRÉDITO MÚTUO.,198912,B3S,I,2,Cooperativa de Crédito,,PR,Rolândia,,,,,I
83383042,202506,COOPERDADOS  - COOPERATIVA DE ECONOMIA E CRÉDITO MÚTUO DOS EMPREGADOS DA EMPRESA DE PROCESSAMENTO DE DADOS DO ESTADO DO PARÁ LTDA.,199306,B3S,I,2,Cooperativa de Crédito,,PA,Belém,,,,,I
01658426,202506,COOPERFORTE COOPERATIVA DE CRÉDITO E INVESTIMENTOS LTDA,198508,B3S,I,2,Cooperativa de Crédito,Mútuo PF sem conta corrente,DF,Brasília,S5,,,,A
83325936,202506,COOPERJUP - COOPERATIVA DE ECONOMIA E CRÉDITO MÚTUO DOS SERVIDORES DA JUNTA COMERCIAL DO ESTADO DO PARÁ LTDA,199211,B3S,I,2,Cooperativa de Crédito,,PA,Belém,,,,,I
83326900,202506,COOPERMÚTUOBELÉM - COOPERATIVA DE ECONOMIA E CRÉDITO MÚTUO DOS EMPREGADOS DE COOPERATIVAS E ENTIDADES COOPERATIVISTAS DE BELÉM DO PARÁ LTDA,199208,B3S,I,2,Cooperativa de Crédito,,PA,Belém,,,,,I
68848563,202506,COOPESA-COOPERATIVA DE ECONOMIA E CREDITO MUTUO DOS FUNCIONARIOS DA COESA TRANSPORTES E EMPRESAS COLIGADAS LTDA,199304,B3S,I,2,Cooperativa de Crédito,,RJ,São Gonçalo,S5,,,,I
05739975,202506,COOPESCE CECME DO SEBRAE - CE LTDA.,200307,B3S,I,2,Cooperativa de Crédito,,CE,Fortaleza,,,,,I
04995006,202506,COOPESTADO - COOPERATIVA DE ECONOMIA E CRÉDITO MÚTUO DOS SERVIDORES PÚBLICOS NA REGIÃO METROPOLITANA DO ESTADO DO RIO DE JANEIRO LIMITADA,200203,B3S,I,2,Cooperativa de Crédito,Mútuo PF sem conta corrente,RJ,Rio de Janeiro,S5,,,,A
06940082,202506,COOPETRAUX-CRED - COOPERATIVA DE ECONOMIA E CREDITO MUTUO DOS EMPREGADOS EM POSTOS DE REVENDA DE COMBUSTIVEIS DO GRANDE RIO LTDA.,200411,B3S,I,2,Cooperativa de Crédito,,RJ,Rio de Janeiro,,,,,I
00729801,202506,COOPGUARDA - COOPERATIVA DE ECONOMIA E CREDITO MUTUO DOS SERVIDORES DA GUARDA MUNICIPAL DO RIO DE JANEIRO LTDA,199510,B3S,I,2,Cooperativa de Crédito,,RJ,Rio de Janeiro,,,,,I
41219353,202506,"COOPSEBRAE - COOPERATIVA DE CREDITO MUTUO DOS EMPREGADOS DO SEBRAE/PB, SEBRAE/RN, SESC/PB, SENAC/PB E SENAR/PB",199310,B3S,I,2,Cooperativa de Crédito,Mútuo PF sem conta corrente,PB,João Pessoa,S5,,,,A
02321862,202506,COOPSEBRAM - COOPERATIVA DE ECONOMIA E CRÉDITO LTDA.,199802,B3S,I,2,Cooperativa de Crédito,,AM,Manaus,S5,,,,I
02152554,202506,COOPSEGURA - COOPERATIVA DE ECONOMIA E CRÉDITO MÚTUO DOS SERVIDORES DA SECRETARIA DE DEFESA SOCIAL DO ESTADO DE PERNAMBUCO LTDA,199801,B3S,I,2,Cooperativa de Crédito,,PE,Recife,,,,,I
02723075,202506,COOPSERJ - COOPERATIVA DE CRÉDITO MÚTUO DOS SERVIDORES PÚBLICOS DO PODER EXECUTIVO DO ESTADO DO RIO DE JANEIRO LTDA.,199806,B3S,I,2,Cooperativa de Crédito,Mútuo PF sem conta corrente,RJ,Rio de Janeiro,S5,,,,A
58022195,202506,COPERCRED - COOPERATIVA DE ECONOMIA E CRÉDITO MÚTUO DOS EMPREGADOS DAS EMPRESAS ZILLO LORENZETTI,198712,B3S,I,2,Cooperativa de Crédito,Mútuo PF com conta corrente,SP,Lençóis Paulista,S5,,,,A
23241540,202506,CREBEL - COOPERATIVA DE ECONOMIA E CRÉDITO MÚTUO DOS COLABORADORES DAS EMPRESAS BELGO BEKAERT - CREBEL LTDA.,196909,B3S,I,2,Cooperativa de Crédito,Atípicas,MG,Contagem,S5,,,,A
04420637,202506,CREDCOOPAGAR - COOPERATIVA DE ECONOMIA E CRÉDITO MÚTUO DOS CAIXAS DE COBRANÇA NA GRANDE NATAL,200107,B3S,I,2,Cooperativa de Crédito,,RN,Natal,,,,,I
04899135,202506,CREDEXTRA - COOPERATIVA DE ECONOMIA E CRÉDITO MÚTUO DOS EMPREGADOS DA REALMAR DISTRIBUIDORA LTDA,200202,B3S,I,2,Cooperativa de Crédito,,ES,Serra,S5,,,,I
05500861,202506,CREDFONE - COOPERATIVA DE CRÉDITO DOS EMPREGADOS EM EMPRESAS DO SETOR DE TELECOMUNICAÇÕES NO ESTADO DE SÃO PAULO,200304,B3S,I,2,Cooperativa de Crédito,,SP,São Paulo,,,,,I
82096447,202506,CREDI&GENTE - COOPERATIVA DE CRÉDITO E INVESTIMENTOS,199009,B3S,I,2,Cooperativa de Crédito,Mútuo PF com conta corrente,PR,Curitiba,S5,,,,A
78157146,202506,CREDIALIANÇA COOPERATIVA DE CRÉDITO RURAL,198312,B3S,I,2,Cooperativa de Crédito,Crédito misto,PR,Rolândia,S5,,,,A
03626764,202506,CREDIBOM - COOPERATIVA DE ECONOMIA E CRÉDITO MÚTUO DOS SERVIDORES PÚBLICOS MILITARES E DEFESA CIVIL DO ESTADO DO RIO DE JANEIRO LTDA,200001,B3S,I,2,Cooperativa de Crédito,,RJ,Rio de Janeiro,,,,,I
81723108,202506,CREDICOAMO CREDITO RURAL COOPERATIVA,199003,B3S,I,2,Cooperativa de Crédito,Crédito rural,PR,Campo Mourão,S4,,,,A
02996857,202506,CREDICORES - COOPERATIVA DE ECONOMIA E CRÉDITO MÚTUO DOS PROFISSIONAIS DA ÁREA DE SEGUROS DO ESPÍRITO SANTO,199903,B3S,I,2,Cooperativa de Crédito,,ES,Vitória,,,,,I
09815695,202506,CREDIMIL - COOPERATIVA DE CRÉDITO MÚTUO DOS MILITARES E DEMAIS SERVIDORES DAS FORÇAS ARMADAS NO ESTADO DO RIO DE JANEIRO,180001,B3S,I,2,Cooperativa de Crédito,,RJ,Rio de Janeiro,,,,,I
04551113,202506,CREDINAT - COOPERATIVA DE ECONOMIA E CRÉDITO MÚTUO DOS SERVIDORES PÚBLICOS DA REGIÃO METROPOLITANA DA GRANDE NATAL - RIO GRANDE DO NORTE,200109,B3S,I,2,Cooperativa de Crédito,,RN,Natal,,,,,I
97352066,202506,CREDIPORTO-COOPERATIVA DE CRÉDITO RURAL DE PORTO NACIONAL LTDA,199405,B3S,I,2,Cooperativa de Crédito,,TO,Porto Nacional,,,,,I
62109566,202506,CREDISAN COOPERATIVA DE CRÉDITO,199003,B3S,I,2,Cooperativa de Crédito,Atípicas,SP,São João da Boa Vista,S5,,,,A
05439425,202506,CREDISIS CAPITALCREDI - COOPERATIVA DE CRÉDITO DE LIVRE ADMISSÃO DO ACRE LTDA,200302,B3S,I,2,Cooperativa de Crédito,Atípicas,AC,Rio Branco,S5,,,,A
83325811,202506,CREDISIS COOPERUFPA - COOPERATIVA DE ECONOMIA E CRÉDITO MÚTUO DOS SERVIDORES PÚBLICOS FEDERAIS E ESTADUAIS E DAS ENTIDADES DE ENSINO COM SEUS RESPECTIVOS FUNCIONÁRIOS NO ESTADO DO PARÁ,199302,B3S,I,2,Cooperativa de Crédito,Mútuo PF sem conta corrente,PA,Belém,S5,,,,A
06975532,202506,CREDISIS COOPESA - COOPERATIVA DE ECONOMIA E CRÉDITO,200411,B3S,I,2,Cooperativa de Crédito,Atípicas,RS,Porto Alegre,S5,,,,A
03222753,202506,CREDISIS CREDIARI - COOPERATIVA DE CRÉDITO LTDA.,199909,B3S,I,2,Cooperativa de Crédito,Mútuo com relevância em PJ,RO,Ariquemes,S5,,,,A
05597773,202506,CREDISIS CREDIBRÁS COOPERATIVA DE CRÉDITO E INVESTIMENTO DE LIVRE ADMISSÃO DO OESTE DE RONDÔNIA,200306,B3S,I,2,Cooperativa de Crédito,Mútuo PF com conta corrente,RO,Nova Brasilândia D'Oeste,S5,,,,A
02309070,202506,CREDISIS JICRED - COOPERATIVA DE CRÉDITO DE LIVRE ADMISSÃO JICRED,199802,B3S,I,2,Cooperativa de Crédito,Crédito misto,RO,Ji-Paraná,S5,,,,A
04985665,202506,CREDISIS OESTE - COOPERATIVA DE CRÉDITO E INVESTIMENTO DO OESTE,200206,B3S,I,2,Cooperativa de Crédito,Crédito misto,RO,Espigão D'Oeste,S5,,,,A
26563270,202506,CREDISIS PRIMACREDI COOPERATIVA DE CRÉDITO,199104,B3S,I,2,Cooperativa de Crédito,Crédito misto,MT,Primavera do Leste,S5,,,,A
03985375,202506,CREDISIS SUDOESTE/RO - COOPERATIVA DE CRÉDITO E INVESTIMENTO DO SUDOESTE DE RONDÔNIA,200012,B3S,I,2,Cooperativa de Crédito,Mútuo com relevância em PJ,RO,Rolim de Moura,S5,,,,A
07494300,202506,CREDISIS/CREDISUL COOPERATIVA DE CRÉDITO,200508,B3S,I,2,Cooperativa de Crédito,Mútuo com relevância em PJ,RS,Erechim,S5,,,,A
09777298,202506,CREDITO PAULISTA SOCIEDADE COOPERATIVA LTDA,180001,B3S,I,2,Cooperativa de Crédito,,,,,,,,I
04866782,202506,CREDIVALE - COOPERATIVA DE CRÉDITO RURAL DO BAIXO JAGUARIBE LTDA.,200203,B3S,I,2,Cooperativa de Crédito,,CE,Limoeiro do Norte,,,,,I
03326826,202506,CREDIVIG - COOPERATIVA DE ECONOMIA E CRÉDITO MÚTUO DOS VIGILANTES E PROFISSIONAIS DA ÁREA DE SEGURANÇA PRIVADA DO ESTADO DO RIO DE JANEIRO,199911,B3S,I,2,Cooperativa de Crédito,,RJ,Rio de Janeiro,,,,,I
04608925,202506,CREDJUST - COOPERATIVA DE CRÉDITO MÚTUO DOS INTEGRANTES DA JUSTIÇA DO TRABALHO DA 13- REGIÃO LTDA.,200110,B3S,I,2,Cooperativa de Crédito,Mútuo PF com conta corrente,PB,João Pessoa,S5,,,,A
05025926,202506,CREDNORTE - COOPERATIVA DE CRÉDITO RURAL DA REGIÃO NORTE DO CEARÁ LTDA.,200207,B3S,I,2,Cooperativa de Crédito,,CE,Massapê,,,,,I
01495247,202506,CREDSAM - COOPERATIVA DE CRÉDITO DOS FUNCIONÁRIOS DO GRUPO SAMELLO,199703,B3S,I,2,Cooperativa de Crédito,,SP,Franca,,,,,I
07201122,202506,CREDZAT - COOPERATIVA DE FOMENTO AO CRÉDITO DE FORTALEZA LTDA.,196905,B3S,I,2,Cooperativa de Crédito,,CE,Fortaleza,,,,,I
28145589,202506,CRETOVALE - COOPERATIVA DE ECONOMIA E CRÉDITO MÚTUO DOS TRABALHADORES DA VALE,196709,B3S,I,2,Cooperativa de Crédito,Mútuo PF sem conta corrente,ES,Vitória,S5,,,,A
02695381,202506,EDUCATIVA - COOPERATIVA DE ECONOMIA E CRÉDITO MÚTUO DOS PROFESSORES DA SECRETARIA DE  EDUCAÇÃO E ESPORTES DO ESTADO DE  PERNAMBUCO NO RECIFE E REGIÃO METROPOLITANA,199809,B3S,I,2,Cooperativa de Crédito,,PE,Recife,,,,,I
05476680,202506,"ENGECREDI - COOPERATIVA DE ECONOMIA E CRÉDITO MÚTUO DOS ENGENHEIROS,  AGRÔNOMOS,  ARQUITETOS,  GEÓLOGOS,  GEÓGRAFOS E METEOROLOGISTAS DA REGIÃO METROPOLITANA DE FORTALEZA LTDA.",200303,B3S,I,2,Cooperativa de Crédito,,CE,Fortaleza,,,,,I
46277273,202506,GPATIVA - COOPERATIVA DE ECONOMIA E CRÉDITO MÚTUO DOS EMPREGADOS DO GRUPO PÃO DE AÇÚCAR,197412,B3S,I,2,Cooperativa de Crédito,Mútuo PF sem conta corrente,SP,São Paulo,S5,,,,A
02347114,202506,GREENCRED - COOPERATIVA DE CREDITO,199802,B3S,I,2,Cooperativa de Crédito,Atípicas,PR,Curitiba,S5,,,,A
04306351,202506,INDEPENDÊNCIA COOPERATIVA DE CRÉDITO E INVESTIMENTO - INDEPENDÊNCIA COOPERATIVA DE CRÉDITO,200104,B3S,I,2,Cooperativa de Crédito,Atípicas,SP,São Paulo,S5,,,,A
04334337,202506,"JURISCOOPE - COOPERATIVA DE ECONOMIA E CRÉDITO MÚTUO DOS MAGISTRADOS, MEMBROS DO MINISTÉRIO PÚBLICO, PROCURADORES E DEFENSORES PÚBLICOS, SEUS SERVIDORES E SERVIDORES DO JUDICIÁRIO EM PERNAMBUC0",200103,B3S,I,2,Cooperativa de Crédito,,PE,Recife,,,,,I
39343350,202506,LAR COOPERATIVA DE CRÉDITO - LAR CREDI,202105,B3S,I,2,Cooperativa de Crédito,Mútuo PF com conta corrente,PR,Medianeira,S5,,,,A
03575699,202506,MEDCRED COOPERATIVA DE CRÉDITO,200002,B3S,I,2,Cooperativa de Crédito,Mútuo com relevância em PJ,SP,Ribeirão Preto,S5,,,,I
49204605,202506,NOSSA TERRA COOPERATIVA DE CRÉDITO DOS EMPREGADOS DAS EMPRESAS DE AGRONEGÓCIO E AFINS,197805,B3S,I,2,Cooperativa de Crédito,Mútuo PF sem conta corrente,SP,Cajati,S5,,,,A
83326827,202506,ODONTOCRED DE BELÉM - COOPERATIVA DE ECONOMIA E CRÉDITO MÚTUO DOS ODONTOLOGOS DE BELÉM DO PARÁ LTDA,199211,B3S,I,2,Cooperativa de Crédito,,PA,Belém,,,,,I
03973814,202506,SERVICOOP - COOPERATIVA DE CRÉDITO DOS SERVIDORES PÚBLICOS ESTADUAIS E MUNICIPAIS DO RIO GRANDE DO SUL,200009,B3S,I,2,Cooperativa de Crédito,Mútuo PF com conta corrente,RS,Porto Alegre,S5,,,,A
01559914,202506,SICOOB AC CREDI - COOPERATIVA DE CRÉDITO DE LIVRE ADMISSÃO DO LESTE E NORDESTE MINEIRO LTDA.,199612,B3S,I,2,Cooperativa de Crédito,Mútuo com financiamento relevante,MG,Governador Valadares,S5,,,,A
71328769,202506,SICOOB COCRED COOPERATIVA DE CRÉDITO,196909,B3S,I,2,Cooperativa de Crédito,Crédito misto,SP,Sertãozinho,S3,,,,A
00484473,202506,SICOOB COOPEA - COOPERATIVA DE ECONOMIA E CRÉDITO MÚTUO DOS SERVIDORES DA CEPLAC NA AMAZÔNIA ORIENTAL LTDA.,199503,B3S,I,2,Cooperativa de Crédito,,PA,Belém,,,,,I
64739121,202506,SICOOB CRED COPERCANA COOPERATIVA DE CRÉDITO,199101,B3S,I,2,Cooperativa de Crédito,Atípicas,SP,Sertãozinho,S5,,,,A
42898825,202506,SICOOB CREDICOM - COOPERATIVA DE ECONOMIA E CREDITO MUTUO DOS MEDICOS E PROFISSIONAIS DA AREA DE SAUDE DO BRASIL LTDA.,199210,B3S,I,2,Cooperativa de Crédito,Mútuo com relevância em PJ,MG,Belo Horizonte,S5,,,,A
47074323,202506,SICOOB CREDICONSUMO - COOPERATIVA DE CRÉDITO,198109,B3S,I,2,Cooperativa de Crédito,Mútuo PF com conta corrente,SP,Santo André,S5,,,,A
56882988,202506,"SICOOB CREDICONT - COOPERATIVA ECONOMIA CRÉDITO MÚTUO EMPREGADOS EMPRESAS INDUSTRIAIS, COMERCIAIS,DE ASSIST. TÉCNICA E LOCADORAS, NAS ÁREAS DE METALURGIA E MAT. ELÉTRICO REGIÕES SÃO PAULO E CAMPINAS",198701,B3S,I,2,Cooperativa de Crédito,,SP,Hortolândia,,,,,I
37255049,202506,SICOOB CREDIGOIÁS COOPERATIVA DE CRÉDITO LTDA.,199201,B3S,I,2,Cooperativa de Crédito,Crédito rural,GO,Goiânia,S5,,,,A
71336432,202506,SICOOB CREDIMED - COOPERATIVA DE CRÉDITO DE LIVRE ADMISSÃO DA CIDADE DE UBERABA LTDA.,199309,B3S,I,2,Cooperativa de Crédito,Mútuo PF com conta corrente,MG,Uberaba,S5,,,,A
02031139,202506,SICOOB CREDIMONTES - COOPERATIVA DE CRÉDITO DE LIVRE ADMISSÃO REGIONAL DE MONTES CLAROS LTDA,199709,B3S,I,2,Cooperativa de Crédito,Mútuo com relevância em PJ,MG,Montes Claros,S5,,,,A
01667766,202506,SICOOB CREDINOVA - COOPERATIVA DE CRÉDITO DE LIVRE ADMISSÃO DE NOVA SERRANA E REGIÃO CENTRO-OESTE LTDA.,199705,B3S,I,2,Cooperativa de Crédito,Atípicas,MG,Nova Serrana,S5,,,,A
54190525,202506,SICOOB CRESSEM - COOPERATIVA DE ECNONOMIA E CRÉDITO MUTUO DOS SERVIDORES MUNICIPAIS DA REGIÃO METROPOLITANA DO VALE DO PARAIBA E LITORAL NORTE,198412,B3S,I,2,Cooperativa de Crédito,Mútuo PF com conta corrente,SP,São José dos Campos,S5,,,,A
71698674,202506,SICOOB MANTIQUEIRA - COOPERATIVA DE CRÉDITO DE LIVRE ADMISSÃO,199309,B3S,I,2,Cooperativa de Crédito,Mútuo com relevância em PJ,SP,Taubaté,S5,,,,A
00259231,202506,SICOOB UNIMAIS METROPOLITANA - COOPERATIVA DE CRÉDITO DE LIVRE ADMISSÃO,199408,B3S,I,2,Cooperativa de Crédito,Mútuo com relevância em PJ,SP,Santos,S5,,,,A
74220948,202506,SICOOB UNISP - COOPERATIVA DE CRÉDITO,199403,B3S,I,2,Cooperativa de Crédito,Atípicas,SP,Presidente Prudente,S5,,,,A
86913993,202506,SICREDI CARIRI - COOPERATIVA DE CRÉDITO DA REGIÃO DO CARIRI,199405,B3S,I,2,Cooperativa de Crédito,,CE,Juazeiro do Norte,S5,,,,I
72257793,202506,SICREDI CEARÁ - COOPERATIVA DE CRÉDITO DO ESTADO DO CEARÁ,199307,B3S,I,2,Cooperativa de Crédito,Mútuo com financiamento relevante,CE,Fortaleza,S4,,,,A
03428338,202506,SICREDI CREDUNI - COOPERATIVA DE ECONOMIA E CRÉDITO MÚTUO DOS SERV DAS INST PÚBLICAS DE ENSINO SUPERIOR DO ESTADO DA PARAÍBA E DAS DEMAIS INSTITUIÇÕES E ÓRGÃOS PÚBLICOS NO ESTADO DA PARAÍBA,199912,B3S,I,2,Cooperativa de Crédito,Mútuo PF com conta corrente,PB,Campina Grande,S4,,,,A
04179861,202506,"SICREDI JURISCRED - COOPERATIVA DE CRÉDITO DOS MEMBROS DO PODER JUDICIÁRIO, DO MINISTÉRIO PÚBLICO, DA ADVOCACIA, DE ÓRGÃOS JURÍDICOS E DE SERVIDORES PÚBLICOS ESTADUAIS E MUNICIPAIS EM ALAGOAS",200101,B3S,I,2,Cooperativa de Crédito,,AL,Maceió,,,,,I
83315408,202506,SICREDI NORTE - COOPERATIVA DE CRÉDITO,199208,B3S,I,2,Cooperativa de Crédito,Mútuo com relevância em PJ,PA,Belém,S4,,,,A
70241658,202506,"SICREDI RECIFE - COOPERATIVA DE CRÉDITO, POUPANÇA E INVESTIMENTO SICREDI RECIFE",199401,B3S,I,2,Cooperativa de Crédito,Mútuo com relevância em PJ,PE,Recife,S4,,,,A
02398976,202506,SISPRIME DO BRASIL - COOPERATIVA DE CRÉDITO,199803,B3S,I,2,Cooperativa de Crédito,Mútuo com financiamento relevante,PR,Londrina,S4,,,,A
73398646,202506,SOCIEDADE COOPERATIVA DE CRÉDITO COOPERE LTDA.  - SICOOB COOPERE,199310,B3S,I,2,Cooperativa de Crédito,Mútuo PF com conta corrente,BA,Valente,S5,,,,A
02763985,202506,SOCIEDADE COOPERATIVA DE CRÉDITO RURAL DE TRINDADE DE RESPONSABILIDADE LTDA,196902,B3S,I,2,Cooperativa de Crédito,,GO,Trindade,,,,,I
01492776,202506,SOCIEDADE COOPERATIVA DE CRÉDITO RURAL DO PLANALTO LTDA,196904,B3S,I,2,Cooperativa de Crédito,,GO,Formosa,,,,,I
33132952,202506,SOCIEDADE COOPERATIVA DE RESPONSABILIDADE LTDA 'LAI SPAR CASSE' DO RIO DE JANEIRO,196712,B3S,I,2,Cooperativa de Crédito,,RJ,Rio de Janeiro,,,,,I
04255557,202506,SP CREDIT - COOPERATIVA DE CRÉDITO DOS SERVIDORES PÚBLICOS DA GRANDE SÃO PAULO,200109,B3S,I,2,Cooperativa de Crédito,,SP,São Paulo,,,,,I
83325985,202506,SUCRED - COOPERATIVA DE ECONOMIA E CRÉDITO MÚTUO DOS FUNCIONÁRIOS DA SUDAM LTDA,199209,B3S,I,2,Cooperativa de Crédito,,PA,Belém,,,,,I
04507147,202506,TECNOCRERJ - COOPERATIVA DE ECONOMIA E CRÉDITO MÚTUO DOS PROFISSIONAIS DAS ÁREAS SUJEITAS À INSCRIÇÃO NO CREA DA REGIÃO  METROPOLITANA DO RIO DE JANEIRO LTDA,200107,B3S,I,2,Cooperativa de Crédito,,RJ,Rio de Janeiro,,,,,I
04428988,202506,"UNÂNIME - COOPERATIVA DE ECONOMIA E CRÉDITO MÚTUO DOS SERVIDORES PÚBLICOS DO PODER EXECUTIVO DO ESTADO DO CEARÁ, NA REGIÃO METROPOLITANA DE FORTALEZA LTDA.",200107,B3S,I,2,Cooperativa de Crédito,,CE,Fortaleza,,,,,I
71653687,202506,UNICRED - COOPERATIVA DE ECONOMIA E CRÉDITO MÚTUO DOS MÉDICOS DE CATANDUVA E MUNICÍPIOS LIMÍTROFES LTDA,199305,B3S,I,2,Cooperativa de Crédito,,SP,Catanduva,,,,,I
02214201,202506,"UNICRED CABO FRIO, COOPERATIVA DE ECONOMIA E CRÉDITO MÚTUO DOS MÉDICOS E DEMAIS PROFISSIONAIS DE SAÚDE DE CABO FRIO LTDA.",199711,B3S,I,2,Cooperativa de Crédito,,RJ,Cabo Frio,,,,,I
39231527,202506,UNICRED COSTA DO SOL RJ - COOPERATIVA DE ECONOMIA E CRÉDITO MÚTUO LTDA.,199306,B3S,I,2,Cooperativa de Crédito,Mútuo com financiamento relevante,RJ,Macaé,S5,,,,I
02466014,202506,UNICRED DE ARARUAMA-COOPERATIVA DE ECONOMIA E CREDITO MUTUO DOS MEDICOS E DEMAIS PROFISSIONAIS DE SAUDE DE ARARUAMA LTDA,199804,B3S,I,2,Cooperativa de Crédito,,RJ,Araruama,,,,,I
00918800,202506,UNICRED DE NOVA FRIBURGO - COOPERATIVA DE ECONOMIA E CREDITO MUTUO DOS MEDICOS E DEMAIS PROFISSIONAIS DE SAUDE DE NOVA FRIBURGO LTDA,199605,B3S,I,2,Cooperativa de Crédito,,RJ,Nova Friburgo,,,,,I
71846638,202506,UNICRED MANTIQUEIRA - COOPERATIVA DE ECONOMIA E CRÉDITO MÚTUO DOS MÉDICOS DE CRUZEIRO LTDA,199309,B3S,I,2,Cooperativa de Crédito,,SP,Cruzeiro,,,,,I
86803830,202506,UNICRED REGIONAL DO ARACATI - COOPERATIVA DE ECONOMIA E CRÉDITO MÚTUO DOS MÉDICOS DA REGIÃO DE ARACATI LTDA.,199405,B3S,I,2,Cooperativa de Crédito,,CE,Aracati,,,,,I
00068314,202506,UNICRED SERTAO CENTRAL DO CEARÁ - COOPERATIVA DE ECONOMIA E CRÉDITO MÚTUO DOS MÉDICOS DA REGIÃO SERTÃO CENTRAL DO CEARÁ LTDA,199407,B3S,I,2,Cooperativa de Crédito,,CE,Quixeramobim,,,,,I
86913977,202506,UNICRED SOBRAL - COOPERATIVA DE ECONOMIA E CRÉDITO MÚTUO DOS  MÉDICOS E DEMAIS PROFISSIONAIS DA SAÚDE DA REGIÃO DE SOBRAL LTDA,199405,B3S,I,2,Cooperativa de Crédito,,CE,Sobral,,,,,I
04371228,202506,UNICRED SUL FLUMINENSE - COOPERATIVA DE ECONOMIA E CRÉDITO MÚTUO DOS MÉDICOS E DEMAIS PROFISSIONAIS DE SAÚDE DO SUL FLUMINENSE LTDA.,200106,B3S,I,2,Cooperativa de Crédito,,RJ,Barra Mansa,,,,,I
01512743,202506,UNICREF CEARA - COOPERATIVA DE ECONOMIA E CRÉDITO MÚTUO DOS EMPREGADOS DA UNIMED DE FORTALEZA E DEMAIS ENTIDADES COOPERATIVISTAS  DA REGIÃO METROPOLITANA DE FORTALEZA LTDA,199612,B3S,I,2,Cooperativa de Crédito,,CE,Fortaleza,,,,,I
01736243,202506,UNIPRIME ALLIANCE - COOPERATIVA DE ECONOMIA E CRÉDITO MÚTUO,199705,B3S,I,2,Cooperativa de Crédito,,PR,Cascavel,S5,,,,I
03234384,202506,UNIPRIME CAMPOS GERAIS - COOPERATIVA DE CRÉDITO LTDA.,199910,B3S,I,2,Cooperativa de Crédito,,PR,Ponta Grossa,S5,,,,I
01848322,202506,"UNIPRIME DO IGUAÇU - COOPERATIVA DE CRÉDITO, POUPANÇA E INVESTIMENTO",199706,B3S,I,2,Cooperativa de Crédito,Mútuo com relevância em PJ,PR,Pato Branco,S5,,,,A
07853842,202506,UNIPRIME OURO - COOPERATIVA DE CRÉDITO DE OURO,200603,B3S,I,2,Cooperativa de Crédito,Mútuo com relevância em PJ,SC,Ouro,S5,,,,I
01286361,202506,UNIPRIME PIONEIRA COOPERATIVA DE CRÉDITO,199608,B3S,I,2,Cooperativa de Crédito,Mútuo com relevância em PJ,PR,Toledo,S5,,,,A
07042196,202506,UNIVERSICRED COOPERATIVA DE ECONOMIA E CREDITO MUTUO DOS EMPREGADOS DA ASOEC - ASSOCIACAO SALGADO DE OLIVEIRA,200501,B3S,I,2,Cooperativa de Crédito,,RJ,Niterói,,,,,A
38486817,202506,BANCO DE DESENVOLVIMENTO DE MINAS GERAIS S.A.-BDMG,196608,B4,I,1,Banco de Desenvolvimento,,MG,Belo Horizonte,S3,,C0081328,38486817,A
07266778,202506,BANCO DE DESENVOLVIMENTO DO CEARÁ SA,197007,B4,I,1,Banco de Desenvolvimento,,CE,Fortaleza,,,,,I
28145829,202506,BANCO DE DESENVOLVIMENTO DO ESPIRITO SANTO S.A.,197001,B4,I,1,Banco de Desenvolvimento,,ES,Vitória,S4,,C0081304,28145829,A
02292555,202506,BANCO DE DESENVOLVIMENTO DO ESTADO DE GOIÁS S.A.,197707,B4,I,1,Banco de Desenvolvimento,,GO,Goiânia,,,,,I
62847231,202506,BANCO DE DESENVOLVIMENTO DO ESTADO DE SÃO PAULO S.A.,197010,B4,I,1,Banco de Desenvolvimento,,SP,São Paulo,,,,,I
06253843,202506,BANCO DE DESENVOLVIMENTO DO ESTADO DO MARANHÃO S/A,197005,B4,I,1,Banco de Desenvolvimento,,MA,São Luís,,,,,I
30133060,202506,BANCO DE DESENVOLVIMENTO DO ESTADO DO RIO DE JANEIRO S.A.,197001,B4,I,1,Banco de Desenvolvimento,,RJ,Rio de Janeiro,,,,,LO
87993432,202506,BANCO DE DESENVOLVIMENTO DO ESTADO DO RIO GRANDE DO SUL S.A.,197509,B4,I,1,Banco de Desenvolvimento,,RS,Porto Alegre,,,,,I
76510908,202506,BANCO DE DESENVOLVIMENTO DO PARANÁ S.A.,196812,B4,I,1,Banco de Desenvolvimento,,PR,Curitiba,,,,,I
08328247,202506,BANCO DE DESENVOLVIMENTO DO RIO GRANDE DO NORTE S/A,197105,B4,I,1,Banco de Desenvolvimento,,RN,Natal,,,,,LO
33657248,202506,BANCO NACIONAL DE DESENVOLVIMENTO ECONOMICO E SOCIAL,195209,B4,I,1,BNDES,,RJ,Rio de Janeiro,S2,,C0081847,33657248,A
92816560,202506,BANCO REGIONAL DE DESENVOLVIMENTO DO EXTREMO SUL,196210,B4,I,1,Banco de Desenvolvimento,,RS,Porto Alegre,S3,,C0081311,92816560,A
C0081328,202506,BCO DES. DE MG S.A. - PRUDENCIAL,180001,B4,I,1,,Desenvolvimento - exceto BNDES,MG,Belo Horizonte,S3,,C0081328,38486817,A
C0081304,202506,BCO DES. DO ES S.A. - PRUDENCIAL,180001,B4,I,1,,Desenvolvimento - exceto BNDES,ES,Vitória,S4,,C0081304,28145829,A
C0081311,202506,BD REGIONAL DO EXTREMO SUL - PRUDENCIAL,180001,B4,I,1,,Desenvolvimento - exceto BNDES,RS,Porto Alegre,S3,,C0081311,92816560,A
C0081847,202506,BNDES - PRUDENCIAL,180001,B4,I,1,,Desenvolvimento - BNDES,RJ,Rio de Janeiro,S2,,C0081847,33657248,A
54647259,202506,321 SOCIEDADE DE CRÉDITO DIRETO S.A.,202407,N1,I,2,Sociedade de Crédito Direto,,RS,Porto Alegre,S4,,C0083704,15581638,A
C0087793,202506,99PAY IP - PRUDENCIAL,180001,N1,I,3,,IP Emissor Pré-Pago,SP,São Paulo,S5,,C0087793,24313102,A
59379565,202506,99PAY SOCIEDADE DE CRÉDITO DIRETO S.A.,180001,N1,I,3,Sociedade de Crédito Direto,,SP,São Paulo,S5,,C0087793,24313102,I
61562435,202506,"A IDEAL S/A CREDITO, FINANCIAMENTO E INVESTIMENTOS",180001,N1,I,2,"Sociedade de Crédito, Financiamento e Investimento",,SP,São Paulo,,,,,I
C0086512,202506,A55 SCD - PRUDENCIAL,180001,N1,I,2,,Sociedade de Crédito Direto,SP,São Paulo,S5,,C0086512,48756121,A
48756121,202506,A55 SOCIEDADE DE CRÉDITO DIRETO S.A.,202308,N1,I,2,Sociedade de Crédito Direto,,SP,São Paulo,S5,,C0086512,48756121,A
34033779,202506,ABN AMRO ARRENDAMENTO MERCANTIL S.A.,197001,N1,I,3,Sociedade de Arrendamento Mercantil,,SP,Barueri,,,,,I
37715993,202506,ACCREDITO - SOCIEDADE DE CRÉDITO DIRETO S.A.,202009,N1,I,2,Sociedade de Crédito Direto,Sociedade de Crédito Direto,SP,São Paulo,S5,,C0085331,37715993,A
C0085331,202506,ACCREDITO SCD - PRUDENCIAL,180001,N1,I,2,,Sociedade de Crédito Direto,SP,São Paulo,S5,,C0085331,37715993,A
C0081153,202506,AF DESENVOLVE SP S.A. - PRUDENCIAL,180001,N1,I,1,,Agencias de Fomento ou de Desenvolvimento,SP,São Paulo,S4,,C0081153,10663610,A
C0081074,202506,AF DO ESTADO DE SC S.A. - PRUDENCIAL,180001,N1,I,1,,Agencias de Fomento ou de Desenvolvimento,SC,Florianópolis,S4,,C0081074,82937293,A
C0081177,202506,AF ESTADO DE PERNAMBUCO S.A. - PRUDENCIAL,180001,N1,I,1,,Agencias de Fomento ou de Desenvolvimento,PE,Recife,S4,,C0081177,13178690,A
C0081115,202506,AF PARANÁ - PRUDENCIAL,180001,N1,I,1,,Agencias de Fomento ou de Desenvolvimento,PR,Curitiba,S4,,C0081115,03584906,A
C0081081,202506,AFAL - PRUDENCIAL,180001,N1,I,1,,Agencias de Fomento ou de Desenvolvimento,AL,Maceió,S4,,C0081081,10769660,A
C0081108,202506,AFEAM - PRUDENCIAL,180001,N1,I,1,,Agencias de Fomento ou de Desenvolvimento,AM,Manaus,S4,,C0081108,03183937,A
C0081098,202506,AG. FOMENTO AMAPA S.A. - PRUDENCIAL,180001,N1,I,1,,Agencias de Fomento ou de Desenvolvimento,AP,Macapá,S4,,C0081098,02929977,A
C0081036,202506,AG. FOMENTO ESTADO DE RORAIMA - PRUDENCIAL,180001,N1,I,1,,Agencias de Fomento ou de Desenvolvimento,RR,Boa Vista,S4,,C0081036,03058464,A
C0081122,202506,AG. FOMENTO ESTADO DO TOCANTINS - PRUDENCIAL,180001,N1,I,1,,Agencias de Fomento ou de Desenvolvimento,TO,Palmas,S4,,C0081122,05474540,A
10769660,202506,AGÊNCIA DE FOMENTO DE ALAGOAS S.A.,200904,N1,I,1,Agência de Fomento,Agencias de Fomento ou de Desenvolvimento,AL,Maceió,S4,,C0081081,10769660,A
03918382,202506,AGENCIA DE FOMENTO DE GOIAS S/A,200011,N1,I,1,Agência de Fomento,Agencias de Fomento ou de Desenvolvimento,GO,Goiânia,S4,,C0081050,03918382,A
02929977,202506,AGENCIA DE FOMENTO DO AMAPA S.A.,199902,N1,I,1,Agência de Fomento,Agencias de Fomento ou de Desenvolvimento,AP,Macapá,S4,,C0081098,02929977,A
06284531,202506,AGÊNCIA DE FOMENTO DO ESTADO DE MATO GROSSO S/A - DESENVOLVE MT,200408,N1,I,1,Agência de Fomento,Agencias de Fomento ou de Desenvolvimento,MT,Cuiabá,S4,,C0081146,06284531,A
13178690,202506,AGÊNCIA DE FOMENTO DO ESTADO DE PERNAMBUCO S.A.,201105,N1,I,1,Agência de Fomento,Agencias de Fomento ou de Desenvolvimento,PE,Recife,S4,,C0081177,13178690,A
03058464,202506,AGENCIA DE FOMENTO DO ESTADO DE RORAIMA S/A,199903,N1,I,1,Agência de Fomento,Agencias de Fomento ou de Desenvolvimento,RR,Boa Vista,S4,,C0081036,03058464,A
82937293,202506,AGÊNCIA DE FOMENTO DO ESTADO DE SANTA CATARINA S.A.-BADESC,197509,N1,I,1,Agência de Fomento,Agencias de Fomento ou de Desenvolvimento,SC,Florianópolis,S4,,C0081074,82937293,A
03183937,202506,AGÊNCIA DE FOMENTO DO ESTADO DO AMAZONAS S.A. - AFEAM,199911,N1,I,1,Agência de Fomento,Agencias de Fomento ou de Desenvolvimento,AM,Manaus,S4,,C0081108,03183937,A
05940203,202506,AGENCIA DE FOMENTO DO ESTADO DO RIO DE JANEIRO S.A.,200502,N1,I,1,Agência de Fomento,Agencias de Fomento ou de Desenvolvimento,RJ,Rio de Janeiro,S4,,C0081139,05940203,A
05474540,202506,AGÊNCIA DE FOMENTO DO ESTADO DO TOCANTINS S.A.,200510,N1,I,1,Agência de Fomento,Agencias de Fomento ou de Desenvolvimento,TO,Palmas,S4,,C0081122,05474540,A
03584906,202506,AGÊNCIA DE FOMENTO DO PARANÁ S.A.,200007,N1,I,1,Agência de Fomento,Agencias de Fomento ou de Desenvolvimento,PR,Curitiba,S4,,C0081115,03584906,A
03848103,202506,AGENCIA DE FOMENTO DO RIO GRANDE DO NORTE S.A.,200005,N1,I,1,Agência de Fomento,Agencias de Fomento ou de Desenvolvimento,RN,Natal,S4,,C0081043,03848103,A
C0081043,202506,AGENCIA DE FOMENTO DO RN S.A. - PRUDENCIAL,180001,N1,I,1,,Agencias de Fomento ou de Desenvolvimento,RN,Natal,S4,,C0081043,03848103,A
11836226,202506,AGÊNCIA DE FOMENTO E DESENVOLVIMENTO DO ESTADO DO PIAUÍ S.A.,201007,N1,I,1,Agência de Fomento,Agencias de Fomento ou de Desenvolvimento,PI,Teresina,S4,,C0081160,11836226,A
C0081146,202506,AGÊNCIA DE FOMENTO MATO GROSSO - PRUDENCIAL,180001,N1,I,1,,Agencias de Fomento ou de Desenvolvimento,MT,Cuiabá,S4,,C0081146,06284531,A
C0081139,202506,AGENCIA FOMENTO EST RJ S.A. - PRUDENCIAL,180001,N1,I,1,,Agencias de Fomento ou de Desenvolvimento,RJ,Rio de Janeiro,S4,,C0081139,05940203,A
C0081050,202506,AGENCIA FOMENTO GOIAS - PRUDENCIAL,180001,N1,I,1,,Agencias de Fomento ou de Desenvolvimento,GO,Goiânia,S4,,C0081050,03918382,A
13660104,202506,"AGIBANK FINANCEIRA S.A. - CRÉDITO, FINANCIAMENTO E INVESTIMENTO",201106,N1,I,2,"Sociedade de Crédito, Financiamento e Investimento",,SP,Campinas,S3,,C0083694,10664513,A
C0083618,202506,AGORACRED S/A SCFI - PRUDENCIAL,180001,N1,I,2,,"Sociedades de Credito, Financiamento e Investimento",ES,Vitória,S5,,C0083618,36321990,A
36321990,202506,"AGORACRED S/A SOCIEDADE DE CRÉDITO, FINANCIAMENTO E INVESTIMENTO",199203,N1,I,2,"Sociedade de Crédito, Financiamento e Investimento","Sociedades de Credito, Financiamento e Investimento",ES,Vitória,S5,,C0083618,36321990,A
88070990,202506,AGRILEASING S/A ARRENDAMENTO MERCANTIL,198211,N1,I,2,Sociedade de Arrendamento Mercantil,,RS,Porto Alegre,,,,,I
20116497,202506,AGRIMISA FINANCEIRA S/A - CREDITO E INVESTIMENTOS,197801,N1,I,2,"Sociedade de Crédito, Financiamento e Investimento",,MG,Belo Horizonte,,,,,I
C0085867,202506,AGROLEND SCFI - PRUDENCIAL,180001,N1,I,2,,,SP,São Paulo,S5,,C0085867,43774196,A
43774196,202506,"AGROLEND SOCIEDADE DE CREDITO, FINANCIAMENTO E INVESTIMENTO S.A.",202202,N1,I,2,"Sociedade de Crédito, Financiamento e Investimento",,SP,São Paulo,S5,,C0085867,43774196,A
10494944,202506,AJB CRED   SOCIEDADE DE CRÉDITO AO MICROEMPREENDEDOR E À EMPRESA DE PEQUENO PORTE LTDA.,200902,N1,I,2,Sociedade de Crédito ao Microempreendedor,,SC,Florianópolis,,,,,I
27214112,202506,"AL5 S.A. CRÉDITO, FINANCIAMENTO E INVESTIMENTO",201708,N1,I,2,"Sociedade de Crédito, Financiamento e Investimento","Sociedades de Credito, Financiamento e Investimento",MT,Cuiabá,S4,,C0084734,27214112,A
C0084734,202506,AL5 S.A. SCFI - PRUDENCIAL,180001,N1,I,2,,"Sociedades de Credito, Financiamento e Investimento",MT,Cuiabá,S4,,C0084734,27214112,A
03884810,202506,ALDRAVA S.A. - SOCIEDADE DE CRÉDITO AO MICROEMPREENDEDOR,200007,N1,I,2,Sociedade de Crédito ao Microempreendedor,,RJ,Rio de Janeiro,,,,,I
C0085379,202506,ALESTA SOCIEDADE DE CREDITO DIRETO - PRUDENCIAL,180001,N1,I,3,,Sociedade de Crédito Direto,SP,Jaguariúna,S5,,C0085379,38316293,A
38316293,202506,ALESTA SOCIEDADE DE CREDITO DIRETO S.A.,202103,N1,I,3,Sociedade de Crédito Direto,Sociedade de Crédito Direto,SP,Jaguariúna,S5,,C0085379,38316293,A
46570800,202506,ALFA ARRENDAMENTO MERCANTIL S.A.,197605,N1,I,2,Sociedade de Arrendamento Mercantil,,SP,São Paulo,S2,,C0080109,58160789,A
60619533,202506,"ALIANCA S/A - CREDITO, FINANCIAMENTO E INVESTIMENTOS",196603,N1,I,2,"Sociedade de Crédito, Financiamento e Investimento",,SP,São Paulo,,,,,I
C0087085,202506,ALL IN CRED SCD - PRUDENCIAL,180001,N1,I,2,,Sociedade de Crédito Direto,SP,São Paulo,S5,,C0087085,51414521,A
51414521,202506,ALL IN CRED SOCIEDADE DE CREDITO DIRETO S.A.,202307,N1,I,2,Sociedade de Crédito Direto,,SP,São Paulo,S5,,C0087085,51414521,A
05239351,202506,ALTERCRED - SOCIEDADE DE CREDITO AO MICROEMPREENDEDOR LTDA.,200210,N1,I,2,Sociedade de Crédito ao Microempreendedor,,RJ,Rio de Janeiro,,,,,I
74552142,202506,"ALVORADA CARTÕES, CRÉDITO, FINANCIAMENTO E INVESTIMENTO S.A.",199403,N1,I,3,"Sociedade de Crédito, Financiamento e Investimento",,SP,Osasco,,,,,I
61535126,202506,"AMBAR S/A - CREDITO, FINANCIAMENTO E INVESTIMENTOS",196601,N1,I,2,"Sociedade de Crédito, Financiamento e Investimento",,MG,Belo Horizonte,,,,,I
C0086488,202506,AME DIGITAL BRASIL IP - PRUDENCIAL,180001,N1,I,2,,IP Emissor Pré-Pago,SP,São Paulo,S5,,C0086488,32778350,A
58767302,202506,AMERICA DO SUL CREDITO IMOBILIARIO S/A,198804,N1,I,2,Sociedade de Crédito Imobiliário,,SP,São Paulo,,,,,I
44081677,202506,AMERICA DO SUL LEASING S/A ARRENDAMENTO MERCANTIL,197607,N1,I,2,Sociedade de Arrendamento Mercantil,,SP,São Paulo,,,,,I
09228144,202506,AMPLUS SOCIEDADE DE CRÉDITO DIRETO S/A,180001,N1,I,2,Sociedade de Crédito Direto,,MG,Uberlândia,,,,,I
59869991,202506,ANT SOCIEDADE DE CRÉDITO DIRETO S.A.,180001,N1,I,2,Sociedade de Crédito Direto,,SP,São Paulo,,,,,I
C0081184,202506,APE POUPEX - PRUDENCIAL,180001,N1,I,2,,Sociedades de Credito Imobiliário e Associações de Poupança e Empréstimo,DF,Brasília,S3,,C0081184,00655522,A
62141700,202506,APESP-ASSOCIAÇÃO DE POUPANCA E EMPRÉSTIMO DE SÃO PAULO,198405,N1,I,2,Associação de Poupança e Empréstimo,,SP,São Paulo,,,,,I
C0085661,202506,ARTTA SCD PRUDENCIAL,180001,N1,I,2,,Sociedade de Crédito Direto,PR,Curitiba,S5,,C0085661,42259084,A
42259084,202506,ARTTA SOCIEDADE DE CRÉDITO DIRETO S.A,202203,N1,I,2,Sociedade de Crédito Direto,,PR,Curitiba,S5,,C0085661,42259084,A
C0086608,202506,ASA SCFI - PRUDENCIAL,180001,N1,I,2,,Sociedade de Crédito Direto,SP,São Paulo,S5,,C0086608,48703388,A
48703388,202506,ASA SOCIEDADE DE CRÉDITO DIRETO S.A.,202211,N1,I,2,Sociedade de Crédito Direto,,SP,São Paulo,S5,,C0086608,48703388,A
C0085771,202506,ASAAS GESTAO FINANCEIRA IP - PRUDENCIAL,180001,N1,I,2,,IP Emissor Pré-Pago,SC,Joinville,S4,,C0085771,19540550,A
48786608,202506,ASAAS SOCIEDADE DE CREDITO DIRETO S.A.,202306,N1,I,2,Sociedade de Crédito Direto,,SC,Joinville,S4,,C0085771,19540550,A
05289612,202506,ASPECIR - SOCIEDADE DE CRÉDITO AO MICROEMPREENDEDOR E À EMPRESA DE PEQUENO PORTE LTDA.,200303,N1,I,2,Sociedade de Crédito ao Microempreendedor,Sociedades de crédito ao Microempreendedor,RS,Porto Alegre,S5,,C0083058,05289612,A
C0083058,202506,ASPENFIN-BR SCMEPP LTDA. - PRUDENCIAL,180001,N1,I,2,,Sociedades de crédito ao Microempreendedor,RS,Porto Alegre,S5,,C0083058,05289612,A
00655522,202506,ASSOCIACAO DE POUPANCA E EMPRESTIMO - POUPEX,198011,N1,I,2,Associação de Poupança e Empréstimo,Sociedades de Credito Imobiliário e Associações de Poupança e Empréstimo,DF,Brasília,S3,,C0081184,00655522,A
C0085915,202506,ATF SCD - PRUDENCIAL,180001,N1,I,2,,Sociedade de Crédito Direto,RS,Porto Alegre,S5,,C0085915,44728700,A
44728700,202506,ATF SOCIEDADE DE CRÉDITO DIRETO S.A.,202210,N1,I,2,Sociedade de Crédito Direto,,RS,Porto Alegre,S5,,C0085915,44728700,A
44478623,202506,ATICCA - SOCIEDADE DE CRÉDITO DIRETO S.A.,202202,N1,I,2,Sociedade de Crédito Direto,,SP,Araraquara,S5,,C0085946,44478623,A
C0085946,202506,ATICCA SCD PRUDENCIAL,180001,N1,I,2,,Sociedade de Crédito Direto,SP,Araraquara,S5,,C0085946,44478623,A
C0083034,202506,ATLANTA SCM LTDA - PRUDENCIAL,180001,N1,I,2,,Sociedades de crédito ao Microempreendedor,MG,Passos,S5,,C0083034,04772908,A
04772908,202506,ATLANTA SOCIEDADE DE CRÉDITO AO MICROEMPREENDEDOR LTDA,200112,N1,I,2,Sociedade de Crédito ao Microempreendedor,Sociedades de crédito ao Microempreendedor,MG,Passos,S5,,C0083034,04772908,A
08818094,202506,"ATLANTICA COMPANHIA DE INVESTIMENTOS, CRÉDITO E FINANCIAMENTO - EM LIQUIDAÇÃO ORDINÁRIA",180001,N1,I,2,"Sociedade de Crédito, Financiamento e Investimento",,,,,,,,I
C0083508,202506,ATRIA S.A. - CFI - PRUDENCIAL,180001,N1,I,2,,"Sociedades de Credito, Financiamento e Investimento",PR,Araucária,S5,,C0083508,05956581,A
05956581,202506,"ATRIA S.A.- CRÉDITO, FINANCIAMENTO E INVESTIMENTO",200402,N1,I,2,"Sociedade de Crédito, Financiamento e Investimento","Sociedades de Credito, Financiamento e Investimento",PR,Araucária,S5,,C0083508,05956581,A
60849668,202506,"AUDI S/A - CREDITO, FINANCIAMENTO E INVESTIMENTOS",196403,N1,I,2,"Sociedade de Crédito, Financiamento e Investimento",,SP,São Paulo,,,,,I
61522082,202506,"AUTOLATINA FINANCIADORA S/A-CREDITO,FINANC.E INVESTIMENTOS",196111,N1,I,2,"Sociedade de Crédito, Financiamento e Investimento",,SP,São Paulo,,,,,I
27941244,202506,AUXILIAR CRÉDITO IMOBILIÁRIO RIO,198206,N1,I,2,Sociedade de Crédito Imobiliário,,SP,São Paulo,,,,,I
53009742,202506,AUXILIAR CREDITO IMOBILIARIO S.A.,198311,N1,I,2,Sociedade de Crédito Imobiliário,,SP,São Paulo,,,,,I
51996601,202506,AUXILIAR LEASING S/A ARRENDAMENTO MERCANTIL,197912,N1,I,2,Sociedade de Arrendamento Mercantil,,SP,São Paulo,,,,,I
60884509,202506,"AUXILIUM S.A. FINIAMENTO, CREDITO E INVESTIMENTO",196104,N1,I,2,"Sociedade de Crédito, Financiamento e Investimento",,SP,São Paulo,,,,,I
07707650,202506,"AYMORÉ CRÉDITO, FINANCIAMENTO E INVESTIMENTO S.A.",200802,N1,I,3,"Sociedade de Crédito, Financiamento e Investimento",,SP,São Paulo,S1,,C0080185,90400888,A
C0081029,202506,BADESUL DESENVOLVIMENTO AF/RS - PRUDENCIAL,180001,N1,I,1,,Agencias de Fomento ou de Desenvolvimento,RS,Porto Alegre,S4,,C0081029,02885855,A
02885855,202506,BADESUL DESENVOLVIMENTO S.A - AGÊNCIA DE FOMENTO/RS,199812,N1,I,1,Agência de Fomento,Agencias de Fomento ou de Desenvolvimento,RS,Porto Alegre,S4,,C0081029,02885855,A
61082103,202506,BAHIA FINANCEIRA S/A CREDITO FINANCIAMENTO E INVESTIMENTOS,194901,N1,I,2,"Sociedade de Crédito, Financiamento e Investimento",,BA,Salvador,,,,,I
15208309,202506,"BAHIA LUCRO S/A - CREDITO, FINANCIAMENTO E INVESTIMENTOS",196808,N1,I,2,"Sociedade de Crédito, Financiamento e Investimento",,BA,Salvador,,,,,I
48528314,202506,BAMAQ CAPITAL - SOCIEDADE DE CRÉDITO DIRETO S/A,202310,N1,I,2,Sociedade de Crédito Direto,,MG,Contagem,S5,,C0086691,48528314,A
C0086691,202506,BAMAQ CAPITAL SCD - PRUDENCIAL,180001,N1,I,2,,Sociedade de Crédito Direto,MG,Contagem,S5,,C0086691,48528314,A
02480069,202506,BAMERINDUS CENTRO-OESTE S/A - CREDITO IMOBILIARIO,197803,N1,I,2,Sociedade de Crédito Imobiliário,,GO,Goiânia,,,,,I
33701855,202506,BAMERINDUS RIO - CIA DE CREDITO IMOBILIARIO,196711,N1,I,2,Sociedade de Crédito Imobiliário,,RJ,Rio de Janeiro,,,,,I
75170076,202506,"BAMERINDUS S/A - FINANCIAMENTO, CREDITO E INVESTIMENTOS",196509,N1,I,2,"Sociedade de Crédito, Financiamento e Investimento",,PR,Curitiba,,,,,I
76659101,202506,BAMERINDUS S/A CREDITO IMOBILIARIO,196908,N1,I,2,Sociedade de Crédito Imobiliário,,PR,Curitiba,,,,,I
61673539,202506,BAMERINDUS SAO PAULO CIA. DE CREDITO IMOBILIARIO,196708,N1,I,2,Sociedade de Crédito Imobiliário,,SP,São Paulo,,,,,I
05388665,202506,BANACRE CREDITO IMOBILIARIO S/A,198412,N1,I,2,Sociedade de Crédito Imobiliário,,AC,Rio Branco,,,,,I
61378238,202506,"BANCOCIDADE - CREDITO, FINANCIAMENTO E INVESTIMENTO S/A",196510,N1,I,2,"Sociedade de Crédito, Financiamento e Investimento",,SP,São Paulo,,,,,I
63081004,202506,BANCOCIDADE LEASING ARRENDAMENTO MERCANTIL S.A.,197607,N1,I,2,Sociedade de Arrendamento Mercantil,,SP,Osasco,,,,,I
03272663,202506,BANDEIRANTES CREDITO IMOBILIARIO S/A,196902,N1,I,2,Sociedade de Crédito Imobiliário,,MS,Campo Grande,,,,,I
11525052,202506,BANDEPE - CREDITO IMOBILIARIO S/A,197912,N1,I,2,Sociedade de Crédito Imobiliário,,PE,Recife,,,,,I
10848620,202506,"BANDEPE - CREDITO, FINANCIAMENTO E INVESTIMENTO S/A",196609,N1,I,2,"Sociedade de Crédito, Financiamento e Investimento",,PE,Recife,,,,,I
08337263,202506,BANDERN-CREDITO FINACIAMENTO E INVESTIMENTO S.A,196801,N1,I,2,"Sociedade de Crédito, Financiamento e Investimento",,RN,Natal,,,,,I
08529190,202506,BANDERN-CREDITO IMOBILIARIO S.A.,198012,N1,I,2,Sociedade de Crédito Imobiliário,,RN,Natal,,,,,I
14808026,202506,BANEB CREDITO IMOBILIARIO S/A,197910,N1,I,2,Sociedade de Crédito Imobiliário,,BA,Salvador,,,,,I
14648117,202506,"BANEB FINANCEIRA S/A CRÉDITO, FINANCIAMENTO E INVESTIMENTO",198109,N1,I,2,"Sociedade de Crédito, Financiamento e Investimento",,BA,Salvador,,,,,I
01210645,202506,BANEB LEASING S.A. - ARRENDAMENTO MERCANTIL,199606,N1,I,2,Sociedade de Arrendamento Mercantil,,BA,Nazaré,,,,,I
34037085,202506,"BANERJ - CRÉDITO, FINANCIAMENTO E INVESTIMENTOS S/A",197001,N1,I,2,"Sociedade de Crédito, Financiamento e Investimento",,RJ,Rio de Janeiro,,,,,I
33050626,202506,BANERJ-CRÉDITO IMOBILIÁRIO SA,197004,N1,I,2,Sociedade de Crédito Imobiliário,,RJ,Rio de Janeiro,,,,,I
13152160,202506,BANESE - CREDITO IMOBILIARIO S/A,198101,N1,I,2,Sociedade de Crédito Imobiliário,,SE,Aracaju,,,,,I
60660719,202506,BANESPA S/A - ARRENDAMENTO MERCANTIL,196401,N1,I,3,Sociedade de Arrendamento Mercantil,,SP,São Caetano do Sul,,,,,I
62527346,202506,BANESTADO LEASING S.A. - ARRENDAMENTO MERCANTIL,197606,N1,I,2,Sociedade de Arrendamento Mercantil,,SP,Poá,,,,,I
76550748,202506,BANESTADO S/A - CREDITO FINANCIAMENTO E INVESTIMENTOS,196502,N1,I,2,"Sociedade de Crédito, Financiamento e Investimento",,PR,Curitiba,,,,,I
76601301,202506,BANESTADO S/A - CREDITO IMOBILIARIO,196706,N1,I,2,Sociedade de Crédito Imobiliário,,PR,Curitiba,,,,,I
27582717,202506,BANESTES - CREDITO IMOBILIARIO S/A,198005,N1,I,2,Sociedade de Crédito Imobiliário,,ES,Vitória,,,,,I
28150738,202506,BANESTES CREDITO FINANCIAMENTO E INVESTIMENTOS S/A,196711,N1,I,2,"Sociedade de Crédito, Financiamento e Investimento",,ES,Vitória,,,,,I
39813605,202506,BANESTES LEASING S.A. ARRENDAMENTO MERCANTIL,199404,N1,I,1,Sociedade de Arrendamento Mercantil,,ES,Vitória,,,,,I
01377222,202506,BANKBOSTON COMPANHIA HIPOTECARIA,199607,N1,I,3,Companhia Hipotecária,,SP,São Paulo,,,,,I
15622905,202506,BANORTE - CREDITO IMOBILIARIO LESTE S/A,198109,N1,I,2,Sociedade de Crédito Imobiliário,,BA,Salvador,,,,,I
07392335,202506,BANORTE - CREDITO IMOBILIARIO NORDESTE S/A,198402,N1,I,2,Sociedade de Crédito Imobiliário,,CE,Fortaleza,,,,,I
10925675,202506,BANORTE - CREDITO IMOBILIARIO S/A,196801,N1,I,2,Sociedade de Crédito Imobiliário,,PE,Recife,,,,,I
10781524,202506,"BANORTE - CREDITO, FINANCIAMENTOS E INVESTIMENTOS S/A",196503,N1,I,2,"Sociedade de Crédito, Financiamento e Investimento",,PE,Recife,,,,,I
34260158,202506,BANORTE LEASING-ARRENDAMENTO MERCANTIL S.A.,197607,N1,I,2,Sociedade de Arrendamento Mercantil,,PE,Recife,,,,,I
04133872,202506,BANPARÁ S/A CRÉDITO IMOBILIÁRIO,198201,N1,I,2,Sociedade de Crédito Imobiliário,,PA,Belém,,,,,I
C0085829,202506,BANQI IP - PRUDENCIAL,180001,N1,I,2,,IP Emissor Pré-Pago,SP,São Paulo,S5,,C0085829,30723871,A
C0085812,202506,BANSUR JM SCD - PRUDENCIAL,180001,N1,I,2,,Sociedade de Crédito Direto,MG,Belo Horizonte,S5,,C0085812,42963742,A
42963742,202506,BANSUR JM SOCIEDADE DE CRÉDITO DIRETO S/A,202112,N1,I,2,Sociedade de Crédito Direto,,MG,Belo Horizonte,S5,,C0085812,42963742,A
10835973,202506,"BANTRIAL S/A - CREDITO, FINANCIAMENTO E INVESTIMENTOS",196805,N1,I,2,"Sociedade de Crédito, Financiamento e Investimento",,PE,Recife,,,,,I
14511781,202506,BARI COMPANHIA HIPOTECÁRIA,201201,N1,I,2,Companhia Hipotecária,,PR,Curitiba,S4,,C0080893,00556603,A
C0085805,202506,BARU SCFI - PRUDENCIAL,180001,N1,I,2,,Sociedade de Crédito Direto,RS,Porto Alegre,S4,,C0085805,42723848,A
42723848,202506,BARU SOCIEDADE DE CRÉDITO DIRETO S/A,202108,N1,I,2,Sociedade de Crédito Direto,,RS,Porto Alegre,S4,,C0085805,42723848,A
33224429,202506,"BBC FINANCEIRA S/A CRÉDITO, FINANCIAMENTO E INVESTIMENTO",196505,N1,I,2,"Sociedade de Crédito, Financiamento e Investimento",,RJ,Rio de Janeiro,,,,,I
37623907,202506,BBC LEASING ARRENDAMENTO MERCANTIL S.A.,199301,N1,I,2,Sociedade de Arrendamento Mercantil,,GO,Aparecida de Goiânia,,,,,I
31546450,202506,"BB-FINANCEIRA S/A - CREDITO, FINANCIAMENTO E INVESTIMENTO",198712,N1,I,1,"Sociedade de Crédito, Financiamento e Investimento",,DF,Brasília,,,,,I
31546476,202506,BB-LEASING S/A ARRENDAMENTO MERCANTIL,198712,N1,I,1,Sociedade de Arrendamento Mercantil,,DF,Brasília,S1,,C0080329,00000000,A
53289690,202506,BCN CREDITO IMOBILIARIO S/A,198402,N1,I,2,Sociedade de Crédito Imobiliário,,SP,Barueri,,,,,I
04768396,202506,BEA - CREDITO IMOBILIARIO S/A,198012,N1,I,2,Sociedade de Crédito Imobiliário,,AM,Manaus,,,,,I
09526641,202506,BEC CRÉDITO IMOBILIÁRIO S/A,198001,N1,I,2,Sociedade de Crédito Imobiliário,,CE,Fortaleza,,,,,I
07262041,202506,"BEC FINANCEIRA S/A - CREDITO, FINANCIAMENTO E INVESTIMENTO",196501,N1,I,2,"Sociedade de Crédito, Financiamento e Investimento",,CE,Fortaleza,,,,,I
C0084507,202506,BECKER FINANCEIRA S.A. - CFI - PRUDENCIAL,180001,N1,I,2,,"Sociedades de Credito, Financiamento e Investimento",RS,Cerro Largo,S4,,C0084507,20443996,A
20443996,202506,"BECKER FINANCEIRA S.A. - CRÉDITO, FINANCIAMENTO E INVESTIMENTO",201504,N1,I,2,"Sociedade de Crédito, Financiamento e Investimento","Sociedades de Credito, Financiamento e Investimento",RS,Cerro Largo,S4,,C0084507,20443996,A
60729647,202506,BEG FINANCEIRA S/A CREDITO FINANCIAMENTO E INVESTIMENTOS,196512,N1,I,2,"Sociedade de Crédito, Financiamento e Investimento",,GO,Goiânia,,,,,I
06771695,202506,BEM - CREDITO IMOBILIARIO S/A,198111,N1,I,2,Sociedade de Crédito Imobiliário,,MA,São Luís,,,,,I
06285381,202506,"BEM FINANCEIRA S/A - CREDITO, FINANCIAMENTO E INVESTIMENTO",196806,N1,I,2,"Sociedade de Crédito, Financiamento e Investimento",,MA,São Luís,,,,,I
06704803,202506,BEP - CREDITO IMOBILIARIO S.A.,198102,N1,I,2,Sociedade de Crédito Imobiliário,,PI,Teresina,,,,,I
83880427,202506,"BESC FINANCEIRA S/A - CRÉDITO, FINANCIAMENTO E    INVESTIMENTOS - BESCREDI",196507,N1,I,1,"Sociedade de Crédito, Financiamento e Investimento",,SC,Florianópolis,,,,,I
00510570,202506,BESC S.A. - ARRENDAMENTO MERCANTIL,199508,N1,I,1,Sociedade de Arrendamento Mercantil,,SC,São José,,,,,I
83725150,202506,BESC S/A - CREDITO IMOBILIARIO,197907,N1,I,1,Sociedade de Crédito Imobiliário,,SC,Florianópolis,,,,,I
C0086127,202506,BEZZ SCD - PRUDENCIAL,180001,N1,I,2,,Sociedade de Crédito Direto,RJ,Rio de Janeiro,S5,,C0086127,46130566,A
46130566,202506,BEZZ SOCIEDADE DE CRÉDITO DIRETO S.A.,202301,N1,I,2,Sociedade de Crédito Direto,,RJ,Rio de Janeiro,S5,,C0086127,46130566,A
43425008,202506,BFB LEASING S.A. ARRENDAMENTO MERCANTIL,197607,N1,I,3,Sociedade de Arrendamento Mercantil,,SP,Poá,,,,,I
C0087982,202506,BFC SCD - PRUDENCIAL,180001,N1,I,2,,Sociedade de Crédito Direto,PE,Recife,S5,,C0087982,59396084,A
59396084,202506,BFC SOCIEDADE DE CRÉDITO DIRETO S.A.,202503,N1,I,2,Sociedade de Crédito Direto,,PE,Recife,S5,,C0087982,59396084,A
C0085056,202506,BIGCASH SCD - PRUDENCIAL,180001,N1,I,2,,Sociedade de Crédito Direto,MG,Governador Valadares,S5,,C0085056,36452762,A
36452762,202506,BIGCASH SOCIEDADE DE CREDITO DIRETO S.A.,202009,N1,I,2,Sociedade de Crédito Direto,Sociedade de Crédito Direto,MG,Governador Valadares,S5,,C0085056,36452762,A
C0088077,202506,BIT SCD - PRUDENCIAL,180001,N1,I,2,,,SP,Campinas,S5,,C0088077,58367961,I
58367961,202506,BIT SOCIEDADE DE CRÉDITO DIRETO S.A.,202507,N1,I,2,Sociedade de Crédito Direto,,SP,Campinas,S5,,C0088077,58367961,I
C0086103,202506,BIZCAPITAL SCD - PRUDENCIAL,180001,N1,I,3,,Sociedade de Crédito Direto,RJ,Rio de Janeiro,S5,,C0086103,45597546,A
45597546,202506,BIZCAPITAL SOCIEDADE DE CRÉDITO DIRETO S.A.,202203,N1,I,3,Sociedade de Crédito Direto,,RJ,Rio de Janeiro,S5,,C0086103,45597546,A
C0088462,202506,BM4 SCD - PRUDENCIAL,180001,N1,I,2,,,RJ,Rio de Janeiro,S5,,C0088462,60236532,I
60236532,202506,BM4 SOCIEDADE DE CRÉDITO DIRETO S.A.,180001,N1,I,2,Sociedade de Crédito Direto,,RJ,Rio de Janeiro,S5,,C0088462,60236532,I
34265561,202506,BMG LEASING S.A. ARRENDAMENTO MERCANTIL,197606,N1,I,2,Sociedade de Arrendamento Mercantil,,SP,São Paulo,S3,,C0080178,61186680,A
C0083292,202506,BMP SCMEPP LTDA - PRUDENCIAL,180001,N1,I,2,,Sociedade de Crédito Direto,SP,São Paulo,S5,,C0083292,11581339,A
11581339,202506,BMP SOCIEDADE DE CRÉDITO AO MICROEMPREENDEDOR E A EMPRESA DE PEQUENO PORTE LTDA.,201002,N1,I,2,Sociedade de Crédito ao Microempreendedor,,SP,São Paulo,S5,,C0083292,11581339,A
34337707,202506,BMP SOCIEDADE DE CRÉDITO DIRETO S.A,201910,N1,I,2,Sociedade de Crédito Direto,,SP,São Paulo,S5,,C0083292,11581339,A
C0083333,202506,BMS SCD - PRUDENCIAL,180001,N1,I,2,,Sociedade de Crédito Direto,CE,Fortaleza,S5,,C0083333,17826860,A
17826860,202506,BMS SOCIEDADE DE CRÉDITO DIRETO S.A.,201308,N1,I,2,Sociedade de Crédito Direto,Sociedades de crédito ao Microempreendedor,CE,Fortaleza,S5,,C0083333,17826860,A
C0080635,202506,BMW - PRUDENCIAL,180001,N1,I,3,,"Sociedades de Credito, Financiamento e Investimento",SP,São Paulo,S4,,C0080635,04452473,A
04452473,202506,"BMW FINANCEIRA S.A. - CREDITO, FINANCIAMENTO E INVESTIMENTO",200107,N1,I,3,"Sociedade de Crédito, Financiamento e Investimento","Sociedades de Credito, Financiamento e Investimento",SP,São Paulo,S4,,C0080635,04452473,A
60872983,202506,BMW LEASING DO BRASIL S.A. - ARRENDAMENTO MERCANTIL,195206,N1,I,3,Sociedade de Arrendamento Mercantil,,SP,São Paulo,S4,,C0080635,04452473,A
C0086031,202506,BNK DIGITAL SCD - PRUDENCIAL,180001,N1,I,2,,Sociedade de Crédito Direto,SP,São José do Rio Preto,S5,,C0086031,45331622,A
45331622,202506,BNK DIGITAL SOCIEDADE DE CRÉDITO DIRETO S.A.,202205,N1,I,2,Sociedade de Crédito Direto,,SP,São José do Rio Preto,S5,,C0086031,45331622,A
43167610,202506,BNQI SOCIEDADE DE CREDITO DIRETO S.A.,202111,N1,I,2,Sociedade de Crédito Direto,,SP,São Paulo,S5,,C0085829,30723871,A
07835244,202506,BNS SOCIEDADE DE CRÉDITO AO MICROEMPREENDEDOR E À EMPRESA DE PEQUENO PORTE LTDA.,200602,N1,I,2,Sociedade de Crédito ao Microempreendedor,Sociedades de crédito ao Microempreendedor,MG,Jacutinga,S5,,,,I
09827225,202506,BNS SOCIEDADE DE CRÉDITO AO MICROEMPREENDEDOR LTDA.,180001,N1,I,2,Sociedade de Crédito ao Microempreendedor,,SP,São Paulo,,,,,I
42419846,202506,BOAVISTA S.A. ARRENDAMENTO MERCANTIL,197607,N1,I,2,Sociedade de Arrendamento Mercantil,,SP,Osasco,,,,,I
33528720,202506,"BOAVISTA S/A CREDITO, FINANCIAMENTO E INVESTIMENTOS",196509,N1,I,2,"Sociedade de Crédito, Financiamento e Investimento",,RJ,Rio de Janeiro,,,,,I
69720910,202506,BOC BRASIL ARRENDAMENTO MERCANTIL S/A,199303,N1,I,3,Sociedade de Arrendamento Mercantil,,SP,São Paulo,S3,,C0080295,07450604,A
92764489,202506,"BOC BRASIL S.A. - CRÉDITO, FINANCIAMENTOS E INVESTIMENTOS",195708,N1,I,3,"Sociedade de Crédito, Financiamento e Investimento",,SP,São Paulo,S3,,C0080295,07450604,A
03468098,202506,"BONCRED FINANCEIRA S.A.-CREDITO,FINANCIAMENTO E INVESTIMENTO",200001,N1,I,2,"Sociedade de Crédito, Financiamento e Investimento",,RS,Novo Hamburgo,,,,,I
02301101,202506,BONSUCESSO LEASING S.A. ARRENDAMENTO MERCANTIL,199801,N1,I,2,Sociedade de Arrendamento Mercantil,,MG,Belo Horizonte,,,,,I
C0085128,202506,BONUSPAGO SCD - PRUDENCIAL,180001,N1,I,2,,Sociedade de Crédito Direto,PR,Cascavel,S5,,C0085128,36586946,A
36586946,202506,BONUSPAGO SOCIEDADE DE CRÉDITO DIRETO S.A.,202010,N1,I,2,Sociedade de Crédito Direto,Sociedade de Crédito Direto,PR,Cascavel,S5,,C0085128,36586946,A
C0088390,202506,BPCE EQUIPMENT AM - PRUDENCIAL,180001,N1,I,3,,,SP,Barueri,S4,,C0088390,62816426,A
62816426,202506,BPCE EQUIPMENT SOLUTIONS BRASIL S.A. - ARRENDAMENTO MERCANTIL,197610,N1,I,3,Sociedade de Arrendamento Mercantil,,SP,Barueri,S4,,C0088390,62816426,A
04703393,202506,BRADESCO AMAZONIA S/A - CREDITO IMOBILIARIO,198301,N1,I,2,Sociedade de Crédito Imobiliário,,PA,Belém,,,,,I
62868302,202506,BRADESCO BCN LEASING S.A. ARRENDAMENTO MERCANTIL,197608,N1,I,2,Sociedade de Arrendamento Mercantil,,SP,Barueri,,,,,I
02432410,202506,BRADESCO COMPANHIA HIPOTECARIA,180001,N1,I,2,Companhia Hipotecária,,SP,Osasco,,,,,I
08725814,202506,BRADESCO CREDITO IMOBILIARIO 3. REGIAO S/A,198307,N1,I,2,Sociedade de Crédito Imobiliário,,PE,Recife,,,,,I
13322565,202506,BRADESCO CREDITO IMOBILIARIO 4A REGIAO S/A,198307,N1,I,2,Sociedade de Crédito Imobiliário,,BA,Salvador,,,,,I
47509120,202506,BRADESCO LEASING S.A. - ARRENDAMENTO MERCANTIL,198110,N1,I,2,Sociedade de Arrendamento Mercantil,,SP,Osasco,S1,,C0080075,60746948,A
43833821,202506,BRADESCO LEASING S.A. ARRENDAMENTO MERCANTIL,197606,N1,I,2,Sociedade de Arrendamento Mercantil,,SP,Osasco,,,,,I
16685679,202506,BRADESCO MINAS S/A - CREDITO IMOBILIARIO,197311,N1,I,2,Sociedade de Crédito Imobiliário,,MG,Belo Horizonte,,,,,I
07312663,202506,BRADESCO NORDESTE S/A - CREDITO IMOBILIARIO,196905,N1,I,2,Sociedade de Crédito Imobiliário,,CE,Fortaleza,,,,,I
60917036,202506,BRADESCO S/A - CREDITO IMOBILIARIO,196609,N1,I,2,Sociedade de Crédito Imobiliário,,SP,Osasco,,,,,I
92806900,202506,BRADESCO SUL S/A - CREDITO IMOBILIARIO,196612,N1,I,2,Sociedade de Crédito Imobiliário,,RS,Porto Alegre,,,,,I
33265372,202506,BRADESCO-RIO S/A - CREDITO IMOBILIARIO,196612,N1,I,2,Sociedade de Crédito Imobiliário,,RJ,Rio de Janeiro,,,,,I
27334341,202506,"BRAFISA - BRASILIA FINANCEIRA S.A.-CRÉDITO, FINANCIMANETO E INVESTIMENTO",196708,N1,I,2,"Sociedade de Crédito, Financiamento e Investimento",,MG,Belo Horizonte,,,,,I
09813758,202506,BRAGANSSA PAULISTA SOCIEDADE DE CRÉDITO AO MICROEMPREENDEDOR LTDA.,180001,N1,I,2,Sociedade de Crédito ao Microempreendedor,,MG,Juiz de Fora,,,,,I
03409228,202506,BRASCAN CIA. HIPOTECARIA,199909,N1,I,3,Companhia Hipotecária,,SP,São Paulo,,,,,I
60728524,202506,"BRASCRED-CIA.BRASILEIRA DE CREDITO, FINANCIAMENTO E INVESTIMENTO",196504,N1,I,2,"Sociedade de Crédito, Financiamento e Investimento",,ES,Vitória,,,,,I
48606446,202506,BRASILINVEST LEASING S/A - ARRENDAMENTO MERCANTIL,197612,N1,I,2,Sociedade de Arrendamento Mercantil,,SP,São Paulo,,,,,I
08689125,202506,"BRAÚNA FINANCEIRA S/A - CRÉDITO, FINANCIAMENTO E INVESTIMENTO",200707,N1,I,2,"Sociedade de Crédito, Financiamento e Investimento",,PE,Recife,,,,,I
62237367,202506,BRAZILIAN MORTGAGES COMPANHIA HIPOTECARIA,196809,N1,I,2,Companhia Hipotecária,,SP,São Paulo,,,,,I
00724849,202506,BRB - CREDITO IMOBILIARIO S/A,198309,N1,I,2,Sociedade de Crédito Imobiliário,,DF,Brasília,,,,,I
33136888,202506,"BRB - CREDITO, FINANCIAMENTO E INVESTIMENTO S/A",196505,N1,I,1,"Sociedade de Crédito, Financiamento e Investimento",,DF,Brasília,S3,,C0080288,00000208,A
C0085159,202506,BRCARD SCD - PRUDENCIAL,180001,N1,I,2,,Sociedade de Crédito Direto,GO,Caldas Novas,S5,,C0085159,39431423,A
39431423,202506,BRCARD SOCIEDADE DE CRÉDITO DIRETO S/A,202101,N1,I,2,Sociedade de Crédito Direto,Sociedade de Crédito Direto,GO,Caldas Novas,S5,,C0085159,39431423,A
C0086921,202506,BRCONDOS SCD - PRUDENCIAL,180001,N1,I,2,,Sociedade de Crédito Direto,SC,Joinville,S5,,C0086921,49933388,A
49933388,202506,BRCONDOS SOCIEDADE DE CRÉDITO DIRETO S.A.,202308,N1,I,2,Sociedade de Crédito Direto,,SC,Joinville,S5,,C0086921,49933388,A
12865507,202506,"BRK S.A. CRÉDITO, FINANCIAMENTO E INVESTIMENTO",198805,N1,I,2,"Sociedade de Crédito, Financiamento e Investimento","Sociedades de Credito, Financiamento e Investimento",SP,São Paulo,S4,,,,I
05636697,202506,BSCM BRASIL SOCIEDADE DE CRÉDITO AO MICROEMPREENDEDOR LTDA.,200305,N1,I,2,Sociedade de Crédito ao Microempreendedor,,RJ,Rio de Janeiro,,,,,I
00648073,202506,"BSP CREDITO, FINANCIAMENTO E INVESTIMENTO S.A.",199506,N1,I,2,"Sociedade de Crédito, Financiamento e Investimento",,SP,São Paulo,,,,,I
62870720,202506,BTM LEASING DO BRASIL S/A ARREDAMENTO MERCANTIL,197704,N1,I,3,Sociedade de Arrendamento Mercantil,,SP,Barueri,,,,,I
C0084985,202506,BULLLA IP - PRUDENCIAL,180001,N1,I,2,,Sociedade de Empréstimo entre Pessoas,SP,São Paulo,S4,,C0084985,08422119,A
58513168,202506,BULLLA SOCIEDADE DE CRÉDITO DIRETO S.A.,180001,N1,I,2,Sociedade de Crédito Direto,,SP,São Paulo,S4,,C0084985,08422119,I
34831910,202506,BULLLA SOCIEDADE DE EMPRÉSTIMO ENTRE PESSOAS S.A.,201911,N1,I,2,Sociedade de Empréstimo entre Pessoas,Sociedade de Empréstimo entre Pessoas,SP,São Paulo,S4,,C0084985,08422119,A
61083770,202506,BURI S/A - CREDITO FINANCIAMENTO E INVESTIMENTO,196510,N1,I,2,"Sociedade de Crédito, Financiamento e Investimento",,SP,São Paulo,,,,,I
01149953,202506,"BV FINANCEIRA S.A. - CREDITO, FINANCIAMENTO E INVESTIMENTO",199607,N1,I,2,"Sociedade de Crédito, Financiamento e Investimento",,SP,São Paulo,S2,,,,I
C0086787,202506,C&A PAY SCD - PRUDENCIAL,180001,N1,I,3,,Sociedade de Crédito Direto,SP,Barueri,S5,,C0086787,49173791,A
49173791,202506,C&A PAY SOCIEDADE DE CRÉDITO DIRETO S.A.,202305,N1,I,3,Sociedade de Crédito Direto,,SP,Barueri,S5,,C0086787,49173791,A
10336733,202506,CAIXA FORTE S/A. - CREDITO IMOBILIARIO,198605,N1,I,2,Sociedade de Crédito Imobiliário - Repassadora,,PI,Teresina,,,,,I
C0088170,202506,CALCARD IP - PRUDENCIAL,180001,N1,I,2,,,SC,Palhoça,S4,,C0088170,08611734,A
37122487,202506,"CALCRED S.A. - CRÉDITO, FINANCIAMENTO E INVESTIMENTO",202105,N1,I,2,"Sociedade de Crédito, Financiamento e Investimento",,SC,Palhoça,S4,,C0088170,08611734,A
C0085599,202506,CAPITAL CONSIG SCD - PRUDENCIAL,180001,N1,I,2,,Sociedade de Crédito Direto,SP,São Paulo,S5,,C0085599,40083667,A
40083667,202506,CAPITAL CONSIG SOCIEDADE DE CRÉDITO DIRETO S.A.,202011,N1,I,2,Sociedade de Crédito Direto,Sociedade de Crédito Direto,SP,São Paulo,S5,,C0085599,40083667,A
09025696,202506,CAPITALMAIS SOCIEDADE DE CRÉDITO DIRETO S.A.,180001,N1,I,2,Sociedade de Crédito Direto,,CE,Fortaleza,,,,,I
C0084442,202506,CARTOS SCD - PRUDENCIAL,180001,N1,I,2,,Sociedade de Crédito Direto,SP,São Paulo,S5,,C0084442,21332862,A
21332862,202506,CARTOS SOCIEDADE DE CRÉDITO DIRETO S.A.,201412,N1,I,2,Sociedade de Crédito Direto,Sociedades de crédito ao Microempreendedor,SP,São Paulo,S5,,C0084442,21332862,A
09313766,202506,"CARUANA S.A. - SOCIEDADE DE CRÉDITO, FINANCIAMENTO E INVESTIMENTO",200802,N1,I,2,"Sociedade de Crédito, Financiamento e Investimento","Sociedades de Credito, Financiamento e Investimento",SP,São Paulo,S4,,C0083591,09313766,A
C0083591,202506,CARUANA SCFI - PRUDENCIAL,180001,N1,I,2,,"Sociedades de Credito, Financiamento e Investimento",SP,São Paulo,S4,,C0083591,09313766,A
C0083175,202506,CASA CREDITO S.A. SCM - PRUDENCIAL,180001,N1,I,2,,Sociedades de crédito ao Microempreendedor,SP,São Paulo,S5,,C0083175,05442029,A
05442029,202506,CASA DO CRÉDITO S.A. SOCIEDADE DE CRÉDITO AO MICROEMPREENDEDOR,200308,N1,I,2,Sociedade de Crédito ao Microempreendedor,Sociedades de crédito ao Microempreendedor,SP,São Paulo,S5,,C0083175,05442029,A
09537598,202506,CATAGUA MICROFINANÇAS SOCIEDADE DE CRÉDITO AO MICROEMPREENDEDOR E À EMPRESA DE PEQUENO PORTE LTDA.,180001,N1,I,2,Sociedade de Crédito ao Microempreendedor,,SP,Barueri,,,,,I
02507173,202506,"CATERPILLAR FINANCIAL S.A. CREDITO, FINANCIAMENTO E INVESTIMENTO",199810,N1,I,3,"Sociedade de Crédito, Financiamento e Investimento",,SP,São Paulo,,,,,I
C0083326,202506,CDC SCD - PRUDENCIAL,180001,N1,I,2,,Sociedade de Crédito Direto,MG,Belo Horizonte,S5,,C0083326,18394228,A
18394228,202506,CDC SOCIEDADE DE CRÉDITO DIRETO S.A.,201307,N1,I,2,Sociedade de Crédito Direto,Sociedades de crédito ao Microempreendedor,MG,Belo Horizonte,S5,,C0083326,18394228,A
C0084727,202506,CENTROCRED CFI - PRUDENCIAL,180001,N1,I,2,,"Sociedades de Credito, Financiamento e Investimento",RS,Santa Cruz do Sul,S5,,C0084727,26225776,A
26225776,202506,"CENTROCRED S.A. CRÉDITO, FINANCIAMENTO E INVESTIMENTOS",201708,N1,I,2,"Sociedade de Crédito, Financiamento e Investimento","Sociedades de Credito, Financiamento e Investimento",RS,Santa Cruz do Sul,S5,,C0084727,26225776,A
09777318,202506,"CENTURIA S.A. CREDITO, FINANCIAMENTO E INVESTIMENTO",180001,N1,I,2,"Sociedade de Crédito, Financiamento e Investimento",,,,,,,,I
03722919,202506,"CETELEM BRASIL S.A. - CREDITO, FINANCIAMENTO E INVESTIMENTO",200011,N1,I,3,"Sociedade de Crédito, Financiamento e Investimento",,SP,Barueri,,,,,I
C0085551,202506,CF GROUP SEP - PRUDENCIAL,180001,N1,I,2,,Sociedade de Empréstimo entre Pessoas,RS,Porto Alegre,S5,,C0085551,41349521,A
41349521,202506,CF GROUP SOCIEDADE DE EMPRÉSTIMO ENTRE PESSOAS S.A.,202104,N1,I,2,Sociedade de Empréstimo entre Pessoas,Sociedade de Empréstimo entre Pessoas,RS,Porto Alegre,S5,,C0085551,41349521,A
43817154,202506,CHASE MANHATTAN LEASING S/A-ARRENDAMENTO MERCANTIL,197705,N1,I,2,Sociedade de Arrendamento Mercantil,,SP,São Paulo,,,,,I
10694628,202506,CHB - COMPANHIA HIPOTECARIA BRASILEIRA,198603,N1,I,2,Companhia Hipotecária,,RN,Natal,S4,,,,LE
C0082994,202506,CHG-MERIDIAN DO BRASIL AM S.A. - PRUDENCIAL,180001,N1,I,3,,Sociedades de Arrendamento Mercantil,SP,Barueri,S4,,C0082994,18539102,A
18539102,202506,CHG-MERIDIAN DO BRASIL ARRENDAMENTO MERCANTIL S.A.,201307,N1,I,3,Sociedade de Arrendamento Mercantil,Sociedades de Arrendamento Mercantil,SP,Barueri,S4,,C0082994,18539102,A
33074691,202506,"CIA AMERICA DO SUL CREDITO, FINANCIAMENTO E INVESTIMENTO",195109,N1,I,2,"Sociedade de Crédito, Financiamento e Investimento",,SP,São Paulo,,,,,I
34033761,202506,"CIA AYMORE DE CREDITO, INVESTIMENTOS E FINANCIAMENTOS",197001,N1,I,2,"Sociedade de Crédito, Financiamento e Investimento",,RJ,Rio de Janeiro,,,,,I
17167362,202506,CIA BANDEIRANTES - CREDITO FINANCIAMENTO E INVESTIMENTOS,195208,N1,I,2,"Sociedade de Crédito, Financiamento e Investimento",,SP,São Paulo,,,,,I
09777317,202506,"CIA CRENAN DE CREDITO, FINANCIAMENTO E INVESTIMENTO",180001,N1,I,2,"Sociedade de Crédito, Financiamento e Investimento",,,,,,,,I
09777316,202506,CIA FICREI DE CREDITO IMOBILIARIO,180001,N1,I,2,Sociedade de Crédito Imobiliário,,,,,,,,I
61406583,202506,"CIA FINANCEIRA DA SE - CREDITO, FINANCIAMENTO E INVESTIMENTOS",196509,N1,I,2,"Sociedade de Crédito, Financiamento e Investimento",,SP,São Paulo,,,,,I
60501863,202506,CIA FINANCIADORA HET CREDITO FINANCIAMENTO E INVESTIMENTO,196407,N1,I,2,"Sociedade de Crédito, Financiamento e Investimento",,SP,São Paulo,,,,,I
61186359,202506,"CIA ITAU DE INVESTIMENTO, CREDITO E FINANCIAMENTO",195212,N1,I,2,"Sociedade de Crédito, Financiamento e Investimento",,SP,São Paulo,,,,,I
09777315,202506,"CIA MINUANO DE INVESTIMENTOS, CREDITO E FINANCIAMENTO",180001,N1,I,2,"Sociedade de Crédito, Financiamento e Investimento",,,,,,,,I
62500376,202506,CIA REAL DE CREDITO IMOBILIARIO,196907,N1,I,2,Sociedade de Crédito Imobiliário,,SP,São Paulo,,,,,I
27889310,202506,CIA REAL DE CREDITO IMOBILIARIO (RIO),198204,N1,I,2,Sociedade de Crédito Imobiliário,,RJ,Rio de Janeiro,,,,,I
60392750,202506,"CIBRAFI - CIA BRASILEIRA DE CREDITO, FINANCIAMENTO E INVESTIMENTO",180001,N1,I,2,"Sociedade de Crédito, Financiamento e Investimento",,,,,,,,I
08818152,202506,"CIFRA S.A. CREDITO, INVESTIMENTO E FINANCIAMENTO",180001,N1,I,2,"Sociedade de Crédito, Financiamento e Investimento",,,,,,,,I
02856076,202506,CITIBANK COMPANHIA HIPOTECÁRIA,199812,N1,I,3,Companhia Hipotecária,,SP,São Paulo,,,,,I
34112128,202506,CITIBANK LEASING S.A. - ARRENDAMENTO MERCANTIL,197607,N1,I,3,Sociedade de Arrendamento Mercantil,,SP,São Paulo,,,,,I
05503849,202506,"CLOUDWALK FINANCEIRA S.A. CRÉDITO, FINANCIAMENTO E INVESTIMENTO",200301,N1,I,2,"Sociedade de Crédito, Financiamento e Investimento","Sociedades de Credito, Financiamento e Investimento",SP,São Paulo,S4,,C0086581,18189547,A
C0086581,202506,CLOUDWALK IP - PRUDENCIAL,180001,N1,I,2,,IP Credenciadora,SP,São Paulo,S4,,C0086581,18189547,A
C0081878,202506,COBANSA CH S.A. - PRUDENCIAL,180001,N1,I,2,,Companhias Hipotecarias,SP,São Paulo,S5,,C0081878,53263331,A
53263331,202506,COBANSA COMPANHIA HIPOTECARIA,198402,N1,I,2,Companhia Hipotecária,Companhias Hipotecarias,SP,São Paulo,S5,,C0081878,53263331,A
36947229,202506,"COBUCCIO S/A - SOCIEDADE DE CRÉDITO, FINANCIAMENTO E INVESTIMENTOS",202004,N1,I,2,"Sociedade de Crédito, Financiamento e Investimento",Sociedade de Crédito Direto,MG,Monte Belo,S4,,C0085173,36947229,A
C0085173,202506,COBUCCIO SCFI - PRUDENCIAL,180001,N1,I,2,,,MG,Monte Belo,S4,,C0085173,36947229,A
C0082712,202506,CODEPE CORRETORA DE VAL. S.A. - PRUDENCIAL,180001,N1,I,2,,CTVM DTVM - Bolsa,SP,Barueri,S4,,C0082712,09512542,A
00051904,202506,COLMEIA ASSOCIACAO DE POUPANCA E EMPRESTIMO,180001,N1,I,2,Associação de Poupança e Empréstimo,,,,,,,,I
61083903,202506,"COMIND FINANCEIRA S/A CREDITO, FINANCIAMENTO E INVESTIMENTO",196603,N1,I,2,"Sociedade de Crédito, Financiamento e Investimento",,SP,São Paulo,,,,,I
47184932,202506,COMIND LEASING S/A - ARRENDAMENTO MERCANTIL,197606,N1,I,2,Sociedade de Arrendamento Mercantil,,SP,São Paulo,,,,,I
33634734,202506,COMIND RIO S.A. DE CREDITO IMOBILIARIO,196612,N1,I,2,Sociedade de Crédito Imobiliário,,RJ,Rio de Janeiro,,,,,I
61775672,202506,COMIND S.A. DE CREDITO IMOBILIARIO,196709,N1,I,2,Sociedade de Crédito Imobiliário,,SP,São Paulo,,,,,I
61784278,202506,"COMPANHIA DE CREDITO, FINANCIAMENTO E INVESTIMENTO RCI BRASIL",196707,N1,I,3,"Sociedade de Crédito, Financiamento e Investimento",,PR,Curitiba,,,,,I
27579911,202506,COMPANHIA REAL DE CREDITO IMOBILIARIO (CENTRO),198004,N1,I,2,Sociedade de Crédito Imobiliário,,MG,Belo Horizonte,,,,,I
92723576,202506,COMPANHIA REAL DE CREDITO IMOBILIARIO (SUL),196701,N1,I,2,Sociedade de Crédito Imobiliário,,RS,Porto Alegre,,,,,I
46241852,202506,"COMPREV - CRÉDITO, FINANCIAMENTO E INVESTIMENTO S.A.",202303,N1,I,2,"Sociedade de Crédito, Financiamento e Investimento",,RJ,Rio de Janeiro,S5,,C0086244,46241852,A
C0086244,202506,COMPREV CFI - PRUDENCIAL,180001,N1,I,2,,Sociedade de Crédito Direto,RJ,Rio de Janeiro,S5,,C0086244,46241852,A
09813174,202506,CONFIANÇA SOCIEDADE DE CRÉDITO AO MICROEMPREENDEDOR LTDA.,180001,N1,I,2,Sociedade de Crédito ao Microempreendedor,,RJ,Rio de Janeiro,,,,,I
C0088125,202506,CONLIFE SCD - PRUDENCIAL,180001,N1,I,2,,,SP,São José dos Campos,,,C0088125,62451088,I
62451088,202506,CONLIFE SOCIEDADE DE CRÉDITO DIRETO S/A,180001,N1,I,2,Sociedade de Crédito Direto,,SP,São José dos Campos,,,C0088125,62451088,I
55437107,202506,CONTA 1 CREDITO IMOBILIARIO S/A,198601,N1,I,2,Sociedade de Crédito Imobiliário,,SP,São Paulo,,,,,I
C0087384,202506,CONTA SIMPLES SCD - PRUDENCIAL,180001,N1,I,3,,Sociedade de Crédito Direto,SP,São Paulo,S5,,C0087384,53720128,A
53720128,202506,CONTA SIMPLES SOCIEDADE DE CRÉDITO DIRETO S.A.,202407,N1,I,3,Sociedade de Crédito Direto,,SP,São Paulo,S5,,C0087384,53720128,A
60523370,202506,CONTINENTAL S.A. CREDITO IMOBILIARIO,196609,N1,I,2,Sociedade de Crédito Imobiliário,,SP,São Paulo,,,,,I
C0085317,202506,CORA SCFI - PRUDENCIAL,180001,N1,I,2,,Sociedade de Crédito Direto,SP,São Paulo,S5,,C0085317,37880206,A
37880206,202506,"CORA SOCIEDADE DE CRÉDITO, FINANCIAMENTO E INVESTIMENTO S.A.",202009,N1,I,2,"Sociedade de Crédito, Financiamento e Investimento",Sociedade de Crédito Direto,SP,São Paulo,S5,,C0085317,37880206,A
33420001,202506,"COROA S.A. CREDITO, FINANCIAMENTO E INVESTIMENTOS",196508,N1,I,2,"Sociedade de Crédito, Financiamento e Investimento",,RJ,Rio de Janeiro,,,,,F
C0083216,202506,CORPORE SCD - PRUDENCIAL,180001,N1,I,2,,Sociedade de Crédito Direto,MS,Dourados,S5,,C0083216,07327045,A
07327045,202506,CORPORE SOCIEDADE DE CRÉDITO DIRETO S.A.,200507,N1,I,2,Sociedade de Crédito Direto,Sociedades de crédito ao Microempreendedor,MS,Dourados,S5,,C0083216,07327045,A
42271833,202506,COSTA LESTE S/A ARRENDAMENTO MERCANTIL,197606,N1,I,2,Sociedade de Arrendamento Mercantil,,RJ,Rio de Janeiro,,,,,I
02176290,202506,COTIA LEASING S.A. ARRENDAMENTO MERCANTIL,199711,N1,I,2,Sociedade de Arrendamento Mercantil,,SP,São Caetano do Sul,,,,,I
02176354,202506,"COTIA S.A.-SOC.DE CREDITO, FINANCIAMENTO E INVESTIMENTO",199710,N1,I,2,"Sociedade de Crédito, Financiamento e Investimento",,SP,São Paulo,,,,,I
87091716,202506,CPCI - COMPANHIA DE CRÉDITO IMOBILIÁRIO S/A,197205,N1,I,2,Sociedade de Crédito Imobiliário - Repassadora,Sociedades de Credito Imobiliário e Associações de Poupança e Empréstimo,RS,Porto Alegre,S5,,,,I
09777301,202506,"CRECIF - CREDITO, FINANCIAMENTO E INVESTIMENTOS S.A.",180001,N1,I,2,"Sociedade de Crédito, Financiamento e Investimento",,,,,,,,I
09787649,202506,CRECIF S.A. CONSULTORIA E LEASING,180001,N1,I,2,Sociedade de Arrendamento Mercantil,,,,,,,,I
03635061,202506,CREDBRASIL - SOCIEDADE DE CRÉDITO AO MICROEMPREENDEDOR E À EMPRESA DE PEQUENO PORTE LTDA.,200511,N1,I,2,Sociedade de Crédito ao Microempreendedor,Sociedades de crédito ao Microempreendedor,SP,Paulínia,S5,,C0083003,03635061,A
03939635,202506,CREDENCIAL-SOCIEDADE DE CREDITO AO MICROEMPREENDEDOR LTDA,200009,N1,I,2,Sociedade de Crédito ao Microempreendedor,,RJ,Niterói,,,,,I
C0085764,202506,CREDFC SCD - PRUDENCIAL,180001,N1,I,2,,Sociedade de Crédito Direto,SP,São Paulo,S5,,C0085764,42627615,A
05389372,202506,CREDH VIWA SOCIEDADE DE CREDITO AO MICROEMPREENDEDOR LTDA,200302,N1,I,2,Sociedade de Crédito ao Microempreendedor,,SC,São João Batista,,,,,I
C0084923,202506,CREDI SHOP S.A. - PRUDENCIAL,180001,N1,I,2,,IP Emissor Pós-Pago,PI,Teresina,S5,,C0084923,62895230,A
C0085427,202506,CREDIARE CFI - PRUDENCIAL,180001,N1,I,2,,"Sociedades de Credito, Financiamento e Investimento",RS,Farroupilha,S4,,C0085427,05676026,A
05676026,202506,"CREDIARE S.A. - CRÉDITO, FINANCIAMENTO E INVESTIMENTO",200309,N1,I,2,"Sociedade de Crédito, Financiamento e Investimento","Sociedades de Credito, Financiamento e Investimento",RS,Farroupilha,S4,,C0085427,05676026,A
11434526,202506,"CREDIFIBRA S.A. - CRÉDITO, FINANCIAMENTO E INVESTIMENTO",201003,N1,I,2,"Sociedade de Crédito, Financiamento e Investimento",,SP,São Paulo,,,,,I
C0085465,202506,CREDIFIT SCD - PRUDENCIAL,180001,N1,I,2,,Sociedade de Crédito Direto,BA,Salvador,S5,,C0085465,39676772,A
39676772,202506,CREDIFIT SOCIEDADE DE CRÉDITO DIRETO S.A.,202011,N1,I,2,Sociedade de Crédito Direto,Sociedade de Crédito Direto,BA,Salvador,S5,,C0085465,39676772,A
39416705,202506,CREDIHOME SOCIEDADE DE CRÉDITO DIRETO S.A.,202010,N1,I,2,Sociedade de Crédito Direto,Sociedade de Crédito Direto,SP,São Paulo,S5,,C0087810,17887874,A
44003069,202506,CREDILEASE ARRENDAMENTO MERCANTIL S/A,197606,N1,I,2,Sociedade de Arrendamento Mercantil,,SP,São Paulo,,,,,I
C0083120,202506,CREDILON SCM REG. LONDRINA LTD - PRUDENCIAL,180001,N1,I,2,,Sociedades de crédito ao Microempreendedor,PR,Londrina,S5,,C0083120,04223451,A
04223451,202506,CREDILON SOCIEDADE DE CRÉDITO AO MICROEMPREENDEDOR DA REGIÃO DE LONDRINA LTDA.,200101,N1,I,2,Sociedade de Crédito ao Microempreendedor,Sociedades de crédito ao Microempreendedor,PR,Londrina,S5,,C0083120,04223451,A
C0086055,202506,CREDIMÓVEL SCD - PRUDENCIAL,180001,N1,I,2,,Sociedade de Crédito Direto,GO,Goiânia,S5,,C0086055,45341994,A
45341994,202506,CREDIMÓVEL SOCIEDADE DE CRÉDITO DIRETO S.A.,202208,N1,I,2,Sociedade de Crédito Direto,,GO,Goiânia,S5,,C0086055,45341994,A
57992927,202506,"CREDINVEST CREDITO, FINANCIAMENTO E INVESTIMENTO S.A.",198709,N1,I,2,"Sociedade de Crédito, Financiamento e Investimento",,SP,São Paulo,,,,,I
17175977,202506,"CREDIREAL FINANCEIRA S/A - CREDITO, FINANCIAMENTO E INVESTIMENTO",196212,N1,I,2,"Sociedade de Crédito, Financiamento e Investimento",,MG,Belo Horizonte,,,,,I
34268714,202506,CREDIREAL LEASING S/A - ARRENDAMENTO MERCANTIL,197608,N1,I,2,Sociedade de Arrendamento Mercantil,,MG,Belo Horizonte,,,,,I
54733010,202506,CREDI-SHOP - SOCIEDADE DE CRÉDITO DIRETO S.A.,202404,N1,I,2,Sociedade de Crédito Direto,,PI,Teresina,S5,,C0084923,62895230,A
49923766,202506,CREDIT COMMERCIAL DE FRANCE S/A ARRENDAMENTO MERCANTIL,197804,N1,I,2,Sociedade de Arrendamento Mercantil,,SP,Barueri,,,,,I
61340840,202506,"CREDIT LYONNAIS FINANCEIRA S.A.-CREDITO, FINANCIAMENTO E INV",196406,N1,I,2,"Sociedade de Crédito, Financiamento e Investimento",,SP,São Paulo,,,,,I
C0083687,202506,CREDITÁ S.A. CFI - PRUDENCIAL,180001,N1,I,2,,"Sociedades de Credito, Financiamento e Investimento",RS,Porto Alegre,S5,,C0083687,12599971,A
12599971,202506,"CREDITÁ S/A CRÉDITO, FINANCIAMENTO E INVESTIMENTO",201010,N1,I,2,"Sociedade de Crédito, Financiamento e Investimento","Sociedades de Credito, Financiamento e Investimento",RS,Porto Alegre,S5,,C0083687,12599971,A
C0084909,202506,CREDITAS SCD - PRUDENCIAL,180001,N1,I,3,,Sociedade de Crédito Direto,SP,São Paulo,S5,,C0084909,32997490,A
32997490,202506,CREDITAS SOCIEDADE DE CRÉDITO DIRETO S.A.,201904,N1,I,3,Sociedade de Crédito Direto,Sociedade de Crédito Direto,SP,São Paulo,S4,,C0084909,32997490,A
32206195,202506,"CREDITEC CREDITO, FINANCIAMENTO E INVESTIMENTO S.A.",198808,N1,I,2,"Sociedade de Crédito, Financiamento e Investimento",,SP,São Paulo,,,,,I
02291841,202506,CREDITEC LEASING - ARRENDAMENTO MERCANTIL S.A.,199712,N1,I,2,Sociedade de Arrendamento Mercantil,,RJ,Rio de Janeiro,,,,,I
60898608,202506,"CREDITEC S.A. SOCIEDADE DE CRÉDITO, FINANCIAMENTO E INVESTIMENTO",196408,N1,I,2,"Sociedade de Crédito, Financiamento e Investimento",,SP,São Paulo,,,,,I
60858719,202506,"CREDITUM S/A - CREDITO, FINANCIAMENTO E INVESTIMENTO",180001,N1,I,2,"Sociedade de Crédito, Financiamento e Investimento",,SP,São Paulo,,,,,I
11608711,202506,CREDIX FINANCIAL S.A. SOCIEDADE DE CRÉDITO AO MICROEMPREENDEDOR E À EMPRESA DE PEQUENO PORTE,201005,N1,I,2,Sociedade de Crédito ao Microempreendedor,,RJ,Rio de Janeiro,,,,,I
38146949,202506,CREDNOVO SOCIEDADE DE EMPRÉSTIMO ENTRE PESSOAS S. A.,202105,N1,I,2,Sociedade de Empréstimo entre Pessoas,,SP,São Paulo,S3,,C0088022,22896431,A
48721937,202506,CREDPAR - SOCIEDADE DE CRÉDITO DIRETO S/A,202303,N1,I,2,Sociedade de Crédito Direto,,MG,Uberlândia,S5,,C0086550,48721937,A
C0086550,202506,CREDPAR SCD - PRUDENCIAL,180001,N1,I,2,,Sociedade de Crédito Direto,MG,Uberlândia,S5,,C0086550,48721937,A
05170343,202506,CREDRIO - SOCIEDADE DE CRÉDITO AO MICROEMPREENDEDOR LTDA.,200210,N1,I,2,Sociedade de Crédito ao Microempreendedor,,AM,Manaus,,,,,I
C0085441,202506,CREDSYSTEM IP - PRUDENCIAL,180001,N1,I,2,,IP Emissor Pós-Pago,SP,Barueri,S4,,C0085441,04670195,A
39664698,202506,CREDSYSTEM SOCIEDADE DE CRÉDITO DIRETO S.A.,202103,N1,I,2,Sociedade de Crédito Direto,Sociedade de Crédito Direto,SP,Barueri,S4,,C0085441,04670195,A
C0083357,202506,CREFAZ SCMEPP - PRUDENCIAL,180001,N1,I,2,,Sociedades de crédito ao Microempreendedor,PR,Maringá,S5,,C0083357,18188384,A
18188384,202506,CREFAZ SOCIEDADE DE CRÉDITO AO MICROEMPREENDEDOR E A EMPRESA DE PEQUENO PORTE S.A.,201402,N1,I,2,Sociedade de Crédito ao Microempreendedor,Sociedades de crédito ao Microempreendedor,PR,Maringá,S5,,C0083357,18188384,A
60779196,202506,"CREFISA S.A.-CREDITO, FINANCIAMENTO E INVESTIMENTOS",196506,N1,I,2,"Sociedade de Crédito, Financiamento e Investimento",,SP,São Paulo,S4,,C0083632,60779196,A
59560045,202506,CREFISUL CREDITO IMOBILIARIO S/A,198810,N1,I,2,Sociedade de Crédito Imobiliário,,SP,São Paulo,,,,,I
00410345,202506,CREFISUL LEASING S.A.-ARRENDAMENTO MERCANTIL,199507,N1,I,2,Sociedade de Arrendamento Mercantil,,SP,São Paulo,,,,,I
05292284,202506,CRESCER S/A SOCIEDADE DE CREDITO AO MICROEMPREENDEDOR,200507,N1,I,2,Sociedade de Crédito ao Microempreendedor,,RJ,Rio de Janeiro,,,,,I
C0082970,202506,CSILATINA A.M. S.A. - PRUDENCIAL,180001,N1,I,3,,Sociedades de Arrendamento Mercantil,SP,Barueri,S4,,C0082970,05883884,A
05883884,202506,CSILATINA ARRENDAMENTO MERCANTIL S.A.,200310,N1,I,3,Sociedade de Arrendamento Mercantil,Sociedades de Arrendamento Mercantil,SP,Barueri,S4,,C0082970,05883884,A
27406222,202506,"DACASA FINANCEIRA S/A - SOCIEDADE DE CRÉDITO, FINANCIAMENTO E INVESTIMENTO",198207,N1,I,2,"Sociedade de Crédito, Financiamento e Investimento",,ES,Vitória,S4,,,,I
C0086330,202506,DANK SCD - PRUDENCIAL,180001,N1,I,2,,Sociedade de Crédito Direto,SC,Jaraguá do Sul,S5,,C0086330,48430050,A
48430050,202506,DANK SOCIEDADE DE CRÉDITO DIRETO S.A.,202307,N1,I,2,Sociedade de Crédito Direto,,SC,Jaraguá do Sul,S5,,C0086330,48430050,A
48529228,202506,DAPPER - SOCIEDADE DE CRÉDITO DIRETO S/A,202304,N1,I,2,Sociedade de Crédito Direto,,SC,Blumenau,S5,,C0086402,48529228,A
C0086402,202506,DAPPER SCD - PRUDENCIAL,180001,N1,I,2,,Sociedade de Crédito Direto,SC,Blumenau,S5,,C0086402,48529228,A
C0084992,202506,DAUX SCD - PRUDENCIAL,180001,N1,I,2,,Sociedade de Crédito Direto,SP,Lins,S5,,C0084992,34846868,A
34846868,202506,DAUX SOCIEDADE DE CRÉDITO DIRETO S.A.,201909,N1,I,2,Sociedade de Crédito Direto,Sociedade de Crédito Direto,SP,Lins,S5,,C0084992,34846868,A
57731012,202506,DAYCOVAL LEASING SOCIEDADE DE ARRENDAMENTO MERCANTIL S.A.,202410,N1,I,2,Sociedade de Arrendamento Mercantil,,SP,São Paulo,S3,,C0081744,62232889,A
C0085393,202506,DELCRED SCD - PRUDENCIAL,180001,N1,I,2,,Sociedade de Crédito Direto,SE,Aracaju,S5,,C0085393,38224857,A
38224857,202506,DELCRED SOCIEDADE DE CRÉDITO DIRETO S.A.,202108,N1,I,2,Sociedade de Crédito Direto,,SE,Aracaju,S5,,C0085393,38224857,A
33923848,202506,DELFIN RIO S/A CREDITO IMOBILIARIO,196904,N1,I,2,Sociedade de Crédito Imobiliário - Repassadora,,RJ,Rio de Janeiro,,,,,A
61648853,202506,DELFIN S.A. - CREDITO IMOBILIARIO,196612,N1,I,2,Sociedade de Crédito Imobiliário,,SP,São Paulo,,,,,A
C0087937,202506,DELTA GLOBAL SCD - PRUDENCIAL,180001,N1,I,2,,Sociedade de Crédito Direto,SP,São Paulo,S4,,C0087937,55823094,A
55823094,202506,DELTA GLOBAL SOCIEDADE DE CRÉDITO DIRETO S.A.,202410,N1,I,2,Sociedade de Crédito Direto,,SP,São Paulo,S4,,C0087937,55823094,A
15163587,202506,DESENBAHIA - AGENCIA DE FOMENTO DO ESTADO DA BAHIA S.A.,196612,N1,I,1,Agência de Fomento,Agencias de Fomento ou de Desenvolvimento,BA,Salvador,S4,,C0081067,15163587,A
C0081067,202506,DESENBAHIA AG FOMENTO BAHIA SA - PRUDENCIAL,180001,N1,I,1,,Agencias de Fomento ou de Desenvolvimento,BA,Salvador,S4,,C0081067,15163587,A
10663610,202506,DESENVOLVE SP - AGÊNCIA DE FOMENTO DO ESTADO DE SÃO PAULO S.A.,200903,N1,I,1,Agência de Fomento,Agencias de Fomento ou de Desenvolvimento,SP,São Paulo,S4,,C0081153,10663610,A
48584954,202506,DGBK CREDIT S.A. - SOCIEDADE DE CRÉDITO DIRETO.,202211,N1,I,2,Sociedade de Crédito Direto,,BA,Salvador,S5,,C0086543,48584954,A
C0086543,202506,DGBK CREDIT SCD - PRUDENCIAL,180001,N1,I,2,,Sociedade de Crédito Direto,BA,Salvador,S5,,C0086543,48584954,A
65654303,202506,DIBENS LEASING S.A. ARRENDAMENTO MERCANTIL,199104,N1,I,2,Sociedade de Arrendamento Mercantil,,SP,São Paulo,S1,,C0080099,60872504,A
58158387,202506,"DIRECAO S.A. CREDITO, FINANCIAMENTO E INVESTIMENTO",196510,N1,I,2,"Sociedade de Crédito, Financiamento e Investimento","Sociedades de Credito, Financiamento e Investimento",SP,Santos,S5,,C0083625,58158387,A
C0083625,202506,DIRECAO S.A. SCFI - PRUDENCIAL,180001,N1,I,2,,"Sociedades de Credito, Financiamento e Investimento",SP,Santos,S5,,C0083625,58158387,A
44026284,202506,DISCO S/A CREDITO FINANCIAMENTO E INVESTIMENTO,197402,N1,I,2,"Sociedade de Crédito, Financiamento e Investimento",,RJ,Rio de Janeiro,,,,,I
C0087999,202506,DIVI SCD - PRUDENCIAL,180001,N1,I,2,,,SP,São Paulo,S5,,C0087999,58526733,I
58526733,202506,DIVI SOCIEDADE DE CREDITO DIRETO S.A.,180001,N1,I,2,Sociedade de Crédito Direto,,SP,São Paulo,S5,,C0087999,58526733,I
91669747,202506,"DM FINANCEIRA S.A. - CRÉDITO, FINANCIAMENTO E INVESTIMENTO",196505,N1,I,2,"Sociedade de Crédito, Financiamento e Investimento","Sociedades de Credito, Financiamento e Investimento",SP,São José dos Campos,S4,,C0083467,91669747,A
C0083467,202506,DM SCFI - PRUDENCIAL,180001,N1,I,2,,"Sociedades de Credito, Financiamento e Investimento",SP,São José dos Campos,S4,,C0083467,91669747,A
37555231,202506,DM SOCIEDADE DE CRÉDITO DIRETO S.A.,202010,N1,I,2,Sociedade de Crédito Direto,Sociedade de Crédito Direto,SP,São José dos Campos,S4,,C0083467,91669747,A
10372647,202506,DOMUS COMPANHIA HIPOTECÁRIA,198602,N1,I,2,Companhia Hipotecária,,RJ,Rio de Janeiro,,,,,I
11545653,202506,DOURADA - SOCIEDADE DE CRÉDITO AO MICROEMPREENDEDOR E À EMPRESA DE PEQUENO PORTE LTDA,201004,N1,I,2,Sociedade de Crédito ao Microempreendedor,Sociedades de crédito ao Microempreendedor,MG,Lagoa Dourada,S5,,,,I
C0085324,202506,DUFRIO CFI - PRUDENCIAL,180001,N1,I,2,,"Sociedades de Credito, Financiamento e Investimento",RS,Porto Alegre,S5,,C0085324,35479592,A
35479592,202506,"DUFRIO FINANCEIRA, CRÉDITO, FINANCIAMENTO E INVESTIMENTOS S.A.",202006,N1,I,2,"Sociedade de Crédito, Financiamento e Investimento","Sociedades de Credito, Financiamento e Investimento",RS,Porto Alegre,S5,,C0085324,35479592,A
C0087676,202506,E.SIGA SCD - PRUDENCIAL,180001,N1,I,2,,Sociedade de Crédito Direto,PR,São José dos Pinhais,S5,,C0087676,56030613,A
56030613,202506,E.SIGA SOCIEDADE DE CRÉDITO DIRETO S.A.,202405,N1,I,2,Sociedade de Crédito Direto,,PR,São José dos Pinhais,S5,,C0087676,56030613,A
C0086172,202506,EAGLE SCD - PRUDENCIAL,180001,N1,I,2,,Sociedade de Crédito Direto,RS,Porto Alegre,S5,,C0086172,45745537,A
45745537,202506,EAGLE SOCIEDADE DE CRÉDITO DIRETO S.A.,202206,N1,I,2,Sociedade de Crédito Direto,,RS,Porto Alegre,S5,,C0086172,45745537,A
C0087645,202506,EASY MONEY SCD - PRUDENCIAL,180001,N1,I,2,,Sociedade de Crédito Direto,RS,São Leopoldo,S5,,C0087645,56606230,A
56606230,202506,EASY MONEY SOCIEDADE DE CRÉDITO DIRETO S.A.,202408,N1,I,2,Sociedade de Crédito Direto,,RS,São Leopoldo,S5,,C0087645,56606230,A
60057265,202506,EASYCREDITO SOCIEDADE DE CREDITO DIRETO S.A.,202504,N1,I,2,Sociedade de Crédito Direto,,SP,São Paulo,S5,,C0085726,13203354,A
C0083364,202506,ECONOMIA CI S.A.-ECONOMISA - PRUDENCIAL,180001,N1,I,2,,Companhias Hipotecarias,MG,Belo Horizonte,S5,,C0083364,17441197,A
04785093,202506,ECONOMICO AMAZONIA S/A CREDITO IMOBILIARIO,198303,N1,I,2,Sociedade de Crédito Imobiliário,,PA,Belém,,,,,I
17387002,202506,ECONOMICO CENTRO S/A CREDITO IMOBILIARIO,196910,N1,I,2,Sociedade de Crédito Imobiliário,,MG,Belo Horizonte,,,,,I
11497286,202506,ECONOMICO NORDESTE S/A - CREDITO IMOBILIARIO,197906,N1,I,2,Sociedade de Crédito Imobiliário,,PE,Recife,,,,,I
27941269,202506,ECONOMICO RIO S/A CREDITO IMOBILIARIO,198206,N1,I,2,Sociedade de Crédito Imobiliário,,RJ,Rio de Janeiro,,,,,I
10391043,202506,ECONOMICO S/A - CREDITO IMOBILIARIO,198512,N1,I,2,Sociedade de Crédito Imobiliário,,CE,Fortaleza,,,,,I
15177405,202506,ECONOMICO S/A CREDITO IMOBILIARIO - CASAFORTE,196712,N1,I,2,Sociedade de Crédito Imobiliário,,BA,Salvador,,,,,I
50570704,202506,ECONOMICO SAO PAULO S/A CREDITO IMOBILIARIO-HABITACIONAL,198206,N1,I,2,Sociedade de Crédito Imobiliário,,SP,Campinas,,,,,I
17441197,202506,ECONOMISA COMPANHIA HIPOTECÁRIA.,197004,N1,I,2,Companhia Hipotecária,Companhias Hipotecarias,MG,Belo Horizonte,S5,,C0083364,17441197,A
C0084978,202506,EFI S.A. IP - PRUDENCIAL,180001,N1,I,2,,IP Emissor Pré-Pago,MG,Ouro Preto,S5,,C0084978,09089356,A
60959749,202506,"ELECTRA S/A - FINANCIAMENTO, CREDITO E INVESTIMENTO",196702,N1,I,2,"Sociedade de Crédito, Financiamento e Investimento",,SP,São Paulo,,,,,I
C0085283,202506,EMCASH SERVICOS FINANCEIROS SEP - PRUDENCIAL,180001,N1,I,2,,Sociedade de Empréstimo entre Pessoas,MG,Belo Horizonte,S5,,C0085283,34139916,A
34139916,202506,EMCASH SERVIÇOS FINANCEIROS SOCIEDADE DE EMPRÉSTIMO ENTRE PESSOAS S.A.,202005,N1,I,2,Sociedade de Empréstimo entre Pessoas,Sociedade de Empréstimo entre Pessoas,MG,Belo Horizonte,S5,,C0085283,34139916,A
C0087810,202506,ENTREPAY IP - PRUDENCIAL,180001,N1,I,2,,IP Credenciadora,SP,São Paulo,S5,,C0087810,17887874,A
60750114,202506,EPOCA LEASING S.A. ARRENDAMENTO MERCANTIL,197607,N1,I,2,Sociedade de Arrendamento Mercantil,,SP,São Paulo,,,,,I
59608893,202506,"ESTREL FINANCEIRA S/A-CREDITO,FINANCIAMENTO E INVESTIMENTO",180001,N1,I,2,"Sociedade de Crédito, Financiamento e Investimento",,SP,São Paulo,,,,,I
59683490,202506,EURAMERIS CREDITO IMOBILIARIO S/A,198904,N1,I,2,Sociedade de Crédito Imobiliário,,SP,São Paulo,,,,,I
C0088314,202506,EURO17 SCD - PRUDENCIAL,180001,N1,I,2,,,SP,São Paulo,S5,,C0088314,59855096,I
59855096,202506,EURO17 SOCIEDADE DE CRÉDITO DIRETO S.A.,202602,N1,I,2,Sociedade de Crédito Direto,,SP,São Paulo,S5,,C0088314,59855096,I
86729894,202506,EUROBANCO LEASING  S.A. - ARREND. MERCANTIL,199402,N1,I,2,Sociedade de Arrendamento Mercantil,,RJ,Rio de Janeiro,,,,,I
74533787,202506,EVEREST LEASING S.A. ARRENDAMENTO MERCANTIL,199407,N1,I,2,Sociedade de Arrendamento Mercantil,,SP,Osasco,,,,,I
60674561,202506,"FACILITA - CREDITO, FINANCIAMENTO E INVESTIMENTO S/A",195506,N1,I,2,"Sociedade de Crédito, Financiamento e Investimento",,RJ,Rio de Janeiro,,,,,I
15581638,202506,FACTA FINANCEIRA S.A. - CRÉDITO FINANCIAMENTO E INVESTIMENTO,201207,N1,I,2,"Sociedade de Crédito, Financiamento e Investimento","Sociedades de Credito, Financiamento e Investimento",RS,Porto Alegre,S4,,C0083704,15581638,A
C0083704,202506,FACTA S.A. CFI - PRUDENCIAL,180001,N1,I,2,,"Sociedades de Credito, Financiamento e Investimento",RS,Porto Alegre,S4,,C0083704,15581638,A
C0083429,202506,FAMILIA PAULISTA CI S.A. - PRUDENCIAL,180001,N1,I,2,,Companhias Hipotecarias,SP,Santos,S5,,C0083429,53146221,A
53146221,202506,FAMÍLIA PAULISTA COMPANHIA HIPOTECÁRIA,198401,N1,I,2,Companhia Hipotecária,Companhias Hipotecarias,SP,Santos,S5,,C0083429,53146221,A
C0085032,202506,FARMTECH SCD - PRUDENCIAL,180001,N1,I,2,,Sociedade de Crédito Direto,RS,Taquara,S5,,C0085032,35911258,A
C0083065,202506,FATORI SCMEPP - PRUDENCIAL,180001,N1,I,2,,Sociedades de crédito ao Microempreendedor,SC,Joinville,S5,,C0083065,05669150,A
05669150,202506,FATORI SOCIEDADE DE CRÉDITO AO MICROEMPREENDEDOR E À EMPRESA DE PEQUENO PORTE LTDA.,200307,N1,I,2,Sociedade de Crédito ao Microempreendedor,Sociedades de crédito ao Microempreendedor,SC,Joinville,S5,,C0083065,05669150,A
C0088091,202506,FATURACRED SCD - PRUDENCIAL,180001,N1,I,2,,Sociedade de Crédito Direto,ES,Vitória,S5,,C0088091,58859402,A
58859402,202506,FATURACRED SOCIEDADE DE CRÉDITO DIRETO S.A.,202504,N1,I,2,Sociedade de Crédito Direto,,ES,Vitória,S5,,C0088091,58859402,A
62799895,202506,FEDERAL SÃO PAULO S/A - CRÉDITO IMOBILIÁRIO,197002,N1,I,2,Sociedade de Crédito Imobiliário,,SP,São Paulo,,,,,I
47108394,202506,FENICIA S/A - ARRENDAMENTO MERCANTIL,197608,N1,I,2,Sociedade de Arrendamento Mercantil,,SP,São Paulo,,,,,I
60641958,202506,"FENICIA S/A - CREDITO, FINANCIAMENTO E INVESTIMENTOS",196407,N1,I,2,"Sociedade de Crédito, Financiamento e Investimento",,SP,São Paulo,,,,,I
C0085489,202506,FFCRED SCD - PRUDENCIAL,180001,N1,I,2,,Sociedade de Crédito Direto,RS,Erechim,S5,,C0085489,39738065,A
39738065,202506,FFCRED SOCIEDADE DE CRÉDITO DIRETO S.A..,202012,N1,I,2,Sociedade de Crédito Direto,Sociedade de Crédito Direto,RS,Erechim,S5,,C0085489,39738065,A
71590798,202506,FIBRA LEASING S.A. - ARRENDAMENTO MERCANTIL,199307,N1,I,2,Sociedade de Arrendamento Mercantil,,SP,São Caetano do Sul,,,,,I
92864131,202506,"FICRISA AXELRUD S.A. CREDITO, FINANCIAMENTO E INVESTIMENTO",196711,N1,I,2,"Sociedade de Crédito, Financiamento e Investimento",,RS,Porto Alegre,,,,,I
C0086141,202506,FIDEM SCD - PRUDENCIAL,180001,N1,I,2,,Sociedade de Crédito Direto,RS,Santa Maria,S5,,C0086141,45716916,A
45716916,202506,FIDEM SOCIEDADE DE CRÉDITO DIRETO S/A,202301,N1,I,2,Sociedade de Crédito Direto,,RS,Santa Maria,S5,,C0086141,45716916,A
C0085609,202506,FIDO SEP - PRUDENCIAL,180001,N1,I,2,,Sociedade de Empréstimo entre Pessoas,DF,Brasília,S5,,C0085609,40819834,A
40819834,202506,FIDO SOCIEDADE DE EMPRÉSTIMO ENTRE PESSOAS S.A.,202103,N1,I,2,Sociedade de Empréstimo entre Pessoas,Sociedade de Empréstimo entre Pessoas,DF,Brasília,S5,,C0085609,40819834,A
C0083010,202506,FIDUCIA SCMEPP LTDA - PRUDENCIAL,180001,N1,I,2,,Sociedades de crédito ao Microempreendedor,SP,Sorocaba,S5,,C0083010,04307598,A
04307598,202506,FIDÚCIA SOCIEDADE DE CRÉDITO AO MICROEMPREENDEDOR E À EMPRESA DE PEQUENO PORTE LIMITADA.,200104,N1,I,2,Sociedade de Crédito ao Microempreendedor,Sociedades de crédito ao Microempreendedor,SP,Sorocaba,S5,,C0083010,04307598,A
04275302,202506,FINACRED - SOCIEDADE DE CREDITO AO MICROEMPREENDEDOR LTDA.,200105,N1,I,2,Sociedade de Crédito ao Microempreendedor,,SP,São Paulo,,,,,I
00411939,202506,"FINAMAX S.A. - CREDITO, FINANCIAMENTO E INVESTIMENTO",199502,N1,I,2,"Sociedade de Crédito, Financiamento e Investimento","Sociedades de Credito, Financiamento e Investimento",SP,Jundiaí,S5,,C0083436,00411939,A
C0083436,202506,FINAMAX S.A. CFI - PRUDENCIAL,180001,N1,I,2,,"Sociedades de Credito, Financiamento e Investimento",SP,Jundiaí,S5,,C0083436,00411939,A
17167412,202506,"FINANCEIRA ALFA S.A. - CRÉDITO, FINANCIAMENTO E INVESTIMENTOS",195409,N1,I,2,"Sociedade de Crédito, Financiamento e Investimento",,SP,São Paulo,S2,,C0080109,58160789,A
01548981,202506,FINANCEIRA BEMGE S/A CREDITO FINANCIAMENTO E INVESTIMENTO,196510,N1,I,2,"Sociedade de Crédito, Financiamento e Investimento",,MG,Belo Horizonte,,,,,I
60501897,202506,FINANCEIRA DAS NACOES - CIA NACIONAL DE FINANC CRED INV,196203,N1,I,2,"Sociedade de Crédito, Financiamento e Investimento",,SP,São Paulo,,,,,I
06881898,202506,"FINANCEIRA ITAÚ CBD S.A. CRÉDITO, FINANCIAMENTO E INVESTIMENTO",200504,N1,I,2,"Sociedade de Crédito, Financiamento e Investimento",,SP,São Paulo,S1,,C0080099,60872504,A
58128927,202506,"FINANCIADORA BCN S/A CREDITO, FINANCIAMENTO E INVESTIMENTOS",196305,N1,I,2,"Sociedade de Crédito, Financiamento e Investimento",,SP,Barueri,,,,,I
60495108,202506,FINANCIADORA BRADESCO S/A CRED. FINANCIAMENTO INVESTIMENTOS,196505,N1,I,2,"Sociedade de Crédito, Financiamento e Investimento",,SP,Osasco,,,,,I
27595495,202506,"FINANCIADORA MESBLA S.A. CREDITO, FINANCIAMENTO INVESTIMENTO",198107,N1,I,2,"Sociedade de Crédito, Financiamento e Investimento",,RJ,Rio de Janeiro,,,,,I
25634387,202506,FINANCIADORA PROGRESSO SA INVESTIMENTO CREDITO E FINANC.,196511,N1,I,2,"Sociedade de Crédito, Financiamento e Investimento",,MG,Belo Horizonte,,,,,I
09777285,202506,FINANCIAL CREDITO IMOBILIARIO,180001,N1,I,2,Sociedade de Crédito Imobiliário,,,,,,,,I
92012624,202506,"FINANCIAL DO COMERCIO E DA PRODUCAO S.A. CREDITO, FINANCIAMENTO E INVESTIMENTO",180001,N1,I,2,"Sociedade de Crédito, Financiamento e Investimento",,,,,,,,I
09777287,202506,"FINANCIAMENTO, CREDITO E INVESTIMENTO - FICREI S.A.",180001,N1,I,2,"Sociedade de Crédito, Financiamento e Investimento",,,,,,,,I
33642638,202506,FINANCILAR CIA. DE CREDITO IMOBILIARIO,180001,N1,I,2,Sociedade de Crédito Imobiliário,,,,,,,,I
33724709,202506,"FINANCILAR CREDITO, FINANCIAMENTO E INVESTIMENTOS S.A.",180001,N1,I,2,"Sociedade de Crédito, Financiamento e Investimento",,,,,,,,I
27348513,202506,FINANCRED - SOCIEDADE DE CRÉDITO AO MICROEMPREENDEDOR E A EMPRESA DE PEQUENO PORTE LTDA.,201705,N1,I,2,Sociedade de Crédito ao Microempreendedor,Sociedades de crédito ao Microempreendedor,MS,Campo Grande,S5,,C0084679,27348513,A
C0084679,202506,FINANCRED SCMEPP LTDA. - PRUDENCIAL,180001,N1,I,2,,Sociedades de crédito ao Microempreendedor,MS,Campo Grande,S5,,C0084679,27348513,A
05145094,202506,FINANRAP SOCIEDADE DE CREDITO AO MICROEMPREENDEDOR LTDA,180001,N1,I,2,Sociedade de Crédito ao Microempreendedor,,RJ,Armação dos Búzios,,,,,I
61594784,202506,"FINASA - CREDITO, FINANCIAMENTO E INVESTIMENTO S/A",195409,N1,I,2,"Sociedade de Crédito, Financiamento e Investimento",,SP,São Paulo,,,,,I
46663498,202506,FINASA CREDITO IMOBILIARIO S/A,198106,N1,I,2,Sociedade de Crédito Imobiliário,,SP,São Paulo,,,,,I
47896709,202506,FINASA LEASING ARRENDAMENTO MERCANTIL S/A,197605,N1,I,2,Sociedade de Arrendamento Mercantil,,SP,Osasco,,,,,I
02199327,202506,"FINASA S.A. CREDITO,FINANCIAMENTO E INVESTIMENTO",199710,N1,I,2,"Sociedade de Crédito, Financiamento e Investimento",,SP,São Paulo,,,,,I
47178918,202506,FINÁUSTRIA ARRENDAMENTO MERCANTIL S.A.,197605,N1,I,2,Sociedade de Arrendamento Mercantil,,SP,Poá,,,,,I
C0086567,202506,FINAZO SCD - PRUDENCIAL,180001,N1,I,2,,Sociedade de Crédito Direto,SC,Balneário Camboriú,S5,,C0086567,48703302,A
48703302,202506,FINAZO SOCIEDADE DE CRÉDITO DIRETO S.A.,202303,N1,I,2,Sociedade de Crédito Direto,,SC,Balneário Camboriú,S5,,C0086567,48703302,A
02884541,202506,FININVEST LEASING ARRENDAMENTO MERCANTIL S.A,199805,N1,I,2,Sociedade de Arrendamento Mercantil,,RJ,Rio de Janeiro,,,,,I
34155168,202506,FININVEST LEASING ARRENDAMENTO MERCANTIL S/A,197606,N1,I,2,Sociedade de Arrendamento Mercantil,,RJ,Rio de Janeiro,,,,,I
C0085850,202506,FINLEV SCD PRUDENCIAL,180001,N1,I,2,,Sociedade de Crédito Direto,PA,Belém,S5,,C0085850,44564204,A
44564204,202506,FINLEV SOCIEDADE DE CRÉDITO DIRETO S.A.,202208,N1,I,2,Sociedade de Crédito Direto,,PA,Belém,S5,,C0085850,44564204,A
18810553,202506,FINSOL SOCIEDADE DE CRÉDITO AO MICROEMPREENDEDOR E À EMPRESA DE PEQUENO PORTE S.A.,201309,N1,I,2,Sociedade de Crédito ao Microempreendedor,Sociedades de crédito ao Microempreendedor,SP,São Paulo,S4,,C0080460,92228410,A
C0086457,202506,FISERV DO BRASIL IP - PRUDENCIAL,180001,N1,I,3,,IP Credenciadora,SP,São Paulo,S4,,C0086457,04962772,A
50053267,202506,FISERV SOCIEDADE DE CRÉDITO DIRETO S.A.,202312,N1,I,3,Sociedade de Crédito Direto,,SP,São Paulo,S4,,C0086457,04962772,A
C0085726,202506,FITS IP - PRUDENCIAL,180001,N1,I,2,,IP Emissor Pré-Pago,SP,São Paulo,S5,,C0085726,13203354,A
33890605,202506,FONTECRED - SOCIEDADE DE CRÉDITO DIRETO S/A,201909,N1,I,2,Sociedade de Crédito Direto,Sociedade de Crédito Direto,MG,Lagoa da Prata,S5,,C0084954,33890605,A
C0084954,202506,FONTECRED SCD - PRUDENCIAL,180001,N1,I,2,,Sociedade de Crédito Direto,MG,Lagoa da Prata,S5,,C0084954,33890605,A
46009412,202506,FOR YOU SOCIEDADE DE CRÉDITO DIRETO S.A.,202204,N1,I,2,Sociedade de Crédito Direto,,GO,Goiânia,S5,,,,I
C0087047,202506,G5 SCD - PRUDENCIAL,180001,N1,I,2,,Sociedade de Crédito Direto,SC,São José,S5,,C0087047,51212088,A
51212088,202506,G5 SOCIEDADE DE CRÉDITO DIRETO S.A.,202312,N1,I,2,Sociedade de Crédito Direto,,SC,São José,S5,,C0087047,51212088,A
51604356,202506,GALLERIA - SOCIEDADE DE CRÉDITO DIRETO S/A,202308,N1,I,2,Sociedade de Crédito Direto,,SP,Votorantim,S5,,C0087078,51604356,A
C0087078,202506,GALLERIA SCD - PRUDENCIAL,180001,N1,I,2,,Sociedade de Crédito Direto,SP,Votorantim,S5,,C0087078,51604356,A
11760553,202506,"GAZINCRED S.A. SOCIEDADE DE CRÉDITO, FINANCIAMENTO E INVESTIMENTO",201005,N1,I,2,"Sociedade de Crédito, Financiamento e Investimento","Sociedades de Credito, Financiamento e Investimento",PR,Douradina,S4,,C0080824,11760553,A
C0080824,202506,GAZINCRED SCFI - PRUDENCIAL,180001,N1,I,2,,"Sociedades de Credito, Financiamento e Investimento",PR,Douradina,S4,,C0080824,11760553,A
01919120,202506,GERDAU LEASING S. A. - ARRENDAMENTO MERCANTIL,199707,N1,I,3,Sociedade de Arrendamento Mercantil,,RS,Sapucaia do Sul,,,,,I
C0085290,202506,GERU SCD - PRUDENCIAL,180001,N1,I,3,,Sociedade de Crédito Direto,SP,São Paulo,S5,,C0085290,37763847,A
37763847,202506,GERU SOCIEDADE DE CRÉDITO DIRETO S.A.,202103,N1,I,3,Sociedade de Crédito Direto,Sociedade de Crédito Direto,SP,São Paulo,S5,,C0085290,37763847,A
42054886,202506,GETNET SOCIEDADE DE CREDITO DIRETO S.A.,202106,N1,I,3,Sociedade de Crédito Direto,,SP,São Paulo,S1,,C0080185,90400888,A
40112555,202506,GIRO - SOCIEDADE DE CRÉDITO DIRETO S/A,202012,N1,I,2,Sociedade de Crédito Direto,Sociedade de Crédito Direto,PR,Curitiba,S5,,C0085496,40112555,A
C0085496,202506,GIRO SCD - PRUDENCIAL,180001,N1,I,2,,Sociedade de Crédito Direto,PR,Curitiba,S5,,C0085496,40112555,A
11165756,202506,GLOBAL FINANÇAS SOCIEDADE DE CRÉDITO AO MICROEMPREENDEDOR E À EMPRESA DE PEQUENO PORTE LTDA.,200910,N1,I,2,Sociedade de Crédito ao Microempreendedor,Sociedades de crédito ao Microempreendedor,SP,Americana,S5,,C0083278,11165756,A
C0083278,202506,GLOBAL SCM LTDA - PRUDENCIAL,180001,N1,I,2,,Sociedades de crédito ao Microempreendedor,SP,Americana,S5,,C0083278,11165756,A
C0088424,202506,GO SCD - PRUDENCIAL,180001,N1,I,2,,,SP,Guarulhos,,,C0088424,61637240,I
61637240,202506,GO SOCIEDADE DE CRÉDITO DIRETO S.A.,180001,N1,I,2,Sociedade de Crédito Direto,,SP,Guarulhos,,,C0088424,61637240,I
09777282,202506,"GODOY S.A. FINANCIAMENTO, CREDITO E INVESTIMENTOS",180001,N1,I,2,"Sociedade de Crédito, Financiamento e Investimento",,,,,,,,I
C0080965,202506,GOLCRED - PRUDENCIAL,180001,N1,I,2,,"Sociedades de Credito, Financiamento e Investimento",SC,São José,S5,,C0080965,07631026,A
07631026,202506,"GOLCRED S/A - CRÉDITO, FINANCIAMENTO E INVESTIMENTO",200601,N1,I,2,"Sociedade de Crédito, Financiamento e Investimento","Sociedades de Credito, Financiamento e Investimento",SC,São José,S5,,C0080965,07631026,A
C0083481,202506,GRAZZIOTIN FINANCEIRA - PRUDENCIAL,180001,N1,I,2,,"Sociedades de Credito, Financiamento e Investimento",RS,Passo Fundo,S5,,C0083481,06339468,A
06339468,202506,"GRAZZIOTIN FINANCEIRA S/A - CRÉDITO, FINANCIAMENTO E INVESTIMENTOS",200411,N1,I,2,"Sociedade de Crédito, Financiamento e Investimento","Sociedades de Credito, Financiamento e Investimento",RS,Passo Fundo,S5,,C0083481,06339468,A
61479127,202506,"GUARANY S/A - CREDITO, FINANCIAMENTO E INVESTIMENTOS",196606,N1,I,2,"Sociedade de Crédito, Financiamento e Investimento",,SP,Barueri,,,,,I
96234646,202506,"GUILTON S.A. - CREDITO, FINANCIAMENTO E INVESTIMENTO",199303,N1,I,2,"Sociedade de Crédito, Financiamento e Investimento",,SP,Americana,,,,,I
33713710,202506,HALLES FINANCEIRA S.A. CREDITO FINANCIAMENTO E INVESTIMENTOS,180001,N1,I,2,"Sociedade de Crédito, Financiamento e Investimento",,,,,,,,I
09777281,202506,"HANDRA S.A. CREDITO, FINANCIAMENTO E INVESTIMENTOS",180001,N1,I,2,"Sociedade de Crédito, Financiamento e Investimento",,,,,,,,I
C0088352,202506,HARMOS SCFI - PRUDENCIAL,180001,N1,I,2,,,SP,São Paulo,S4,,C0088352,56392166,I
61684551,202506,HASPA HABITAÇÃO SÃO PAULO S/A DE CRÉDITO IMOBILIÁRIO,196712,N1,I,2,Sociedade de Crédito Imobiliário,,SP,São Paulo,,,,,I
30279772,202506,HASPA S.A. CREDITO IMOBILIARIO,197903,N1,I,2,Sociedade de Crédito Imobiliário,,RJ,Rio de Janeiro,,,,,I
C0083041,202506,HBI SCD - PRUDENCIAL,180001,N1,I,2,,Sociedade de Crédito Direto,MG,Leopoldina,S5,,C0083041,04849745,A
04849745,202506,HBI SOCIEDADE DE CRÉDITO DIRETO S/A.,200210,N1,I,2,Sociedade de Crédito Direto,Sociedades de crédito ao Microempreendedor,MG,Leopoldina,S5,,C0083041,04849745,A
60830213,202506,"HEMISFERIO S.A. -  CREDITO, FINANCIAMENTO E INVESTIMENTOS",180001,N1,I,2,"Sociedade de Crédito, Financiamento e Investimento",,,,,,,,I
33063579,202506,"HEMISUL S/A - CREDITO, FINANCIAMENTO E INVESTIMENTOS",196303,N1,I,2,"Sociedade de Crédito, Financiamento e Investimento",,RJ,Rio de Janeiro,,,,,I
02663739,202506,HEWLETT-PACKARD ARRENDAMENTO MERCANTIL S.A.,199808,N1,I,3,Sociedade de Arrendamento Mercantil,,SP,Barueri,,,,,I
33318163,202506,"HIPERCARD SOCIEDADE DE CRÉDITO, FINANCIAMENTO E INVESTIMENTO S.A.",196906,N1,I,3,"Sociedade de Crédito, Financiamento e Investimento",,SP,São Paulo,,,,,I
75760413,202506,"HM FINANCIADORA S/A - CREDITO, FINANCIAMENTO E INVESTIMENTO",198110,N1,I,2,"Sociedade de Crédito, Financiamento e Investimento",,PR,Curitiba,,,,,I
03634239,202506,HONDA LEASING S.A. - ARRENDAMENTO MERCANTIL,200002,N1,I,3,Sociedade de Arrendamento Mercantil,,SP,São Paulo,S4,,C0080611,03634220,A
C0082987,202506,HP FINANCIAL SERVICES AM S.A - PRUDENCIAL,180001,N1,I,3,,Sociedades de Arrendamento Mercantil,SP,Barueri,S4,,C0082987,97406706,A
97406706,202506,HP FINANCIAL SERVICES ARRENDAMENTO MERCANTIL S.A.,199404,N1,I,3,Sociedade de Arrendamento Mercantil,Sociedades de Arrendamento Mercantil,SP,Barueri,S4,,C0082987,97406706,A
44292580,202506,HR DIGITAL - SOCIEDADE DE CRÉDITO DIRETO S/A,202203,N1,I,2,Sociedade de Crédito Direto,,DF,Brasília,S5,,C0085908,44292580,A
C0085908,202506,HR DIGITAL SCD - PRUDENCIAL,180001,N1,I,2,,Sociedade de Crédito Direto,DF,Brasília,S5,,C0085908,44292580,A
C0084411,202506,HR SCMEPP LTDA. - PRUDENCIAL,180001,N1,I,2,,Sociedades de crédito ao Microempreendedor,AL,Maceió,S5,,C0084411,20158571,A
20158571,202506,HR SOCIEDADE DE CRÉDITO AO MICROEMPREENDEDOR E À EMPRESA DE PEQUENO PORTE LTDA.,201406,N1,I,2,Sociedade de Crédito ao Microempreendedor,Sociedades de crédito ao Microempreendedor,AL,Maceió,S5,,C0084411,20158571,A
C0083522,202506,HS FINANCEIRA - PRUDENCIAL,180001,N1,I,2,,"Sociedades de Credito, Financiamento e Investimento",RS,Dois Irmãos,S4,,C0083522,07512441,A
07512441,202506,"HS FINANCEIRA S/A CREDITO, FINANCIAMENTO E INVESTIMENTOS",200510,N1,I,2,"Sociedade de Crédito, Financiamento e Investimento","Sociedades de Credito, Financiamento e Investimento",RS,Dois Irmãos,S4,,C0083522,07512441,A
34262972,202506,HSBC ASSET FINANCE BRASIL ARRENDAMENTO MERCANTIL S.A.,197607,N1,I,3,Sociedade de Arrendamento Mercantil,,SP,São Paulo,,,,,I
33137563,202506,HSBC FINANCEIRA-CRED.FINANC. E INVESTIMENTOS BRASIL S.A.,194707,N1,I,2,"Sociedade de Crédito, Financiamento e Investimento",,PR,Curitiba,,,,,I
44847374,202506,HSBC LEASING ARRENDAMENTO MERCANTIL BRASIL S.A.,197611,N1,I,3,Sociedade de Arrendamento Mercantil,,PR,Curitiba,,,,,I
07693858,202506,HSCM - SOCIEDADE DE CRÉDITO AO MICROEMPREENDEDOR E À EMPRESA DE PEQUENO PORTE LTDA.,200511,N1,I,2,Sociedade de Crédito ao Microempreendedor,Sociedades de crédito ao Microempreendedor,MG,Ibiá,S5,,C0083089,07693858,A
C0083089,202506,HSCM SCMEPP LTDA. - PRUDENCIAL,180001,N1,I,2,,Sociedades de crédito ao Microempreendedor,MG,Ibiá,S5,,C0083089,07693858,A
C0087346,202506,IFOOD PAGO IP - PRUDENCIAL,180001,N1,I,2,,IP Emissor Pré-Pago,SP,Osasco,S5,,C0087346,19468242,A
09777279,202506,"IMIGRANTE S.A. - CREDITO, FINANCIAMENTO E INVESTIMENTOS",180001,N1,I,2,"Sociedade de Crédito, Financiamento e Investimento",,,,,,,,I
C0086086,202506,INCO SEP - PRUDENCIAL,180001,N1,I,2,,Sociedade de Empréstimo entre Pessoas,SP,São Paulo,S5,,C0086086,35340796,A
35340796,202506,INCO SOCIEDADE DE EMPRÉSTIMO ENTRE PESSOAS S.A.,202011,N1,I,2,Sociedade de Empréstimo entre Pessoas,,SP,São Paulo,S5,,C0086086,35340796,A
60395050,202506,"INDEPENDENCIA S.A. - FINANCIAMENTO, CREDITO E INVESTIMENTOS",195702,N1,I,2,"Sociedade de Crédito, Financiamento e Investimento",,SP,São Paulo,,,,,I
01003635,202506,INDUSTRIAL DO BRASIL ARRENDAMENTO MERCANTIL S.A.,199602,N1,I,2,Sociedade de Arrendamento Mercantil,,SP,Barueri,,,,,I
03928044,202506,"INDUSVAL FINANCEIRA, CRÉDITO, FINANCIAMENTO E INVESTIMENTO S.A.",200008,N1,I,2,"Sociedade de Crédito, Financiamento e Investimento",,SP,São Paulo,,,,,I
85070373,202506,"INEPAR CREDITO, FINANCIAMENTO E INVESTIMENTO S.A",199206,N1,I,2,"Sociedade de Crédito, Financiamento e Investimento",,PR,Curitiba,,,,,I
04448416,202506,INFORMAL SOCIEDADE DE CREDITO AO MICROEMPREENDEDOR LTDA,180001,N1,I,2,Sociedade de Crédito ao Microempreendedor,,ES,Vitória,,,,,I
C0087913,202506,INTEGRAÇÃO DE CRÉDITO E COBRANÇA SCD - PRUDENCIAL,180001,N1,I,2,,Sociedade de Crédito Direto,SP,São Paulo,S5,,C0087913,51118615,A
51118615,202506,INTEGRAÇÃO DE CRÉDITO E COBRANÇA SOCIEDADE DE CRÉDITO DIRETO S.A.,202312,N1,I,2,Sociedade de Crédito Direto,,SP,São Paulo,S5,,C0087913,51118615,A
34168955,202506,"INTERCONTINENTAL S/A CREDITO, FINANCIAMENTO E INVESTIMENTOS",197103,N1,I,2,"Sociedade de Crédito, Financiamento e Investimento",,SP,São Paulo,,,,,I
03579948,202506,INTERCRED SOCIEDADE DE CREDITO AO MICROEMPREENDEDOR LTDA.,200005,N1,I,2,Sociedade de Crédito ao Microempreendedor,,MT,Cuiabá,,,,,I
09415004,202506,INTERSECTOR SOCIEDADE DE CRÉDITO AO MICROEMPREENDEDOR E À EMPRESA DE PEQUENO PORTE S.A.,180001,N1,I,2,Sociedade de Crédito ao Microempreendedor,,MG,Belo Horizonte,,,,,I
61346219,202506,"INTERVEST S/A - CREDITO, FINANCIAMENTO E INVESTIMENTOS",196406,N1,I,2,"Sociedade de Crédito, Financiamento e Investimento",,SP,São Paulo,,,,,I
43631183,202506,IOCHPE - ARRENDAMENTO MERCANTIL S/A,197607,N1,I,2,Sociedade de Arrendamento Mercantil,,RS,Porto Alegre,,,,,I
92872670,202506,"IOCHPE S/A - CREDITO, FINANCIAMENTO E INVESTIMENTOS - ICREFI",196804,N1,I,2,"Sociedade de Crédito, Financiamento e Investimento",,RS,Porto Alegre,,,,,I
33170002,202506,"IPIRANGA S.A. INVESTIMENTOS, CREDITO E FINANCIAMENTO",180001,N1,I,2,"Sociedade de Crédito, Financiamento e Investimento",,,,,,,,I
60421104,202506,"ITAMARATI S/A - CREDITO, FINANCIAMENTO E INVESTIMENTOS",196305,N1,I,2,"Sociedade de Crédito, Financiamento e Investimento",,SP,São Paulo,,,,,I
18941237,202506,ITAU CENTRO S/A - CREDITO IMOBILIARIO,198401,N1,I,2,Sociedade de Crédito Imobiliário,,MG,Belo Horizonte,,,,,I
13417811,202506,ITAU LESTE S/A - CREDITO IMOBILIARIO,198311,N1,I,2,Sociedade de Crédito Imobiliário,,BA,Salvador,,,,,I
33884446,202506,ITAU RIO S/A CREDITO IMOBILIARIO,197805,N1,I,2,Sociedade de Crédito Imobiliário,,RJ,Rio de Janeiro,,,,,I
62808977,202506,ITAU S/A - CREDITO IMOBILIARIO,197006,N1,I,2,Sociedade de Crédito Imobiliário,,SP,São Paulo,,,,,I
88061007,202506,ITAU SUL S/A CREDITO IMOBILIARIO,198202,N1,I,2,Sociedade de Crédito Imobiliário,,PR,Curitiba,,,,,I
07221678,202506,"ITAÚ UNIBANCO FINANCEIRA S.A. - CRÉDITO, FINANCIAMENTO E INVESTIMENTO",200603,N1,I,2,"Sociedade de Crédito, Financiamento e Investimento",,SP,São Paulo,,,,,I
43443464,202506,ITAUBANK LEASING S.A. - ARRENDAMENTO MERCANTIL,197609,N1,I,3,Sociedade de Arrendamento Mercantil,,SP,Barueri,,,,,I
40475846,202506,J17 - SOCIEDADE DE CRÉDITO DIRETO S/A,202112,N1,I,2,Sociedade de Crédito Direto,,PR,Londrina,S5,,C0085616,40475846,A
C0085616,202506,J17 SCD - PRUDENCIAL,180001,N1,I,2,,Sociedade de Crédito Direto,PR,Londrina,S5,,C0085616,40475846,A
46377537,202506,JAPAN LEASING DO BRASIL S/A - ARRENDAMENTO MERCANTIL,197607,N1,I,3,Sociedade de Arrendamento Mercantil,,SP,Barueri,,,,,I
C0083137,202506,JBCRED S.A. SCFI - PRUDENCIAL,180001,N1,I,2,,"Sociedades de Credito, Financiamento e Investimento",SP,São Paulo,S5,,C0083137,04230630,A
04230630,202506,"JBCRED S.A. SOCIEDADE DE CREDITO, FINANCIAMENTO E INVESTIMENTO",200102,N1,I,2,"Sociedade de Crédito, Financiamento e Investimento","Sociedades de Credito, Financiamento e Investimento",SP,São Paulo,S5,,C0083137,04230630,A
33020389,202506,JEMIS - ASSISTÊNCIA FINANCEIRA S/A,195707,N1,I,2,"Sociedade de Crédito, Financiamento e Investimento",,RJ,Rio de Janeiro,,,,,I
59149941,202506,JV BTG SENIOR SOCIEDADE DE CRÉDITO DIRETO S.A.,180001,N1,I,2,Sociedade de Crédito Direto,,RJ,Rio de Janeiro,S1,,C0080336,30306294,I
C0086770,202506,KANASTRA FINANCEIRA CFI - PRUDENCIAL,180001,N1,I,3,,Sociedade de Crédito Direto,MG,Uberlândia,S4,,C0086770,49288113,A
49288113,202506,"KANASTRA FINANCEIRA S.A, CREDITO, FINANCIAMENTO E INVESTIMENTO",202309,N1,I,3,"Sociedade de Crédito, Financiamento e Investimento",,MG,Uberlândia,S4,,C0086770,49288113,A
C0085836,202506,KIKAI SCD PRUDENCIAL,180001,N1,I,2,,Sociedade de Crédito Direto,SP,Barueri,S5,,C0085836,43978697,A
43978697,202506,KIKAI SOCIEDADE DE CRÉDITO DIRETO S.A.,202205,N1,I,2,Sociedade de Crédito Direto,,SP,Barueri,S5,,C0085836,43978697,A
C0087009,202506,KONECT SCD - PRUDENCIAL,180001,N1,I,2,,Sociedade de Crédito Direto,SP,São Paulo,S5,,C0087009,50626276,A
09113551,202506,KONECT SOCIEDADE DE CRÉDITO DIRETO S.A,180001,N1,I,2,Sociedade de Crédito Direto,,SP,São Paulo,,,,,I
50626276,202506,KONECT SOCIEDADE DE CRÉDITO DIRETO S/A,202307,N1,I,2,Sociedade de Crédito Direto,,SP,São Paulo,S5,,C0087009,50626276,A
C0083498,202506,KREDILIG S.A. - CFI - PRUDENCIAL,180001,N1,I,2,,"Sociedades de Credito, Financiamento e Investimento",SC,Biguaçu,S5,,C0083498,06040559,A
06040559,202506,"KREDILIG S.A. - CRÉDITO, FINANCIAMENTO E INVESTIMENTO",200503,N1,I,2,"Sociedade de Crédito, Financiamento e Investimento","Sociedades de Credito, Financiamento e Investimento",SC,Biguaçu,S5,,C0083498,06040559,A
C0084394,202506,LAMARA SCD - PRUDENCIAL,180001,N1,I,2,,Sociedade de Crédito Direto,CE,Fortaleza,S5,,C0084394,19324634,A
19324634,202506,LAMARA SOCIEDADE DE CRÉDITO DIRETO S.A.,201408,N1,I,2,Sociedade de Crédito Direto,Sociedades de crédito ao Microempreendedor,CE,Fortaleza,S5,,C0084394,19324634,A
61971803,202506,LARCA CAPITAL - SOCIEDADE DE CRÉDITO DIRETO S.A.,180001,N1,I,2,Sociedade de Crédito Direto,,RS,Porto Alegre,,,C0088486,61971803,I
C0088486,202506,LARCA CAPITAL SCD - PRUDENCIAL,180001,N1,I,2,,,RS,Porto Alegre,,,C0088486,61971803,I
35945542,202506,LARCKY SOCIEDADE DE CREDITO IMOBILIARIO S.A.,199001,N1,I,2,Sociedade de Crédito Imobiliário - Repassadora,,SP,São Paulo,,,,,I
C0086048,202506,LAUNCH PAD SCD - PRUDENCIAL,180001,N1,I,3,,Sociedade de Crédito Direto,MG,Belo Horizonte,S5,,C0086048,45220646,A
45220646,202506,LAUNCH PAD SOCIEDADE DE CRÉDITO DIRETO S.A.,202207,N1,I,3,Sociedade de Crédito Direto,,MG,Belo Horizonte,S5,,C0086048,45220646,A
C0082963,202506,LEASEPLAN AM S.A. - PRUDENCIAL,180001,N1,I,3,,Sociedades de Arrendamento Mercantil,SP,São Paulo,S4,,C0082963,04836002,A
04836002,202506,LEASEPLAN ARRENDAMENTO MERCANTIL S.A.,200201,N1,I,3,Sociedade de Arrendamento Mercantil,Sociedades de Arrendamento Mercantil,SP,São Paulo,S4,,C0082963,04836002,A
03120821,202506,LEASING BMC S.A. ARRENDAMENTO MERCANTIL,196508,N1,I,2,Sociedade de Arrendamento Mercantil,,SP,São Paulo,,,,,I
42507152,202506,LEASING PROGRESSO S/A-ARRENDAMENTO MERCANTIL,197606,N1,I,2,Sociedade de Arrendamento Mercantil,,MG,Belo Horizonte,,,,,I
11271860,202506,"LEBES FINANCEIRA S.A. - CRÉDITO, FINANCIAMENTO E INVESTIMENTO",200912,N1,I,2,"Sociedade de Crédito, Financiamento e Investimento","Sociedades de Credito, Financiamento e Investimento",RS,Eldorado do Sul,S5,,C0083656,11271860,A
C0083656,202506,LEBES FINANCEIRA SCFI - PRUDENCIAL,180001,N1,I,2,,"Sociedades de Credito, Financiamento e Investimento",RS,Eldorado do Sul,S5,,C0083656,11271860,A
92891027,202506,"LECCA - CREDITO, FINANCIAMENTO E INVESTIMENTO S.A.",196806,N1,I,2,"Sociedade de Crédito, Financiamento e Investimento",,RJ,Rio de Janeiro,,,,,I
C0080680,202506,LECCA - PRUDENCIAL,180001,N1,I,2,,,RJ,Rio de Janeiro,S4,,C0080680,07652226,A
07652226,202506,"LECCA CRÉDITO, FINANCIAMENTO E INVESTIMENTO S/A",200511,N1,I,2,"Sociedade de Crédito, Financiamento e Investimento","Sociedades de Credito, Financiamento e Investimento",RJ,Rio de Janeiro,S4,,C0080680,07652226,A
C0085276,202506,LEND SCD - PRUDENCIAL,180001,N1,I,2,,Sociedade de Crédito Direto,SP,São Paulo,S5,,C0085276,37526080,A
37526080,202506,LEND SOCIEDADE DE CRÉDITO DIRETO S.A.,202007,N1,I,2,Sociedade de Crédito Direto,Sociedade de Crédito Direto,SP,São Paulo,S5,,C0085276,37526080,A
05232450,202506,LIBERTY - SOCIEDADE DE CRÉDITO AO MICROEMPREENDEDOR LTDA,200211,N1,I,2,Sociedade de Crédito ao Microempreendedor,,PR,Maringá,,,,,I
C0084930,202506,LISTO SCD - PRUDENCIAL,180001,N1,I,3,,Sociedade de Crédito Direto,SP,São Paulo,S5,,C0084930,34088029,A
34088029,202506,LISTO SOCIEDADE DE CREDITO DIRETO S.A.,201908,N1,I,3,Sociedade de Crédito Direto,Sociedade de Crédito Direto,SP,São Paulo,S5,,C0084930,34088029,A
50032584,202506,LOAN BRASIL SOCIEDADE DE CRÉDITO DIRETO S.A.,202305,N1,I,2,Sociedade de Crédito Direto,,AM,Manaus,S5,,C0087212,20308187,A
04188547,202506,LOGOS SOCIEDADE DE CREDITO AO MICROEMPREENDEDOR LTDA.,180001,N1,I,2,Sociedade de Crédito ao Microempreendedor,,MG,Belo Horizonte,,,,,I
61533600,202506,"LOJICRED FINANCEIRA S.A. CRÉDITO, FINANCIAMENTO E INVESTIMENTO",196508,N1,I,2,"Sociedade de Crédito, Financiamento e Investimento",,SP,São Paulo,,,,,I
44072494,202506,LONDON MULTIPLIC S/A ARRENDAMENTO MERCANTIL,197606,N1,I,2,Sociedade de Arrendamento Mercantil,,SP,São Paulo,,,,,I
02206577,202506,"LUIZACRED S.A. SOCIEDADE DE CRÉDITO, FINANCIAMENTO E INVESTIMENTO",199711,N1,I,2,"Sociedade de Crédito, Financiamento e Investimento",,SP,São Paulo,S1,,C0080099,60872504,A
61410668,202506,"LUNDGREN S.A. CREDITO, FINANCIAMENTO E INVESTIMENTOS",196507,N1,I,2,"Sociedade de Crédito, Financiamento e Investimento",,RJ,Rio de Janeiro,,,,,I
61021673,202506,"MAGALUPAY - SOCIEDADE DE CRÉDITO, FINANCIAMENTO E INVESTIMENTO S.A.",202510,N1,I,2,"Sociedade de Crédito, Financiamento e Investimento",,SP,Barueri,S5,,C0085348,13884775,I
C0085348,202506,MAGALUPAY IP - PRUDENCIAL,180001,N1,I,2,,IP Credenciadora,SP,Barueri,S5,,C0085348,13884775,A
C0085984,202506,MAGNUM SCD - PRUDENCIAL,180001,N1,I,2,,Sociedade de Crédito Direto,SP,São Paulo,S5,,C0085984,44683140,A
44683140,202506,MAGNUM SOCIEDADE DE CRÉDITO DIRETO S.A.,202202,N1,I,2,Sociedade de Crédito Direto,,SP,São Paulo,S5,,C0085984,44683140,A
87155461,202506,MAISONNAVE LEASING S.A. ARRENDAMENTO MERCANTIL,197609,N1,I,2,Sociedade de Arrendamento Mercantil,,RS,Porto Alegre,,,,,I
92753805,202506,"MAISONNAVE S/A-CREDITO, FINANCIAMENTO E INVESTIMENTO",196604,N1,I,2,"Sociedade de Crédito, Financiamento e Investimento",,RS,Porto Alegre,,,,,I
92722255,202506,MALCON S.A.,196605,N1,I,2,"Sociedade de Crédito, Financiamento e Investimento",,RS,Porto Alegre,,,,,I
71786958,202506,MARTINELLI LEASING S.A.-ARRENDAMENTO MERCANTIL,199305,N1,I,2,Sociedade de Arrendamento Mercantil,,SP,Osasco,,,,,I
06369886,202506,MATURITY SOCIEDADE DE CRÉDITO AO MICROEMPREENDEDOR LTDA.,200407,N1,I,2,Sociedade de Crédito ao Microempreendedor,,SP,São Paulo,,,,,I
08096284,202506,"MAXFÁCIL SOCIEDADE DE CRÉDITO, FINANCIAMENTO E INVESTIMENTO S.A.",180001,N1,I,2,"Sociedade de Crédito, Financiamento e Investimento",,RJ,Rio de Janeiro,,,,,I
37679449,202506,"MERCADO CRÉDITO SOCIEDADE DE CRÉDITO, FINANCIAMENTO E INVESTIMENTO S.A.",202011,N1,I,3,"Sociedade de Crédito, Financiamento e Investimento",IP Credenciadora,SP,Osasco,S4,,C0084820,10573521,A
C0084820,202506,MERCADO PAGO IP - PRUDENCIAL,180001,N1,I,3,,IP Credenciadora,SP,Osasco,S4,,C0084820,10573521,A
26386169,202506,MERCANTIL DO BRASIL LEASING S.A. - ARRENDAMENTO MERCANTIL,199005,N1,I,2,Sociedade de Arrendamento Mercantil,,MG,Belo Horizonte,,,,,I
33040601,202506,"MERCANTIL FINANCEIRA S.A. - CRÉDITO, FINANCIAMENTO E INVESTIMENTO",196009,N1,I,2,"Sociedade de Crédito, Financiamento e Investimento",,MG,Belo Horizonte,S3,,C0080123,17184037,A
00162760,202506,MERCEDES-BENZ LEASING DO BRASIL ARRENDAMENTO MERCANTIL S.A.,199408,N1,I,3,Sociedade de Arrendamento Mercantil,,SP,São Bernardo do Campo,S3,,C0080563,60814191,A
90400300,202506,MERIDIONAL - CREDITO IMOBILIARIO S/A,198511,N1,I,2,Sociedade de Crédito Imobiliário,,RS,Porto Alegre,,,,,I
89425623,202506,"MERIDIONAL - CREDITO, FINANCIAMENTO E INVESTIMENTO S/A",196509,N1,I,2,"Sociedade de Crédito, Financiamento e Investimento",,RS,Porto Alegre,,,,,I
09978160,202506,METROPOLITANA LEASING ARRENDAMENTO MERCANTIL S/A,197608,N1,I,2,Sociedade de Arrendamento Mercantil,,RJ,Rio de Janeiro,,,,,I
C0087188,202506,MH SCD - PRUDENCIAL,180001,N1,I,2,,Sociedade de Crédito Direto,PR,Cianorte,S5,,C0087188,51834986,A
51834986,202506,MH SOCIEDADE DE CRÉDITO DIRETO S.A.,202403,N1,I,2,Sociedade de Crédito Direto,,PR,Cianorte,S5,,C0087188,51834986,A
09827507,202506,MHERCAN SOCIEDADE DE CRÉDITO AO MICROEMPREENDEDOR LTDA.,180001,N1,I,2,Sociedade de Crédito ao Microempreendedor,,RJ,Rio de Janeiro,,,,,I
C0086079,202506,MICROCASH SCMEPP - PRUDENCIAL,180001,N1,I,2,,,SP,São Paulo,S5,,C0086079,45756448,A
45756448,202506,MICROCASH SOCIEDADE DE CRÉDITO AO MICROEMPREENDEDOR E À EMPRESA DE PEQUENO PORTE LTDA.,202301,N1,I,2,Sociedade de Crédito ao Microempreendedor,,SP,São Paulo,S5,,C0086079,45756448,A
05076239,202506,MICROINVEST S.A. SOCIEDADE DE CRÉDITO A MICROEMPREENDEDOR,200308,N1,I,2,Sociedade de Crédito ao Microempreendedor,,SP,São Paulo,S1,,C0080099,60872504,A
05997369,202506,MICROMINAS S/A - SOCIEDADE DE CRÉDITO AO MICROEMPREENDEDOR,180001,N1,I,2,Sociedade de Crédito ao Microempreendedor,,MG,Belo Horizonte,,,,,I
09464032,202506,"MIDWAY S.A. - CRÉDITO, FINANCIAMENTO E INVESTIMENTO",200807,N1,I,2,"Sociedade de Crédito, Financiamento e Investimento","Sociedades de Credito, Financiamento e Investimento",SP,São Paulo,S4,,C0083553,09464032,A
C0083553,202506,MIDWAY S.A. - SCFI - PRUDENCIAL,180001,N1,I,2,,"Sociedades de Credito, Financiamento e Investimento",SP,São Paulo,S4,,C0083553,09464032,A
05758761,202506,MIKROSUL - SOCIEDADE DE CRÉDITO AO MICROEMPREENDEDOR DO SUL LTDA.,200305,N1,I,2,Sociedade de Crédito ao Microempreendedor,,RS,Passo Fundo,,,,,I
25707993,202506,MILBANCO LEASING S.A. ARRENDAMENTO MERCANTIL,199402,N1,I,2,Sociedade de Arrendamento Mercantil,,MG,Belo Horizonte,,,,,I
48751854,202506,MONEE SOCIEDADE DE CRÉDITO DIRETO S.A.,202310,N1,I,3,Sociedade de Crédito Direto,,SP,São Paulo,S4,,C0086275,38372267,A
42332338,202506,"MONERO S.A.- CREDITO, FINANCIAMENTO E INVESTIMENTO",180001,N1,I,2,"Sociedade de Crédito, Financiamento e Investimento",,,,,,,,I
C0085991,202506,MONETARIE SCD - PRUDENCIAL,180001,N1,I,2,,Sociedade de Crédito Direto,RS,Porto Alegre,S5,,C0085991,46026562,A
46026562,202506,MONETARIE SOCIEDADE DE CRÉDITO DIRETO S.A.,202205,N1,I,2,Sociedade de Crédito Direto,,RS,Porto Alegre,S5,,C0085991,46026562,A
27824291,202506,MORADA S/A CREDITO IMOBILIARIO,198212,N1,I,2,Sociedade de Crédito Imobiliário - Repassadora,,RJ,Rio de Janeiro,,,,,I
C0085757,202506,MOTTU SCD - PRUDENCIAL,180001,N1,I,3,,Sociedade de Crédito Direto,SP,São Paulo,S5,,C0085757,42622791,A
42622791,202506,MOTTU SOCIEDADE DE CRÉDITO DIRETO S.A.,202202,N1,I,3,Sociedade de Crédito Direto,,SP,São Paulo,S5,,C0085757,42622791,A
C0084961,202506,MOVA SEP - PRUDENCIAL,180001,N1,I,3,,Sociedade de Empréstimo entre Pessoas,SP,São Paulo,S5,,C0084961,33959738,A
33959738,202506,MOVA SOCIEDADE DE EMPRÉSTIMO ENTRE PESSOAS S.A.,201908,N1,I,3,Sociedade de Empréstimo entre Pessoas,Sociedade de Empréstimo entre Pessoas,SP,São Paulo,S5,,C0084961,33959738,A
51556307,202506,MOVILEPAY SOCIEDADE DE CRÉDITO DIRETO S.A.,202402,N1,I,2,Sociedade de Crédito Direto,,SP,Osasco,S5,,C0087346,19468242,A
00323902,202506,MULTIBENS - COMPANHIA SECURITIZADORA DE CREDITOS FINANCEIROS,199501,N1,I,2,"Sociedade de Crédito, Financiamento e Investimento",,SP,São Paulo,S4,,C0080460,92228410,I
C0085355,202506,MULTICRED SCD - PRUDENCIAL,180001,N1,I,2,,Sociedade de Crédito Direto,BA,Salvador,S5,,C0085355,38593706,A
38593706,202506,MULTICRED SOCIEDADE DE CRÉDITO DIRETO S.A.,202106,N1,I,2,Sociedade de Crédito Direto,Sociedade de Crédito Direto,BA,Salvador,S5,,C0085355,38593706,A
33517723,202506,"MULTIPLIC FINANCEIRA-CREDITO,FINANC. E INVESTIMENTO S/A",196512,N1,I,2,"Sociedade de Crédito, Financiamento e Investimento",,RJ,Rio de Janeiro,,,,,I
53661898,202506,MULTIPLIC LEASING - ARRENDAMENTO MERCANTIL S/A.,198405,N1,I,2,Sociedade de Arrendamento Mercantil,,RJ,Rio de Janeiro,,,,,I
71429161,202506,"MUNDINVEST FINANCEIRA S.A.-CREDITO, FINANCIAMENTO E INVEST.",199402,N1,I,2,"Sociedade de Crédito, Financiamento e Investimento",,MG,Belo Horizonte,,,,,I
C0085623,202506,N26 SCD - PRUDENCIAL,180001,N1,I,3,,Sociedade de Crédito Direto,SP,São Paulo,S5,,C0085623,40867163,A
40867163,202506,N26 SOCIEDADE DE CRÉDITO DIRETO S.A.,202107,N1,I,3,Sociedade de Crédito Direto,,SP,São Paulo,S5,,C0085623,40867163,A
33223264,202506,"NACIONAL BRASILEIRO S/A CRÉDITO,FINANCIAMENTO E INVESTIMENTO",180001,N1,I,2,"Sociedade de Crédito, Financiamento e Investimento",,RJ,Rio de Janeiro,,,,,I
62817416,202506,NACIONAL CIA. DE CREDITO IMOBILIARIO,197005,N1,I,2,Sociedade de Crédito Imobiliário,,SP,São Paulo,,,,,I
33324518,202506,NACIONAL CREDITO IMOBILIARIO S/A,196706,N1,I,2,Sociedade de Crédito Imobiliário,,RJ,Rio de Janeiro,,,,,I
78161882,202506,NACIONAL CREDITO IMOBILIARIO S/A - SUL,198402,N1,I,2,Sociedade de Crédito Imobiliário,,PR,Curitiba,,,,,I
43711746,202506,NACIONAL LEASING S.A. - ARRENDAMENTO MERCANTIL,197607,N1,I,2,Sociedade de Arrendamento Mercantil,,SP,Barueri,,,,,I
17810334,202506,NACIONAL S/A - CREDITO IMOBILIARIO,198303,N1,I,2,Sociedade de Crédito Imobiliário,,MG,Belo Horizonte,,,,,I
33222225,202506,"NACIONAL S/A-SOCIEDADE DE CREDITO, FINANC. E INVESTIMENTOS",196604,N1,I,2,"Sociedade de Crédito, Financiamento e Investimento",,RJ,Rio de Janeiro,,,,,I
C0087669,202506,NAGRO SCD - PRUDENCIAL,180001,N1,I,2,,Sociedade de Crédito Direto,MG,Uberlândia,S5,,C0087669,56047774,A
56047774,202506,NAGRO SOCIEDADE DE CRÉDITO DIRETO S.A.,202505,N1,I,2,Sociedade de Crédito Direto,,MG,Uberlândia,S5,,C0087669,56047774,A
C0086598,202506,NATURA &CO PAY SCD,180001,N1,I,2,,Sociedade de Crédito Direto,SP,São Paulo,S5,,C0086598,48805820,A
48805820,202506,NATURA &CO PAY SOCIEDADE DE CRÉDITO DIRETO S.A.,202306,N1,I,2,Sociedade de Crédito Direto,,SP,São Paulo,S5,,C0086598,48805820,A
60883329,202506,"NATURA FINANCIADORA S/A-CREDITO,FINANCIAMENTO E INVESTIMENTO",196206,N1,I,2,"Sociedade de Crédito, Financiamento e Investimento",,SP,Cajamar,,,,,I
C0083450,202506,NEGRESCO S.A. - CFI - PRUDENCIAL,180001,N1,I,2,,"Sociedades de Credito, Financiamento e Investimento",PR,Curitiba,S5,,C0083450,04379829,A
04379829,202506,"NEGRESCO S.A. - CREDITO, FINANCIAMENTO E INVESTIMENTOS",200105,N1,I,2,"Sociedade de Crédito, Financiamento e Investimento","Sociedades de Credito, Financiamento e Investimento",PR,Curitiba,S5,,C0083450,04379829,A
11285104,202506,"NEON FINANCEIRA - CRÉDITO, FINANCIAMENTO E INVESTIMENTO S.A.",201001,N1,I,2,"Sociedade de Crédito, Financiamento e Investimento","Sociedades de Credito, Financiamento e Investimento",SP,São Paulo,S4,,C0085702,20855875,A
C0085702,202506,NEON PAGAMENTOS IP - PRUDENCIAL,180001,N1,I,2,,IP Emissor Pós-Pago,SP,São Paulo,S4,,C0085702,20855875,A
C0084947,202506,NEXOOS SEP - PRUDENCIAL,180001,N1,I,2,,Sociedade de Empréstimo entre Pessoas,SP,São Paulo,S5,,C0084947,34254279,A
34254279,202506,NEXOOS SOCIEDADE DE EMPRÉSTIMO ENTRE PESSOAS S.A.,201908,N1,I,2,Sociedade de Empréstimo entre Pessoas,Sociedade de Empréstimo entre Pessoas,SP,São Paulo,S5,,C0084947,34254279,A
C0085922,202506,NIXFIN SCD - PRUDENCIAL,180001,N1,I,2,,Sociedade de Crédito Direto,SC,Florianópolis,S5,,C0085922,44921281,A
44921281,202506,NIXFIN SOCIEDADE DE CRÉDITO DIRETO S.A.,202210,N1,I,2,Sociedade de Crédito Direto,,SC,Florianópolis,S5,,C0085922,44921281,A
43834894,202506,NORCHEM LEASING S/A - ARRENDAMENTO MERCANTIL,197611,N1,I,2,Sociedade de Arrendamento Mercantil,,SP,São Paulo,,,,,I
53187233,202506,NOROESTE CREDITO IMOBILIARIO S/A,198401,N1,I,2,Sociedade de Crédito Imobiliário,,SP,São Paulo,,,,,I
60873023,202506,"NOROESTE S/A - CREDITO, FINANCIAMENTO E INVESTIMENTOS",196606,N1,I,2,"Sociedade de Crédito, Financiamento e Investimento",,SP,São Paulo,,,,,I
33324500,202506,NOVO RIO CREDITO FINANCIAMENTO E INVESTIMENTOS S/A,196511,N1,I,2,"Sociedade de Crédito, Financiamento e Investimento",,RJ,Rio de Janeiro,,,,,I
30680829,202506,"NU FINANCEIRA S.A. - SOCIEDADE DE CRÉDITO, FINANCIAMENTO E INVESTIMENTO",201811,N1,I,3,"Sociedade de Crédito, Financiamento e Investimento",,SP,São Paulo,S3,,C0084693,18236120,A
C0084693,202506,NU PAGAMENTOS - PRUDENCIAL,180001,N1,I,3,,,SP,São Paulo,S3,,C0084693,18236120,A
C0085410,202506,NUMBRS SCD - PRUDENCIAL,180001,N1,I,2,,Sociedade de Crédito Direto,SP,São Paulo,S5,,C0085410,38129006,A
38129006,202506,NUMBRS SOCIEDADE DE CRÉDITO DIRETO S.A.,202107,N1,I,2,Sociedade de Crédito Direto,,SP,São Paulo,S5,,C0085410,38129006,A
C0086945,202506,NVIO BRASIL BITSO IP - PRUDENCIAL,180001,N1,I,3,,IP Emissor Pré-Pago,SP,Osasco,S5,,C0086945,35136120,A
51118718,202506,NVIO BRASIL SOCIEDADE DE CRÉDITO DIRETO S.A.,202405,N1,I,3,Sociedade de Crédito Direto,,SP,Osasco,S5,,C0086945,35136120,A
01432688,202506,"OBOE CREDITO, FINANCIAMENTO E INVESTIMENTO S.A.",199612,N1,I,2,"Sociedade de Crédito, Financiamento e Investimento",,CE,Fortaleza,,,,,F
92228410,202506,OMNI S.A. - CREDITO FINANCIAMENTO E INVESTIMENTO,196802,N1,I,2,"Sociedade de Crédito, Financiamento e Investimento",,SP,São Paulo,S4,,C0080460,92228410,A
18846364,202506,OMNI S.A. ARRENDAMENTO MERCANTIL,201401,N1,I,2,Sociedade de Arrendamento Mercantil,,SP,São Paulo,S4,,C0080460,92228410,A
44650156,202506,ONCRED - SOCIEDADE DE CRÉDITO DIRETO S.A.,202204,N1,I,2,Sociedade de Crédito Direto,,SP,São Caetano do Sul,S5,,C0086000,44650156,A
C0086000,202506,ONCRED SCD - PRUDENCIAL,180001,N1,I,2,,Sociedade de Crédito Direto,SP,São Caetano do Sul,S5,,C0086000,44650156,A
33631052,202506,"ONOCREDITO S/A CREDITO,FINANCIAMENTO E INVESTIMENTO",199001,N1,I,2,"Sociedade de Crédito, Financiamento e Investimento",,GO,Goiânia,,,,,I
C0085269,202506,OPEA SCD - PRUDENCIAL,180001,N1,I,3,,Sociedade de Crédito Direto,SP,São Paulo,S5,,C0085269,39519944,A
39519944,202506,OPEA SOCIEDADE DE CRÉDITO DIRETO S.A.,202104,N1,I,3,Sociedade de Crédito Direto,Sociedade de Crédito Direto,SP,São Paulo,S5,,C0085269,39519944,A
C0087638,202506,ÓPERA SCD  - PRUDENCIAL,180001,N1,I,2,,Sociedade de Crédito Direto,SC,Jaraguá do Sul,S5,,C0087638,55841657,A
55841657,202506,ÓPERA SOCIEDADE DE CRÉDITO DIRETO S.A.,202504,N1,I,2,Sociedade de Crédito Direto,,SC,Jaraguá do Sul,S5,,C0087638,55841657,A
C0086639,202506,OPPENS SEP - PRUDENCIAL,180001,N1,I,2,,Sociedade de Empréstimo entre Pessoas,DF,Brasília,S5,,C0086639,44064068,A
44064068,202506,OPPENS SOCIEDADE DE EMPRESTIMO ENTRE PESSOAS S.A,202310,N1,I,2,Sociedade de Empréstimo entre Pessoas,,DF,Brasília,S5,,C0086639,44064068,A
34335592,202506,ÓTIMO SOCIEDADE DE CRÉDITO DIRETO S.A.,201908,N1,I,2,Sociedade de Crédito Direto,,SP,Barueri,S4,,C0082712,09512542,A
C0085520,202506,OXY CH - PRUDENCIAL,180001,N1,I,2,,Sociedades de Credito Imobiliário e Associações de Poupança e Empréstimo,RS,Porto Alegre,S4,,C0085520,18282093,A
18282093,202506,OXY COMPANHIA HIPOTECÁRIA,201309,N1,I,2,Companhia Hipotecária,Sociedades de Credito Imobiliário e Associações de Poupança e Empréstimo,RS,Porto Alegre,S4,,C0085520,18282093,A
C0086419,202506,PAGOL SCD - PRUDENCIAL,180001,N1,I,2,,Sociedade de Crédito Direto,SP,Barueri,S5,,C0086419,48176336,A
48176336,202506,PAGOL SOCIEDADE DE CRÉDITO DIRETO S.A.,202211,N1,I,2,Sociedade de Crédito Direto,,SP,Barueri,S5,,C0086419,48176336,A
C0086873,202506,PALMA SCD - PRUDENCIAL,180001,N1,I,2,,Sociedade de Crédito Direto,SP,São Paulo,S5,,C0086873,49889190,A
49889190,202506,PALMA SOCIEDADE DE CRÉDITO DIRETO S.A.,202402,N1,I,2,Sociedade de Crédito Direto,,SP,São Paulo,S5,,C0086873,49889190,A
02682287,202506,"PAN FINANCEIRA S.A. - CRÉDITO, FINANCIAMENTO E INVESTIMENTOS",199809,N1,I,2,"Sociedade de Crédito, Financiamento e Investimento",,RJ,Rio de Janeiro,S1,,C0080336,30306294,A
09361361,202506,PARAIBAN CREDITO IMOBILIARIO S.A.,198010,N1,I,2,Sociedade de Crédito Imobiliário,,PB,João Pessoa,,,,,I
03311443,202506,"PARATI - CREDITO, FINANCIAMENTO E INVESTIMENTO S.A.",199908,N1,I,2,"Sociedade de Crédito, Financiamento e Investimento","Sociedades de Credito, Financiamento e Investimento",SP,São Paulo,S5,,C0086488,32778350,A
C0088149,202506,PB SCD - PRUDENCIAL,180001,N1,I,2,,,SP,São Bernardo do Campo,S5,,C0088149,58674454,I
58674454,202506,PB SOCIEDADE DE CREDITO DIRETO S.A.,180001,N1,I,2,Sociedade de Crédito Direto,,SP,São Bernardo do Campo,S5,,C0088149,58674454,I
C0085881,202506,PEAK SEP - PRUDENCIAL,180001,N1,I,2,,Sociedade de Empréstimo entre Pessoas,SP,São Paulo,S5,,C0085881,44019481,A
44019481,202506,PEAK SOCIEDADE DE EMPRÉSTIMO ENTRE PESSOAS S.A.,202112,N1,I,2,Sociedade de Empréstimo entre Pessoas,,SP,São Paulo,S5,,C0085881,44019481,A
43180355,202506,"PEFISA S.A. - CRÉDITO, FINANCIAMENTO E INVESTIMENTO",198002,N1,I,2,"Sociedade de Crédito, Financiamento e Investimento","Sociedades de Credito, Financiamento e Investimento",SP,São Paulo,S4,,C0080305,43180355,A
C0080305,202506,PEFISA S.A. - PRUDENCIAL,180001,N1,I,2,,"Sociedades de Credito, Financiamento e Investimento",SP,São Paulo,S4,,C0080305,43180355,A
C0086426,202506,PERCAPITAL SCD - PRUDENCIAL,180001,N1,I,2,,Sociedade de Crédito Direto,MS,Campo Grande,S5,,C0086426,48707451,A
48707451,202506,PERCAPITAL SOCIEDADE DE CRÉDITO DIRETO S.A.,202211,N1,I,2,Sociedade de Crédito Direto,,MS,Campo Grande,S5,,C0086426,48707451,A
C0087803,202506,PERSONAL SCD - PRUDENCIAL,180001,N1,I,2,,Sociedade de Crédito Direto,SC,Florianópolis,S5,,C0087803,57905133,A
57905133,202506,PERSONAL SOCIEDADE DE CRÉDITO DIRETO S.A.,202506,N1,I,2,Sociedade de Crédito Direto,,SC,Florianópolis,S5,,C0087803,57905133,A
C0081160,202506,PIAUÍ FOMENTO - PRUDENCIAL,180001,N1,I,1,,Agencias de Fomento ou de Desenvolvimento,PI,Teresina,S4,,C0081160,11836226,A
C0086361,202506,PINBANK BRASIL IP - PRUDENCIAL,180001,N1,I,3,,IP Emissor Pré-Pago,SP,São Paulo,S5,,C0086361,17079937,A
C0085142,202506,PINTOS CFI - PRUDENCIAL,180001,N1,I,2,,"Sociedades de Credito, Financiamento e Investimento",PI,Teresina,S5,,C0085142,35274306,A
35274306,202506,"PINTOS S.A. CREDITO, FINANCIAMENTO E INVESTIMENTO",202002,N1,I,2,"Sociedade de Crédito, Financiamento e Investimento","Sociedades de Credito, Financiamento e Investimento",PI,Teresina,S5,,C0085142,35274306,A
C0080587,202506,PLANNER - PRUDENCIAL,180001,N1,I,2,,CTVM DTVM - Administrador Fiduciário,SP,São Paulo,S4,,C0080587,00806535,A
05684234,202506,PLANNER SOCIEDADE DE CRÉDITO DIRETO S.A.,200311,N1,I,2,Sociedade de Crédito Direto,,SP,São Paulo,S4,,C0080587,00806535,A
C0085630,202506,PLANTAE CFI - PRUDENCIAL,180001,N1,I,2,,"Sociedades de Credito, Financiamento e Investimento",SP,Presidente Prudente,S4,,C0085630,35551187,A
35551187,202506,"PLANTAE S.A. - CRÉDITO, FINANCIAMENTO E INVESTIMENTO",202101,N1,I,2,"Sociedade de Crédito, Financiamento e Investimento","Sociedades de Credito, Financiamento e Investimento",SP,Presidente Prudente,S4,,C0085630,35551187,A
56392166,202506,"PLUG FINANCEIRA S.A. - SOCIEDADE DE CREDITO, FINANCIAMENTO E INVESTIMENTO",180001,N1,I,2,"Sociedade de Crédito, Financiamento e Investimento",,SP,São Paulo,S4,,C0088352,56392166,I
07945233,202506,PÓLOCRED   SOCIEDADE DE CRÉDITO AO MICROEMPREENDEDOR E À EMPRESA DE PEQUENO PORTE LTDA.,200605,N1,I,3,Sociedade de Crédito ao Microempreendedor,Sociedades de crédito ao Microempreendedor,SP,São Paulo,S5,,C0086361,17079937,A
42582072,202506,PONTO FRIO LEASING S.A. - ARRENDAMENTO MERCANTIL,197606,N1,I,2,Sociedade de Arrendamento Mercantil,,RJ,Rio de Janeiro,,,,,I
68271295,202506,PONTUAL LEASING ARRENDAMENTO MERCANTIL,199208,N1,I,2,Sociedade de Arrendamento Mercantil,,SP,São Paulo,,,,,I
C0080642,202506,PORTO SEGURO - PRUDENCIAL,180001,N1,I,2,,"Sociedades de Credito, Financiamento e Investimento",SP,São Paulo,S3,,C0080642,04862600,A
01800019,202506,"PORTOCRED S.A. - CREDITO, FINANCIAMENTO E INVESTIMENTO",199705,N1,I,2,"Sociedade de Crédito, Financiamento e Investimento","Sociedades de Credito, Financiamento e Investimento",RS,Porto Alegre,S4,,,,LE
04862600,202506,"PORTOSEG S.A. - CREDITO, FINANCIAMENTO E INVESTIMENTO",200203,N1,I,2,"Sociedade de Crédito, Financiamento e Investimento","Sociedades de Credito, Financiamento e Investimento",SP,São Paulo,S3,,C0080642,04862600,A
60333085,202506,POTENZA LEASING ARRENDAMENTO MERCANTIL S.A.,198904,N1,I,2,Sociedade de Arrendamento Mercantil,,SP,Barueri,,,,,I
04729922,202506,PRECISAO & CREDITO SOCIED.DE CRED.AO MICROEMPREENDEDOR LTDA,200201,N1,I,2,Sociedade de Crédito ao Microempreendedor,,RJ,Rio de Janeiro,,,,,I
12496782,202506,PRODUBAN CREDITO IMOBILIARIO S/A,198003,N1,I,2,Sociedade de Crédito Imobiliário,,AL,Maceió,,,,,I
12292736,202506,"PRODUBAN S/A - CREDITO, FINANCIAMENTO E INVESTIMENTOS",196703,N1,I,2,"Sociedade de Crédito, Financiamento e Investimento",,AL,Maceió,,,,,I
C0083003,202506,PROFITTO - SCMEPP LTDA - PRUDENCIAL,180001,N1,I,2,,Sociedades de crédito ao Microempreendedor,SP,Paulínia,S5,,C0083003,03635061,A
04702389,202506,"PROMO CAPITAL S.A. CREDITO, FINANCIAMENTO E INVESTIMENTO",180001,N1,I,2,"Sociedade de Crédito, Financiamento e Investimento",,SP,São Paulo,,,,,I
C0087212,202506,PROVER PROMOCAO DE VENDAS IP - PRUDENCIAL,180001,N1,I,2,,IP Emissor Pré-Pago,AM,Manaus,S5,,C0087212,20308187,A
42627615,202506,PROVU SOCIEDADE DE CRÉDITO DIRETO S.A.,202110,N1,I,2,Sociedade de Crédito Direto,,SP,São Paulo,S5,,C0085764,42627615,A
C0084882,202506,QI SCD - PRUDENCIAL,180001,N1,I,3,,Sociedade de Crédito Direto,SP,São Paulo,S4,,C0084882,32402502,A
32402502,202506,QI SOCIEDADE DE CRÉDITO DIRETO S.A.,201902,N1,I,3,Sociedade de Crédito Direto,,SP,São Paulo,S4,,C0084882,32402502,A
36583700,202506,"QISTA S.A. - CRÉDITO, FINANCIAMENTO E INVESTIMENTO",202010,N1,I,2,"Sociedade de Crédito, Financiamento e Investimento","Sociedades de Credito, Financiamento e Investimento",SP,São Paulo,S4,,C0085506,36583700,A
C0085506,202506,QISTA S.A. CFI - PRUDENCIAL,180001,N1,I,2,,"Sociedades de Credito, Financiamento e Investimento",SP,São Paulo,S4,,C0085506,36583700,A
C0086646,202506,QUADRA SCD - PRUDENCIAL,180001,N1,I,2,,Sociedade de Crédito Direto,SP,São Paulo,S5,,C0086646,49555647,A
49555647,202506,QUADRA SOCIEDADE DE CRÉDITO DIRETO S.A.,202311,N1,I,2,Sociedade de Crédito Direto,,SP,São Paulo,S5,,C0086646,49555647,A
C0086615,202506,QUEROCRED SCD - PRUDENCIAL,180001,N1,I,2,,Sociedade de Crédito Direto,RS,Canoas,S5,,C0086615,49035310,A
49035310,202506,QUEROCRED SOCIEDADE DE CRÉDITO DIRETO S.A.,202303,N1,I,2,Sociedade de Crédito Direto,,RS,Canoas,S5,,C0086615,49035310,A
73000275,202506,"RALC FINANCEIRA S.A. - CREDITO,FINANCIAMENTO E INVESTIMENTO",180001,N1,I,2,"Sociedade de Crédito, Financiamento e Investimento",,SP,São Paulo,,,,,I
C0085575,202506,RAPIDIUM SCMEPP - PRUDENCIAL,180001,N1,I,2,,Sociedades de crédito ao Microempreendedor,PR,Toledo,S5,,C0085575,40269467,A
40269467,202506,RAPIDIUM SOCIEDADE DE CRÉDITO AO MICROEMPREENDEDOR E À EMPRESA DE PEQUENO PORTE S.A.,202104,N1,I,2,Sociedade de Crédito ao Microempreendedor,Sociedades de crédito ao Microempreendedor,PR,Toledo,S5,,C0085575,40269467,A
04819441,202506,REALIZA - SOCIEDADE CREDITO AO MICROEMPREENDEDOR LTDA.,200206,N1,I,2,Sociedade de Crédito ao Microempreendedor,,MG,Santos Dumont,,,,,I
27351731,202506,"REALIZE CRÉDITO, FINANCIAMENTO E INVESTIMENTO S.A.",201706,N1,I,3,"Sociedade de Crédito, Financiamento e Investimento","Sociedades de Credito, Financiamento e Investimento",RS,Porto Alegre,S4,,C0084703,27351731,A
C0084703,202506,REALIZE SCFI - PRUDENCIAL,180001,N1,I,3,,"Sociedades de Credito, Financiamento e Investimento",RS,Porto Alegre,S4,,C0084703,27351731,A
C0085898,202506,RECARGAPAY IP - PRUDENCIAL,180001,N1,I,3,,IP Emissor Pré-Pago,SP,São Paulo,S4,,C0085898,11275560,A
C0086316,202506,RED SCD - PRUDENCIAL,180001,N1,I,2,,Sociedade de Crédito Direto,SP,São Paulo,S5,,C0086316,47593544,A
47593544,202506,RED SOCIEDADE DE CRÉDITO DIRETO S.A.,202212,N1,I,2,Sociedade de Crédito Direto,,SP,São Paulo,S5,,C0086316,47593544,A
46743943,202506,REDECARD SOCIEDADE DE CRÉDITO DIRETO S.A.,202303,N1,I,2,Sociedade de Crédito Direto,,SP,São Paulo,S1,,C0080099,60872504,A
09777267,202506,"REGENCIA S.A. CREDITO, FINANCIAMENTO E INVESTIMENTOS",180001,N1,I,2,"Sociedade de Crédito, Financiamento e Investimento",,,,,,,,I
09471428,202506,REGRA - SOCIEDADE DE CRÉDITO AO MICROEMPREENDEDOR E À EMPRESA DE PEQUENO PORTE LTDA.,180001,N1,I,2,Sociedade de Crédito ao Microempreendedor,,GO,Aparecida de Goiânia,,,,,I
01049710,202506,RENASCENCA SA CREDITO FINANCIAMENTO E INVESTIMENTO,199603,N1,I,2,"Sociedade de Crédito, Financiamento e Investimento",,SP,São Paulo,,,,,I
61071676,202506,"RENNER FINANCIADORA S/A - CREDITO, FINAN. E INVESTIMENTOS",196512,N1,I,2,"Sociedade de Crédito, Financiamento e Investimento",,RS,Porto Alegre,,,,,I
61638714,202506,RESIDENCIA CIA DE CREDITO IMOBILIARIO DE SAO PAULO,196704,N1,I,2,Sociedade de Crédito Imobiliário,,SP,São Paulo,,,,,I
42361006,202506,RESIDENCIA LEASING EMPRESA DE ARRENDAMENTO MERCANTIL S/A,197607,N1,I,2,Sociedade de Arrendamento Mercantil,,RJ,Rio de Janeiro,,,,,I
C0087054,202506,REVOLUT SCD - PRUDENCIAL,180001,N1,I,3,,Sociedade de Crédito Direto,SP,São Paulo,S5,,C0087054,51342763,A
51342763,202506,REVOLUT SOCIEDADE DE CRÉDITO DIRETO S.A.,202404,N1,I,3,Sociedade de Crédito Direto,,SP,São Paulo,S5,,C0087054,51342763,A
02388388,202506,"RIO CASH S.A - CREDITO, FINANCIMENTO E INVESTIMENTO",199711,N1,I,2,"Sociedade de Crédito, Financiamento e Investimento",,RJ,Rio de Janeiro,,,,,I
60451838,202506,"RIO FINANCEIRA S.A. CREDITO, FINANCIAMENTO E INVESTIMENTOS",180001,N1,I,2,"Sociedade de Crédito, Financiamento e Investimento",,,,,,,,I
42166058,202506,RIO LEASE LOCADORA DE BENS E SERVICOS LTDA,180001,N1,I,2,Sociedade de Arrendamento Mercantil,,,,,,,,I
02868100,202506,RODOBENS COMPANHIA HIPOTECÁRIA,199902,N1,I,2,Companhia Hipotecária,,SP,São José do Rio Preto,,,,,I
04924130,202506,RONDÔNIA CRÉDITO IMOBILIÁRIO S/A,198312,N1,I,2,Sociedade de Crédito Imobiliário,,RO,Porto Velho,,,,,I
03456984,202506,"RÓTULA S/A CRÉDITO, FINANCIAMENTO E INVESTIMENTOS",199911,N1,I,2,"Sociedade de Crédito, Financiamento e Investimento",,MG,Leopoldina,,,,,I
44431743,202506,"RP FINANCEIRA S.A. - SOCIEDADE DE CRÉDITO, FINANCIAMENTO E INVESTIMENTO",202208,N1,I,3,"Sociedade de Crédito, Financiamento e Investimento",,SP,São Paulo,S4,,C0085898,11275560,A
C0083209,202506,RPW S/A SCFI - PRUDENCIAL,180001,N1,I,2,,Sociedades de crédito ao Microempreendedor,SP,São Paulo,S4,,C0083209,06249129,A
06249129,202506,"RPW S/A SOCIEDADE DE CRÉDITO, FINANCIAMENTO E INVESTIMENTO",200405,N1,I,2,"Sociedade de Crédito, Financiamento e Investimento",Sociedades de crédito ao Microempreendedor,SP,São Paulo,S4,,C0083209,06249129,A
05246917,202506,"RS CREDITO,FINANCIAMENTO E INVESTIMENTO SA",200207,N1,I,2,"Sociedade de Crédito, Financiamento e Investimento",,MG,Belo Horizonte,,,,,I
01278894,202506,RURAL MAIS LEASING S.A. - ARRENDAMENTO MERCANTIL,197805,N1,I,2,Sociedade de Arrendamento Mercantil,,MG,Belo Horizonte,,,,,I
C0086976,202506,RV2 SEP - PRUDENCIAL,180001,N1,I,2,,Sociedade de Empréstimo entre Pessoas,CE,Fortaleza,S5,,C0086976,52690487,A
52690487,202506,RV2 SOCIEDADE DE EMPRÉSTIMO ENTRE PESSOAS S.A.,202403,N1,I,2,Sociedade de Empréstimo entre Pessoas,,CE,Fortaleza,S5,,C0086976,52690487,A
05767737,202506,SAF - SOCIEDADE DE CRÉDITO AO MICROEMPREENDEDOR LTDA.,200305,N1,I,2,Sociedade de Crédito ao Microempreendedor,,SP,São Paulo,,,,,I
62231287,202506,"SAFIN S.A.CREDITO, FINANCIAMENTO E INVESTIMENTO",196809,N1,I,2,"Sociedade de Crédito, Financiamento e Investimento",,SP,São Paulo,,,,,I
60783420,202506,"SAFRA - CREDITO, FINANCIAMENTO E INVESTIMENTOS S/A",196705,N1,I,2,"Sociedade de Crédito, Financiamento e Investimento",,SP,São Paulo,,,,,I
43927045,202506,SAFRA COMPANHIA DE ARRENDAMENTO MERCANTIL,197701,N1,I,2,Sociedade de Arrendamento Mercantil,,SP,Barueri,,,,,I
45437547,202506,"SAFRA CRÉDITO, FINANCIAMENTO E INVESTIMENTO S.A.",202205,N1,I,2,"Sociedade de Crédito, Financiamento e Investimento",,SP,São Paulo,S2,,C0080109,58160789,A
62063177,202506,SAFRA LEASING S.A. ARRENDAMENTO MERCANTIL,197710,N1,I,2,Sociedade de Arrendamento Mercantil,,SP,São Paulo,S2,,C0080109,58160789,A
60976115,202506,SAFRA S/A - CREDITO IMOBILIARIO,196612,N1,I,2,Sociedade de Crédito Imobiliário,,SP,São Paulo,,,,,I
58330558,202506,SAFRA SOCIEDADE DE CREDITO DIRETO S.A.,202504,N1,I,2,Sociedade de Crédito Direto,,SP,São Paulo,S2,,C0080109,58160789,A
05232316,202506,SANTAMARENSE SOCIEDADE DE CREDITO AO MICROEMPREENDEDOR LTDA,200208,N1,I,2,Sociedade de Crédito ao Microempreendedor,,PR,Londrina,,,,,I
42291245,202506,SANTANDER BANESPA COMPANHIA DE ARRENDAMENTO MERCANTIL,197606,N1,I,3,Sociedade de Arrendamento Mercantil,,SP,São Caetano do Sul,,,,,I
88337985,202506,SANTANDER BANESPA S.A. ARRENDAMENTO MERCANTIL,198208,N1,I,3,Sociedade de Arrendamento Mercantil,,SP,São Caetano do Sul,,,,,I
00589171,202506,SANTANDER BRASIL ARRENDAMENTO MERCANTIL S.A.,199505,N1,I,3,Sociedade de Arrendamento Mercantil,,SP,Barueri,,,,,I
47193149,202506,SANTANDER LEASING S.A. ARRENDAMENTO MERCANTIL,197606,N1,I,3,Sociedade de Arrendamento Mercantil,,SP,São Paulo,S1,,C0080185,90400888,A
47177225,202506,SANTANDER NOROESTE LEASING - ARRENDAMENTO MERCANTIL S.A.,197508,N1,I,2,Sociedade de Arrendamento Mercantil,,SP,São Caetano do Sul,,,,,I
C0080446,202506,SANTINVEST - PRUDENCIAL,180001,N1,I,2,,"Sociedades de Credito, Financiamento e Investimento",SC,Florianópolis,S5,,C0080446,00122327,A
00122327,202506,"SANTINVEST S.A. - CREDITO, FINANCIAMENTO E INVESTIMENTOS",199410,N1,I,2,"Sociedade de Crédito, Financiamento e Investimento","Sociedades de Credito, Financiamento e Investimento",SC,Florianópolis,S5,,C0080446,00122327,A
59636332,202506,SANTISTA LEASING S/A ARRENDAMENTO MERCANTIL,198811,N1,I,2,Sociedade de Arrendamento Mercantil,,SP,São Paulo,,,,,I
C0087250,202506,SANTS SCD - PRUDENCIAL,180001,N1,I,2,,Sociedade de Crédito Direto,SP,Barueri,S5,,C0087250,52440987,A
52440987,202506,SANTS SOCIEDADE DE CRÉDITO DIRETO S.A.,202406,N1,I,2,Sociedade de Crédito Direto,,SP,Barueri,S5,,C0087250,52440987,A
C0083230,202506,SCB CRÉDITO SCMEPP - PRUDENCIAL,180001,N1,I,2,,Sociedades de crédito ao Microempreendedor,CE,Fortaleza,S5,,C0083230,08430732,A
08430732,202506,SCB CRÉDITO SOCIEDADE DE CRÉDITO AO MICROEMPREENDEDOR E À EMPRESA DE PEQUENO PORTE LTDA.,200609,N1,I,2,Sociedade de Crédito ao Microempreendedor,Sociedades de crédito ao Microempreendedor,CE,Fortaleza,S5,,C0083230,08430732,A
04787807,202506,"SECULUS CREDITO,FINANCIAMENTO E INVESTIMENTO SA",200202,N1,I,2,"Sociedade de Crédito, Financiamento e Investimento",,MG,Belo Horizonte,,,,,I
57173208,202506,SEDONA SOCIEDADE DE CRÉDITO DIRETO S.A.,180001,N1,I,2,Sociedade de Crédito Direto,,SP,São Paulo,S4,,C0083632,60779196,I
C0086158,202506,SEM PARAR IP - PRUDENCIAL,180001,N1,I,3,,Sociedade de Crédito Direto,SP,São Paulo,S5,,C0086158,04088208,A
45879000,202506,SEM PARAR SOCIEDADE DE CRÉDITO DIRETO S.A.,202208,N1,I,3,Sociedade de Crédito Direto,,SP,São Paulo,S5,,C0086158,04088208,A
C0086378,202506,SER FINANCE SCD - PRUDENCIAL,180001,N1,I,2,,Sociedade de Crédito Direto,PE,Recife,S5,,C0086378,47873449,A
47873449,202506,SER FINANCE SOCIEDADE DE CRÉDITO DIRETO S.A.,202303,N1,I,2,Sociedade de Crédito Direto,,PE,Recife,S5,,C0086378,47873449,A
C0087016,202506,SETHI SCD - PRUDENCIAL,180001,N1,I,2,,Sociedade de Crédito Direto,SC,Florianópolis,S5,,C0087016,50946592,A
50946592,202506,SETHI SOCIEDADE DE CRÉDITO DIRETO S.A.,202309,N1,I,2,Sociedade de Crédito Direto,,SC,Florianópolis,S5,,C0087016,50946592,A
C0086275,202506,SHPP BRASIL IP - PRUDENCIAL,180001,N1,I,3,,IP Credenciadora,SP,São Paulo,S4,,C0086275,38372267,A
87046488,202506,SIBISA FINANCEIRA S/A-CREDITO FINANCIAMENTO E INVESTIMENTOS,196603,N1,I,2,"Sociedade de Crédito, Financiamento e Investimento",,RS,Porto Alegre,,,,,I
C0085070,202506,SIMPALA CFI - PRUDENCIAL,180001,N1,I,2,,"Sociedades de Credito, Financiamento e Investimento",RS,Porto Alegre,S4,,C0085070,34991938,A
34991938,202506,"SIMPALA S.A. CRÉDITO, FINANCIAMENTO E INVESTIMENTO",201912,N1,I,2,"Sociedade de Crédito, Financiamento e Investimento","Sociedades de Credito, Financiamento e Investimento",RS,Porto Alegre,S4,,C0085070,34991938,A
C0084552,202506,SINOSSERRA FINANCEIRA S/A - PRUDENCIAL,180001,N1,I,2,,"Sociedades de Credito, Financiamento e Investimento",RS,Novo Hamburgo,S4,,C0084552,22639377,A
22639377,202506,"SINOSSERRA FINANCEIRA S/A - SOCIEDADE DE CRÉDITO, FINANCIAMENTO E INVESTIMENTO",201511,N1,I,2,"Sociedade de Crédito, Financiamento e Investimento","Sociedades de Credito, Financiamento e Investimento",RS,Novo Hamburgo,S4,,C0084552,22639377,A
04316357,202506,SOCIALCRED S/A - SOCIEDADE DE CRÉDITO AO MICROEMPREENDEDOR E À EMPRESA DE PEQUENO PORTE,200104,N1,I,2,Sociedade de Crédito ao Microempreendedor,Sociedades de crédito ao Microempreendedor,RJ,Rio de Janeiro,S5,,C0083027,04316357,A
C0083027,202506,SOCIALCRED S/A SCMEPP - PRUDENCIAL,180001,N1,I,2,,Sociedades de crédito ao Microempreendedor,RJ,Rio de Janeiro,S5,,C0083027,04316357,A
48570073,202506,SOCIEDADE DE CRÉDITO DIRETO SEBRAE S/A - SEBRAECRED,180001,N1,I,2,Sociedade de Crédito Direto,,DF,Brasília,S5,,,,I
37229413,202506,"SOCIEDADE DE CRÉDITO, FINANCIAMENTO E INVESTIMENTO EFÍ S.A.",202104,N1,I,2,"Sociedade de Crédito, Financiamento e Investimento",Sociedade de Crédito Direto,MG,Ouro Preto,S5,,C0084978,09089356,A
04955043,202506,SOCILAR CREDITO IMOBILIARIO S/A,196905,N1,I,2,Sociedade de Crédito Imobiliário,,PA,Belém,,,,,I
03881423,202506,"SOCINAL S.A. - CRÉDITO, FINANCIAMENTO E INVESTIMENTO",200009,N1,I,2,"Sociedade de Crédito, Financiamento e Investimento","Sociedades de Credito, Financiamento e Investimento",RJ,Araruama,S5,,C0083577,03881423,A
C0083577,202506,SOCINAL S.A. CFI - PRUDENCIAL,180001,N1,I,2,,"Sociedades de Credito, Financiamento e Investimento",RJ,Araruama,S5,,C0083577,03881423,A
09210106,202506,SOCRED S.A. - SOCIEDADE DE CRÉDITO AO MICROEMPREENDEDOR E À EMPRESA DE PEQUENO PORTE,200712,N1,I,2,Sociedade de Crédito ao Microempreendedor,Sociedades de crédito ao Microempreendedor,PA,Belém,S5,,C0083247,09210106,A
C0083247,202506,SOCRED S.A. SCM - PRUDENCIAL,180001,N1,I,2,,Sociedades de crédito ao Microempreendedor,PA,Belém,S5,,C0083247,09210106,A
60691771,202506,SOFINAL-SOC. FINANCEIRA NACIONAL S/A- CRED.FINANC.INVEST.,196512,N1,I,2,Sociedade de Arrendamento Mercantil,,SP,Itapecerica da Serra,,,,,I
00323896,202506,SOFISA LEASING S.A.ARRENDAMENTO MERCANTIL,199503,N1,I,2,Sociedade de Arrendamento Mercantil,,SP,Poá,,,,,I
04165624,202506,"SOFISA S.A. CREDITO, FINANCIAMENTO E INVESTIMENTO",200012,N1,I,2,"Sociedade de Crédito, Financiamento e Investimento",,SP,São Paulo,,,,,I
08257293,202506,"SOFISA S.A. CRÉDITO, FINANCIAMENTO E INVESTIMENTO",200612,N1,I,2,"Sociedade de Crédito, Financiamento e Investimento",,SP,São Paulo,S3,,C0080271,60889128,A
C0086440,202506,SOLFÁCIL SCFI - PRUDENCIAL,180001,N1,I,2,,Sociedade de Crédito Direto,SP,São Paulo,S5,,C0086440,48755901,A
48755901,202506,SOLFÁCIL SOCIEDADE DE CRÉDITO DIRETO S.A.,202303,N1,I,2,Sociedade de Crédito Direto,,SP,São Paulo,S5,,C0086440,48755901,A
01598527,202506,"SOLIDUS S.A. - CREDITO, FINANCIAMENTO E INVESTIMENTO",199701,N1,I,2,"Sociedade de Crédito, Financiamento e Investimento",,RS,Porto Alegre,,,,,I
C0086017,202506,SOMAPAY SCD - PRUDENCIAL,180001,N1,I,2,,Sociedade de Crédito Direto,CE,Fortaleza,S5,,C0086017,44705774,A
44705774,202506,SOMAPAY SOCIEDADE DE CRÉDITO DIRETO S.A.,202207,N1,I,2,Sociedade de Crédito Direto,,CE,Fortaleza,S5,,C0086017,44705774,A
C0087755,202506,SQUID SCD - PRUDENCIAL,180001,N1,I,2,,Sociedade de Crédito Direto,RS,Caxias do Sul,S5,,C0087755,56198117,A
56198117,202506,SQUID SOCIEDADE DE CRÉDITO DIRETO S.A.,202411,N1,I,2,Sociedade de Crédito Direto,,RS,Caxias do Sul,S5,,C0087755,56198117,A
C0083711,202506,STARA FINANCEIRA S.A. - CFI - PRUDENCIAL,180001,N1,I,2,,"Sociedades de Credito, Financiamento e Investimento",RS,Não-Me-Toque,S4,,C0083711,17359351,A
17359351,202506,STARA FINANCEIRA S.A. - CRÉDITO FINANCIAMENTO E INVESTIMENTO,201305,N1,I,2,"Sociedade de Crédito, Financiamento e Investimento","Sociedades de Credito, Financiamento e Investimento",RS,Não-Me-Toque,S4,,C0083711,17359351,A
35911258,202506,STARCRED SOCIEDADE DE CRÉDITO DIRETO S.A.,202007,N1,I,2,Sociedade de Crédito Direto,Sociedade de Crédito Direto,RS,Taquara,S5,,C0085032,35911258,A
C0085513,202506,STARK SCD - PRUDENCIAL,180001,N1,I,2,,Sociedade de Crédito Direto,SP,São Paulo,S5,,C0085513,39908427,A
39908427,202506,STARK SOCIEDADE DE CRÉDITO DIRETO S.A.,202010,N1,I,2,Sociedade de Crédito Direto,Sociedade de Crédito Direto,SP,São Paulo,S5,,C0085513,39908427,A
03502961,202506,"STELLANTIS FINANCIAMENTOS SOCIEDADE DE CRÉDITO, FINANCIAMENTO E INVESTIMENTO S.A",200002,N1,I,3,"Sociedade de Crédito, Financiamento e Investimento",,SP,São Paulo,S4,,C0087298,03502961,A
C0084686,202506,STONE IP - PRUDENCIAL,180001,N1,I,3,,IP Credenciadora,SP,São Paulo,S4,,C0084686,16501555,A
34590184,202506,STONE SOCIEDADE DE CRÉDITO DIRETO S.A.,201912,N1,I,3,Sociedade de Crédito Direto,IP Credenciadora,SP,São Paulo,S4,,C0084686,16501555,A
53505601,202506,"STONE SOCIEDADE DE CREDITO, FINANCIAMENTO E INVESTIMENTO S.A.",202404,N1,I,3,"Sociedade de Crédito, Financiamento e Investimento",,SP,São Paulo,S4,,C0084686,16501555,A
C0084428,202506,SUDACRED SCD - PRUDENCIAL,180001,N1,I,2,,Sociedade de Crédito Direto,PR,Curitiba,S5,,C0084428,20251847,A
20251847,202506,SUDACRED SOCIEDADE DE CRÉDITO DIRETO S.A.,201407,N1,I,2,Sociedade de Crédito Direto,Sociedades de crédito ao Microempreendedor,PR,Curitiba,S5,,C0084428,20251847,A
60942877,202506,SUDAMERIS COMPANHIA DE CREDITO FINANCIAMENTO E INVESTIMENTOS,195109,N1,I,2,"Sociedade de Crédito, Financiamento e Investimento",,SP,São Paulo,,,,,I
60878618,202506,"SUL AMERICA - CREDITO, FINANCIAMENTO E INVESTIMENTOS S.A.",196507,N1,I,2,"Sociedade de Crédito, Financiamento e Investimento",,RJ,Rio de Janeiro,,,,,I
60426855,202506,SUL BRASILEIRO SP CREDITO IMOBILIARIO S.A.,196704,N1,I,2,Sociedade de Crédito Imobiliário - Repassadora,,SP,São Paulo,,,,,I
C0085238,202506,SUMUP IP - PRUDENCIAL,180001,N1,I,3,,IP Credenciadora,SP,São Paulo,S4,,C0085238,16668076,A
37241230,202506,SUMUP SOCIEDADE DE CRÉDITO DIRETO S.A.,202005,N1,I,3,Sociedade de Crédito Direto,Sociedade de Crédito Direto,SP,São Paulo,S4,,C0085238,16668076,A
C0085843,202506,SUPERLÓGICA SCD PRUDENCIAL,180001,N1,I,2,,Sociedade de Crédito Direto,SP,Barueri,S5,,C0085843,43599047,A
43599047,202506,SUPERLÓGICA SOCIEDADE DE CRÉDITO DIRETO S.A.,202209,N1,I,2,Sociedade de Crédito Direto,,SP,Barueri,S5,,C0085843,43599047,A
09816808,202506,SUPORTE SOCIEDADE DE CRÉDITO AO MICROEMPREENDEDOR LIMITDA,180001,N1,I,2,Sociedade de Crédito ao Microempreendedor,,MT,Cuiabá,,,,,I
09114372,202506,TABAJARA S/A CREDITO IMOBILIARIO,196702,N1,I,2,Sociedade de Crédito Imobiliário - Repassadora,,PE,Recife,,,,,I
C0085214,202506,TAMBASA SCD - PRUDENCIAL,180001,N1,I,2,,Sociedade de Crédito Direto,MG,Belo Horizonte,S5,,C0085214,37134759,A
37134759,202506,TAMBASA SOCIEDADE DE CRÉDITO DIRETO S.A.,202005,N1,I,2,Sociedade de Crédito Direto,Sociedade de Crédito Direto,MG,Belo Horizonte,S5,,C0085214,37134759,A
09089556,202506,TARRAF & FILHOS SOCIEDADE DE  CRÉDITO DIRETO S.A.,180001,N1,I,2,Sociedade de Crédito Direto,,SP,São José do Rio Preto,,,,,I
C0085788,202506,TENTOS CFI - PRUDENCIAL,180001,N1,I,2,,"Sociedades de Credito, Financiamento e Investimento",RS,Ijuí,S4,,C0085788,41498340,A
41498340,202506,"TENTOS S.A. CRÉDITO, FINANCIAMENTO E INVESTIMENTO",202106,N1,I,2,"Sociedade de Crédito, Financiamento e Investimento","Sociedades de Credito, Financiamento e Investimento",RS,Ijuí,S4,,C0085788,41498340,A
07311814,202506,TERRA CIA DE CREDITO IMOBILIARIO,197002,N1,I,2,Sociedade de Crédito Imobiliário - Repassadora,,CE,Fortaleza,,,,,I
C0088084,202506,TINO SCD - PRUDENCIAL,180001,N1,I,2,,,SP,São Paulo,,,C0088084,62469998,I
62469998,202506,TINO SOCIEDADE DE CRÉDITO DIRETO S.A.,180001,N1,I,2,Sociedade de Crédito Direto,,SP,São Paulo,,,C0088084,62469998,I
C0083546,202506,TODESCREDI S/A - CFI - PRUDENCIAL,180001,N1,I,2,,"Sociedades de Credito, Financiamento e Investimento",RS,Bento Gonçalves,S5,,C0083546,09473806,A
09473806,202506,"TODESCREDI S/A - CRÉDITO, FINANCIAMENTO E INVESTIMENTO",200806,N1,I,2,"Sociedade de Crédito, Financiamento e Investimento","Sociedades de Credito, Financiamento e Investimento",RS,Bento Gonçalves,S5,,C0083546,09473806,A
C0088321,202506,TORRA SCD - PRUDENCIAL,180001,N1,I,2,,,SP,São Paulo,S5,,C0088321,60717928,I
60717928,202506,TORRA SOCIEDADE DE CRÉDITO DIRETO S.A.,180001,N1,I,2,Sociedade de Crédito Direto,,SP,São Paulo,S5,,C0088321,60717928,I
58171927,202506,"TRANSPARANA - CREDITO, FINANCIAMENTO E INVESTIMENTOS S/A",196403,N1,I,2,"Sociedade de Crédito, Financiamento e Investimento",,SP,São Paulo,,,,,I
C0084631,202506,TRINUS CAPITAL DTVM - PRUDENCIAL,180001,N1,I,2,,CTVM DTVM - Distribuidor de Fundos,GO,Goiânia,S4,,C0084631,02276653,A
40654622,202506,TRINUS SOCIEDADE DE CRÉDITO DIRETO S.A.,202111,N1,I,2,Sociedade de Crédito Direto,,GO,Goiânia,S4,,C0084631,02276653,A
28393767,202506,TRIPLIK S/A - CREDITO IMOBILIARIO,198312,N1,I,2,Sociedade de Crédito Imobiliário - Repassadora,,ES,Vitória,,,,,I
04392825,202506,TROPICAL COMPANHIA DE CREDITO IMOBILIARIO,199206,N1,I,2,Sociedade de Crédito Imobiliário - Repassadora,,BA,Salvador,,,,,I
C0088015,202506,TTSCD SCD  - PRUDENCIAL,180001,N1,I,2,,Sociedade de Crédito Direto,SP,São Paulo,S5,,C0088015,46743997,A
46743997,202506,TTSCD SOCIEDADE DE CRÉDITO DIRETO S.A.,202305,N1,I,2,Sociedade de Crédito Direto,,SP,São Paulo,S5,,C0088015,46743997,A
C0085740,202506,UNAVANTI SCD - PRUDENCIAL,180001,N1,I,2,,Sociedade de Crédito Direto,PR,Maringá,S5,,C0085740,42047025,A
42047025,202506,UNAVANTI SOCIEDADE DE CRÉDITO DIRETO S/A,202105,N1,I,2,Sociedade de Crédito Direto,,PR,Maringá,S5,,C0085740,42047025,A
33239237,202506,UNIAO FINANCEIRA S/A CREDITOS FINANCIAMENTOS E INVESTIMENTOS,196310,N1,I,2,"Sociedade de Crédito, Financiamento e Investimento",,SP,São Paulo,,,,,I
01501905,202506,UNIBANCO COMPANHIA HIPOTECARIA,199611,N1,I,2,Companhia Hipotecária,,SP,São Paulo,,,,,I
62188214,202506,UNIBANCO CREDITO IMOBILIARIO S/A,196807,N1,I,2,Sociedade de Crédito Imobiliário,,SP,São Paulo,,,,,I
89523781,202506,UNIBANCO CREDITO IMOBILIARIO S/A - SUL,197806,N1,I,2,Sociedade de Crédito Imobiliário,,RS,Porto Alegre,,,,,I
17557380,202506,UNIBANCO CREDITO IMOBILIARIO S/A CENTRO,198209,N1,I,2,Sociedade de Crédito Imobiliário,,MG,Belo Horizonte,,,,,I
30141550,202506,UNIBANCO CREDITO IMOBILIARIO S/A RIO,197008,N1,I,2,Sociedade de Crédito Imobiliário,,RJ,Rio de Janeiro,,,,,I
33058660,202506,UNIBANCO FINANCEIRA S/A CREDITO FINANCIAMENTO E INVESTIMENTO,195810,N1,I,2,"Sociedade de Crédito, Financiamento e Investimento",,SP,São Paulo,,,,,I
44071785,202506,UNIBANCO LEASING S.A. - ARRENDAMENTO MERCANTIL,197607,N1,I,3,Sociedade de Arrendamento Mercantil,,SP,Barueri,,,,,I
34120899,202506,UNIBANCO LEASING S/A - ARRENDAMENTO MERCANTIL,197607,N1,I,2,Sociedade de Arrendamento Mercantil,,SP,Barueri,,,,,I
09687879,202506,"UNIVR SOCIEDADE DE CRÉDITO, FINANCIAMENTO E INVESTIMENTO S.A.",180001,N1,I,2,"Sociedade de Crédito, Financiamento e Investimento",,SP,Barueri,,,,,I
C0085087,202506,UP.P SEP - PRUDENCIAL,180001,N1,I,2,,Sociedade de Empréstimo entre Pessoas,SP,São Paulo,S5,,C0085087,35977097,A
35977097,202506,UP.P SOCIEDADE DE EMPRÉSTIMO ENTRE PESSOAS S.A.,202001,N1,I,2,Sociedade de Empréstimo entre Pessoas,Sociedade de Empréstimo entre Pessoas,SP,São Paulo,S5,,C0085087,35977097,A
53842122,202506,"URBANO S.A. - SOCIEDADE DE CRÉDITO, FINANCIAMENTO E INVESTIMENTO",202504,N1,I,2,"Sociedade de Crédito, Financiamento e Investimento",,SP,Barueri,S4,,C0087786,53842122,A
C0087786,202506,URBANO SCFI - PRUDENCIAL,180001,N1,I,2,,,SP,Barueri,S4,,C0087786,53842122,A
C0085472,202506,UY3 SCD - PRUDENCIAL,180001,N1,I,2,,Sociedade de Crédito Direto,RS,Porto Alegre,S5,,C0085472,39587424,A
39587424,202506,UY3 SOCIEDADE DE CRÉDITO DIRETO S/A,202108,N1,I,2,Sociedade de Crédito Direto,Sociedade de Crédito Direto,RS,Porto Alegre,S5,,C0085472,39587424,A
46554739,202506,"VALBRAS FINANCEIRA S/A - CREDITO, FIN E INVESTIMENTOS",197506,N1,I,2,"Sociedade de Crédito, Financiamento e Investimento",,SP,São Paulo,,,,,I
C0083223,202506,VALOR CFI - PRUDENCIAL,180001,N1,I,2,,Sociedade de Crédito Direto,SP,São Paulo,S5,,C0083223,07799277,A
07799277,202506,"VALOR S/A SOCIEDADE DE CRÉDITO, FINANCIAMENTO E INVESTIMENTO",200710,N1,I,2,"Sociedade de Crédito, Financiamento e Investimento",Sociedades de crédito ao Microempreendedor,SP,São Paulo,S5,,C0083223,07799277,A
C0087377,202506,VBS SCD - PRUDENCIAL,180001,N1,I,3,,Sociedade de Crédito Direto,SP,São Paulo,S5,,C0087377,54264235,A
54264235,202506,VBS SOCIEDADE DE CRÉDITO DIRETO S.A.,202410,N1,I,3,Sociedade de Crédito Direto,,SP,São Paulo,S5,,C0087377,54264235,A
62013123,202506,VEGA LEASING ARRENDAMENTO MERCANTIL S.A.,196804,N1,I,2,Sociedade de Arrendamento Mercantil,,RJ,Rio de Janeiro,,,,,I
48632754,202506,VIA CAPITAL - SOCIEDADE DE CRÉDITO DIRETO S/A,202310,N1,I,2,Sociedade de Crédito Direto,,MG,Belo Horizonte,S5,,C0086536,48632754,A
C0086536,202506,VIA CAPITAL SCD  - PRUDENCIAL,180001,N1,I,2,,Sociedade de Crédito Direto,MG,Belo Horizonte,S5,,C0086536,48632754,A
C0080831,202506,VIA CERTA CFI - PRUDENCIAL,180001,N1,I,2,,"Sociedades de Credito, Financiamento e Investimento",RS,Santo Cristo,S4,,C0080831,05192316,A
05192316,202506,"VIA CERTA FINANCIADORA S.A. - CRÉDITO, FINANCIAMENTO E INVESTIMENTOS",200211,N1,I,2,"Sociedade de Crédito, Financiamento e Investimento","Sociedades de Credito, Financiamento e Investimento",RS,Santo Cristo,S4,,C0080831,05192316,A
04949202,202506,VIVENDA-ASSOCIAÇÃO DE POUPANÇA E EMPRÉSTIMO,196902,N1,I,2,Associação de Poupança e Empréstimo,,PA,Belém,,,,,I
C0087944,202506,VIVO PAY SCD - PRUDENCIAL,180001,N1,I,3,,,SP,São Paulo,S5,,C0087944,57487987,I
57487987,202506,VIVO PAY SOCIEDADE DE CRÉDITO DIRETO S.A.,180001,N1,I,3,Sociedade de Crédito Direto,,SP,São Paulo,S5,,C0087944,57487987,I
C0084404,202506,VNK SCMEPP - PRUDENCIAL,180001,N1,I,2,,Sociedades de crédito ao Microempreendedor,CE,Fortaleza,S5,,C0084404,20269566,A
20269566,202506,VNK SOCIEDADE DE CRÉDITO AO MICROEMPREENDEDOR E À EMPRESA DE PEQUENO PORTE LTDA.,201409,N1,I,2,Sociedade de Crédito ao Microempreendedor,Sociedades de crédito ao Microempreendedor,CE,Fortaleza,S5,,C0084404,20269566,A
49324619,202506,VOLKSWAGEN LEASING S.A. - ARRENDAMENTO MERCANTIL,197710,N1,I,3,Sociedade de Arrendamento Mercantil,,SP,São Paulo,,,,,I
60935582,202506,VOLVO LEASING ARRENDAMENTO MERCANTIL BRASIL S.A.,198911,N1,I,3,Sociedade de Arrendamento Mercantil,,PR,Curitiba,,,,,I
C0084538,202506,VORTX DTVM - PRUDENCIAL,180001,N1,I,2,,,SP,São Paulo,S4,,C0084538,22610500,A
53385390,202506,VÓRTX SOCIEDADE DE CRÉDITO DIRETO S.A.,202408,N1,I,2,Sociedade de Crédito Direto,,SP,São Paulo,S4,,C0084538,22610500,A
09978225,202506,VR LEASING ARRENDAMENTO MERCANTIL SA,180001,N1,I,2,Sociedade de Arrendamento Mercantil,,SP,Barueri,,,,,I
C0087872,202506,VUON SCD - PRUDENCIAL,180001,N1,I,2,,Sociedade de Crédito Direto,SP,São Paulo,S5,,C0087872,57523215,A
57523215,202506,VUON SOCIEDADE DE CRÉDITO DIRETO S.A.,202407,N1,I,2,Sociedade de Crédito Direto,,SP,São Paulo,S5,,C0087872,57523215,A
23862762,202506,"WILL FINANCEIRA S.A. CRÉDITO, FINANCIAMENTO E INVESTIMENTO",201609,N1,I,2,"Sociedade de Crédito, Financiamento e Investimento","Sociedades de Credito, Financiamento e Investimento",RJ,Rio de Janeiro,S3,,C0080367,33923798,A
C0083584,202506,ZEMA CFI - PRUDENCIAL,180001,N1,I,2,,"Sociedades de Credito, Financiamento e Investimento",MG,Araxá,S4,,C0083584,05351887,A
05351887,202506,"ZEMA CRÉDITO, FINANCIAMENTO E INVESTIMENTO S/A",197701,N1,I,2,"Sociedade de Crédito, Financiamento e Investimento","Sociedades de Credito, Financiamento e Investimento",MG,Araxá,S4,,C0083584,05351887,A
C0085221,202506,ZIPDIN SCD - PRUDENCIAL,180001,N1,I,2,,Sociedade de Crédito Direto,SP,São Paulo,S5,,C0085221,37414009,A
37414009,202506,ZIPDIN SOLUÇÕES DIGITAIS SOCIEDADE DE CRÉDITO DIRETO S/A,202008,N1,I,2,Sociedade de Crédito Direto,Sociedade de Crédito Direto,SP,São Paulo,S5,,C0085221,37414009,A
C0086828,202506,ZM SCD PRUDENCIAL,180001,N1,I,2,,Sociedade de Crédito Direto,GO,Águas Lindas de Goiás,S5,,C0086828,49947715,A
49947715,202506,ZM SOCIEDADE DE CRÉDITO DIRETO S.A.,202304,N1,I,2,Sociedade de Crédito Direto,,GO,Águas Lindas de Goiás,S5,,C0086828,49947715,A
C0087267,202506,Z-ON SCD - PRUDENCIAL,180001,N1,I,2,,Sociedade de Crédito Direto,PR,Curitiba,S5,,C0087267,52586293,A
52586293,202506,Z-ON SOCIEDADE DE CRÉDITO DIRETO S.A.,202409,N1,I,2,Sociedade de Crédito Direto,,PR,Curitiba,S5,,C0087267,52586293,A
76621457,202506,4UM DISTRIBUIDORA DE TÍTULOS E VALORES MOBILIÁRIOS S.A.,196801,N2,I,2,Sociedade Distribuidora de TVM,,PR,Curitiba,S4,,C0080233,14388334,A
08026445,202506,AB CORRETORA DE CAMBIO E VALORES MOBILIARIOS LTDA,197108,N2,I,2,Sociedade Corretora de TVM,,RN,Natal,,,,,I
33888736,202506,ABAETE S/A - DISTRIBUIDORA DE TITULOS E VALORES MOBILIARIOS,196810,N2,I,2,Sociedade Distribuidora de TVM,,SP,São José dos Campos,,,,,I
33817677,202506,ABC BRASIL DISTRIBUIDORA DE TÍTULOS E VALORES MOBILIÁRIOS S.A.,196803,N2,I,3,Sociedade Distribuidora de TVM,,SP,São Paulo,S3,,C0080312,28195667,A
10664027,202506,ABERTURA CORRETORA DE CAMBIO E VALORES MOBILIARIOS LTDA,198607,N2,I,2,Sociedade Corretora de TVM,,PE,Recife,,,,,I
44527444,202506,ABN AMRO CLEARING CORRETORA DE TÍTULOS E VALORES MOBILIÁRIOS LTDA.,202205,N2,I,3,Sociedade Corretora de TVM,,SP,São Paulo,S4,,C0081579,03532415,A
29959251,202506,ABONO - DISTRIBUIDORA DE TÍTULOS E VALORES MOBILIÁRIOS LTDA,197711,N2,I,2,Sociedade Distribuidora de TVM,,SP,São Paulo,,,,,I
33846163,202506,ACAO DISTRIBUIDORA DE TITULOS E VALORES MOBILIARIOS LTDA,196807,N2,I,2,Sociedade Distribuidora de TVM,,RJ,Rio de Janeiro,,,,,I
33819590,202506,ACAO S/A CORRETORA DE VALORES E CAMBIO,196804,N2,I,2,Sociedade Corretora de TVM,,RJ,Rio de Janeiro,,,,,I
61160107,202506,ACEITE - CORRETORA DE CAMBIO E VALORES MOBILIARIOS S/A,196705,N2,I,2,Sociedade Corretora de TVM,,SP,São Paulo,,,,,I
09777391,202506,ACINVEST S.A. - CORRETORA DE CAMBIO E VALORES MOBILIARIOS,180001,N2,I,2,Sociedade Corretora de TVM,,,,,,,,I
87113189,202506,ACIONARIA DISTRIBUIDORA DE TITULOS E VALOR. MOBILIARIOS LTDA,196805,N2,I,2,Sociedade Distribuidora de TVM,,RS,Porto Alegre,,,,,I
C0085977,202506,ACTIVTRADES CCTVM - PRUDENCIAL,180001,N2,I,3,,CTVM DTVM - Outros,SC,Florianópolis,S4,,C0085977,43050917,A
43050917,202506,"ACTIVTRADES CORRETORA DE CÂMBIO, TÍTULOS E VALORES MOBILIÁRIOS LTDA.",202112,N2,I,3,Sociedade Corretora de TVM,CTVM DTVM - Outros,SC,Florianópolis,S4,,C0085977,43050917,A
44782130,202506,ACTUAL DISTRIBUIDORA DE TÍTULOS E VALORES MOBILIÁRIOS S.A.,202308,N2,I,2,Sociedade Distribuidora de TVM,CTVM DTVM - Outros,MG,Belo Horizonte,S4,,C0087243,44782130,A
C0087243,202506,ACTUAL DTVM - PRUDENCIAL,180001,N2,I,2,,CTVM DTVM - Outros,MG,Belo Horizonte,S4,,C0087243,44782130,A
09252636,202506,ADEMAR TAVARES WANDERLEY-CORRETORA DE OPERACOES DE CAMBIO,197010,N2,I,2,Sociedade Corretora de Câmbio,,PB,João Pessoa,,,,,I
09259391,202506,ADEMAR WANDERLEY - CORRETORA DE CAMBIO E VAL. MOBS. LTDA.,198504,N2,I,2,Sociedade Corretora de TVM,,PB,João Pessoa,,,,,I
62348032,202506,ADEMPAR S.A. - DISTRIBUIDORA DE TITULOS E VALORES MOBILIARIOS,196811,N2,I,2,Sociedade Distribuidora de TVM,,SP,São Paulo,,,,,I
62114269,202506,ADFINAN DISTRIBUIDORA DE TITULOS E VALORES MOBILIARIOS LTDA,196805,N2,I,2,Sociedade Distribuidora de TVM,,SP,São Paulo,,,,,I
17355314,202506,ADIPAR - EMPREENDIMENTOS E PARTICIPAÇÕES LTDA.,196908,N2,I,2,Sociedade Distribuidora de TVM,,RJ,Rio de Janeiro,,,,,I
09777390,202506,ADIVEL S.A. - CORRETORA DE VALORES MOBILIARIOS E CAMBIO,180001,N2,I,2,Sociedade Corretora de TVM,,,,,,,,I
35937283,202506,ADOLPHO OLIVEIRA & ASSOCIADOS CORRETORA DE VALORES E CÂMBIO S/A,199001,N2,I,2,Sociedade Corretora de TVM,,RJ,Rio de Janeiro,,,,,I
62179106,202506,ADOLPHO OLIVEIRA & ASSOCIADOS DISTRIBUIDORA DE TITULOS E VALORES MOBILIÁRIOS S/A,196804,N2,I,2,Sociedade Distribuidora de TVM,,RJ,Rio de Janeiro,,,,,I
C0082004,202506,ADVANCED CC LTDA - PRUDENCIAL,180001,N2,I,2,,Corretoras de Câmbio,SP,São Paulo,S5,,C0082004,92856905,A
92856905,202506,ADVANCED CORRETORA DE CÂMBIO LTDA,196705,N2,I,2,Sociedade Corretora de Câmbio,Corretoras de Câmbio,SP,São Paulo,S5,,C0082004,92856905,A
74519752,202506,AGAP DISTRIBUIDORA DE TITS.E VALS. MOBILIARIOS LTDA.,199407,N2,I,2,Sociedade Distribuidora de TVM,,SP,São Paulo,,,,,I
17359571,202506,AGENDA DISTRIBUIDORA DE TITULOS E VALORES MOBILIARIOS LTDA,196809,N2,I,2,Sociedade Distribuidora de TVM,,RJ,Rio de Janeiro,,,,,I
66595083,202506,AGENTE BR SOCIEDADE CORRETORA DE CÂMBIO LTDA.,199112,N2,I,2,Sociedade Corretora de Câmbio,,SP,São Paulo,,,,,I
62325667,202506,AGENTE S/A DISTRIBUIDORA DE TITULOS E VALORES MOBILIARIOS,196908,N2,I,2,Sociedade Distribuidora de TVM,,SP,São Paulo,,,,,I
03882223,202506,AGILIS DISTRIBUIDORA DE TITULOS E VALORES MOBILIARIOS S.A.,200007,N2,I,2,Sociedade Distribuidora de TVM,,SP,São Paulo,,,,,I
C0082035,202506,AGK CC S.A. - PRUDENCIAL,180001,N2,I,2,,Corretoras de Câmbio,SP,São Paulo,S4,,C0082035,00250699,A
00250699,202506,AGK CORRETORA DE CAMBIO S.A.,199501,N2,I,2,Sociedade Corretora de Câmbio,Corretoras de Câmbio,SP,São Paulo,S4,,C0082035,00250699,A
26027326,202506,"AGM S.A. CORRETORA DE CÂMBIO, TÍTULOS E VALORES MOBILIÁRIOS",198910,N2,I,2,Sociedade Corretora de TVM,,MG,Belo Horizonte,,,,,I
74014747,202506,ÁGORA CORRETORA DE TITULOS E VALORES MOBILIARIOS S.A.,199401,N2,I,2,Sociedade Corretora de TVM,,SP,Osasco,S1,,C0080075,60746948,A
20155420,202506,AGRIMISA DTVM S.A.,196809,N2,I,2,Sociedade Distribuidora de TVM,,MG,Belo Horizonte,,,,,I
00397331,202506,AGROBANCO CORRETORA DE VALORES MOBILIÁRIOS E CÂMBIO S/A,197507,N2,I,2,Sociedade Corretora de TVM,,GO,Goiânia,,,,,I
49945272,202506,AGUIAR CORRETORA DE CAMBIO LTDA.,197805,N2,I,2,Sociedade Corretora de Câmbio,,SP,Santos,,,,,I
05452073,202506,ALBATROSS CORRETORA DE CAMBIO E VALORES S.A,197507,N2,I,2,Sociedade Corretora de TVM,,SP,São Paulo,S4,,,,LO
07315922,202506,ALCANTARA CORRETORA DE CAMBIO E VALORES MOBILIARIOS LTDA,198403,N2,I,2,Sociedade Corretora de TVM,,MA,São Luís,,,,,I
62178421,202506,ALFA CORRETORA DE CAMBIO E VALORES MOBILIARIOS S.A.,196807,N2,I,2,Sociedade Corretora de TVM,,SP,São Paulo,S2,,C0080109,58160789,A
62255880,202506,ALIANCA DISTRIBUIDORA DE TITULOS E VALORES MOBILIARIOS LTDA,196810,N2,I,2,Sociedade Distribuidora de TVM,,SP,São Paulo,,,,,I
92748433,202506,ALMEIDA DISTRIBUIDORA DE TITULOS E VALORES MOBILIARIOS LTDA.,196806,N2,I,2,Sociedade Distribuidora de TVM,,PR,Curitiba,,,,,I
33739491,202506,ALMEIDA E SILVA S.A. CORRETORA DE TITULOS E VALORES MOBILIARIOS,196707,N2,I,2,Sociedade Corretora de TVM,,RJ,Rio de Janeiro,,,,,I
62815758,202506,ALPAR S/A DISTRIBUIDORA DE TITULOS E VALORES MOBILIARIOS,197012,N2,I,2,Sociedade Distribuidora de TVM,,SP,São Paulo,,,,,I
03882245,202506,"ALPES CORRETORA DE CÂMBIO, TITULOS E VALORES MOBILIÁRIOS LTDA",200012,N2,I,2,Sociedade Corretora de TVM,,SP,São Paulo,,,,,I
84709781,202506,ALPHA - DISTRIBUIDORA DE TITULOS E VALORES MOBILIARIOS LTDA,196811,N2,I,2,Sociedade Distribuidora de TVM,,SC,Joinville,,,,,I
17320136,202506,ALTEROSA - CORRETORA DE VALORES S/A,196708,N2,I,2,Sociedade Corretora de TVM,,MG,Belo Horizonte,,,,,I
72737281,202506,ALVEAR DISTRIBUIDORA DE TITULOS E VALORES MOBILIARIOS LTDA,199311,N2,I,2,Sociedade Distribuidora de TVM,,SP,Barueri,,,,,I
85010361,202506,ALVES FERREIRA ASSESSORIA FINANCEIRA LTDA,199205,N2,I,2,Sociedade Corretora de Câmbio,,PR,Curitiba,,,,,I
75724195,202506,ALVES MEYER CORRETORA DE TITULOS LTDA,198111,N2,I,2,Sociedade Corretora de TVM,,PR,Curitiba,,,,,I
01721118,202506,ALVORADA DISTRIBUIDORA DE TITULOS E VALORES MOBILIARIOS S.A.,199702,N2,I,3,Sociedade Distribuidora de TVM,,SP,Osasco,,,,,I
62523238,202506,ALVORADA S.A. DISTRIBUIDORA DE TITULOS E VALORES MOBILIÁRIOS,196903,N2,I,2,Sociedade Distribuidora de TVM,,SP,São Paulo,,,,,I
17312661,202506,AMARIL FRANKLIN CORRETORA DE TÍTULOS E VALORES LTDA,196708,N2,I,2,Sociedade Corretora de TVM,CTVM DTVM - Câmbio,MG,Belo Horizonte,S4,,C0082516,17312661,A
C0082516,202506,AMARIL FRANKLIN CTV LTDA - PRUDENCIAL,180001,N2,I,2,,CTVM DTVM - Câmbio,MG,Belo Horizonte,S4,,C0082516,17312661,A
17349564,202506,AMBAR DISTRIBUIDORA DE TITULOS E VALORES MOBILIARIOS LTDA,196807,N2,I,2,Sociedade Distribuidora de TVM,,MG,Belo Horizonte,,,,,I
17342569,202506,AMERICA DISTTRIBUIDORA DE TITULOS E VALORES MOBILIARIOS LTDA,196803,N2,I,2,Sociedade Distribuidora de TVM,,MG,Belo Horizonte,,,,,I
17361908,202506,AMERICANA S/A DISTRIBUIDORA DE TITULOS E VALORES MOBILIARIOS,196809,N2,I,2,Sociedade Distribuidora de TVM,,SP,São Paulo,,,,,I
61767281,202506,ANCORA S/A CORRETORA DE CAMBIO E VALORES MOBILIARIOS,196706,N2,I,2,Sociedade Corretora de TVM,,SP,São Paulo,,,,,I
64587702,202506,ANCURY DISTRIBUIDORA DE TITULOS E VALORES MOBILIARIOS LTDA,199101,N2,I,2,Sociedade Distribuidora de TVM,,SP,São Paulo,,,,,I
67600379,202506,ANDBANK DISTRIBUIDORA DE TÍTULOS E VALORES MOBILIÁRIOS LTDA.,199207,N2,I,3,Sociedade Distribuidora de TVM,,SP,São Paulo,S4,,C0081256,48795256,A
27847326,202506,ANGRA DISTRIBUIDORA DE TITULOS E VALORES MOBILIARIOS LTDA.,198212,N2,I,2,Sociedade Distribuidora de TVM,,RJ,Rio de Janeiro,,,,,I
62185426,202506,ANTONIO ARY AVANCINI MENDES INTERMEDIADOR TITULOS VALS MOBS,196804,N2,I,2,Sociedade Distribuidora de TVM,,SP,São Paulo,,,,,I
92666494,202506,ANTONIO DELAPIEVE S/A CORRETORA DE CAMBIO E VALORES MOBIL.,196711,N2,I,2,Sociedade Corretora de TVM,,RS,Porto Alegre,,,,,I
33433780,202506,ANTONIO RUSSO DISTRIBUIDOR DE TITULOS E VALORES MOBILIARIOS,196802,N2,I,2,Sociedade Distribuidora de TVM,,RJ,Rio de Janeiro,,,,,I
00312678,202506,APA DISTRIBUIDORA DE TITULOS E VALORES MOBILIARIOS LTDA,196910,N2,I,2,Sociedade Distribuidora de TVM,,DF,Brasília,,,,,I
39133129,202506,APAR-DISTRIBUIDORA DE TIT E VALORES MOBILIARIOS LTDA,199104,N2,I,2,Sociedade Distribuidora de TVM,,SP,São Paulo,,,,,I
62549068,202506,APICE - DISTRIBUIDORA DE TITULOS E VALORES MOBILIARIOS LTDA,196810,N2,I,2,Sociedade Distribuidora de TVM,,SP,Santos,,,,,I
36210052,202506,APLICAP S.A. CORRETORA DE VALORES MOBILIARIOS,199008,N2,I,2,Sociedade Corretora de TVM,,RJ,Rio de Janeiro,,,,,LO
51664266,202506,APLIK S/A DISTRIBUIDORA DE TITULOS E VALORES MOBILIARIOS,196806,N2,I,2,Sociedade Distribuidora de TVM,,RJ,Rio de Janeiro,,,,,I
62017041,202506,APOLICE DISTRIBUIDORA DE TITULOS E VALORES MOBILIARIOS LTDA.,196801,N2,I,2,Sociedade Distribuidora de TVM,,SP,São Paulo,,,,,I
09777389,202506,ARAGAO E MATTAR DISTRIBUIDORA DE TITULOS E VALORES MOBILIARIOS LTDA,180001,N2,I,2,Sociedade Distribuidora de TVM,,,,,,,,I
10999563,202506,ARATU CORRETORA DE CAMBIO TITULOS E VALORES MOBILIARIOS S/A,197001,N2,I,2,Sociedade Corretora de TVM,,PE,Recife,,,,,I
81742017,202506,"ARAUCARIA CORRETORA DE CAMBIO,TITULOS E VALORES MOBILARIOS S.A.",199002,N2,I,2,Sociedade Corretora de TVM,,PR,Curitiba,,,,,I
C0082066,202506,ARC CORRETORA CAMBIO S.A. - PRUDENCIAL,180001,N2,I,2,,Corretoras de Câmbio,SP,Santos,S4,,C0082066,04684647,A
04684647,202506,"ARC CORRETORA DE CAMBIO, ASSOCIADOS GOUVEIA, CAMPEDELLI S.A.",200110,N2,I,2,Sociedade Corretora de Câmbio,Corretoras de Câmbio,SP,Santos,S4,,C0082066,04684647,A
31485816,202506,ARCO-DISTRIBUIDORA DE TITULOS E VALORES MOBILIARIOS LTDA,198706,N2,I,2,Sociedade Distribuidora de TVM,,RJ,Rio de Janeiro,,,,,I
33829086,202506,ARGOS CORRETORA DE CÂMBIO E VALORES MOBILIÁRIOS S/A,196803,N2,I,2,Sociedade Corretora de TVM,,RJ,Rio de Janeiro,,,,,A
33756370,202506,"ARIJU S/A CORRETORA DE CAMBIO, TITULOS E VALORES MOBILIARIOS",196709,N2,I,2,Sociedade Corretora de TVM,,RJ,Rio de Janeiro,,,,,I
55359533,202506,ARJEL DISTRIBUIDORA DE TITULOS E VALORES MOBILIARIOS LTDA,196806,N2,I,2,Sociedade Distribuidora de TVM,,RJ,Rio de Janeiro,,,,,F
03816975,202506,ARKHE DISTRIBUIDORA DE TÍTULOS E VALORES MOBILIÁRIOS S.A.,200006,N2,I,3,Sociedade Distribuidora de TVM,,RJ,Rio de Janeiro,,,,,I
03449895,202506,ARROW DISTRIBUIDORA DE TITULOS E VALORES MOBILIARIOS S/A,199911,N2,I,2,Sociedade Distribuidora de TVM,,PA,Belém,,,,,I
17338450,202506,ASTRA DISTRIBUIDORA DE TITULOS E VALORES MOBILIARIOS LTDA,196804,N2,I,2,Sociedade Distribuidora de TVM,,RJ,Rio de Janeiro,,,,,I
09777388,202506,ATB APLICACOES TECNICAS BRASILEIRAS DISTRIBUIDORES ASSOCIADOS DE T.V.M. LTDA,180001,N2,I,2,Sociedade Distribuidora de TVM,,,,,,,,I
09777387,202506,ATB S.A. CORRETORA DE CAMBIO E VALORES MOBILIARIOS,180001,N2,I,2,Sociedade Corretora de TVM,,,,,,,,I
13074513,202506,ATHENAS - CORRETORA DE CAMBIO E VALORES MOBILIARIOS LTDA,197111,N2,I,2,Sociedade Corretora de TVM,,SE,Aracaju,,,,,I
33775974,202506,"ATIVA INVESTIMENTOS S.A. CORRETORA DE TÍTULOS, CÂMBIO E VALORES",196711,N2,I,2,Sociedade Corretora de TVM,CTVM DTVM - Bolsa,RJ,Rio de Janeiro,S4,,C0082547,33775974,A
C0082547,202506,ATIVA S.A. CTCV - PRUDENCIAL,180001,N2,I,2,,CTVM DTVM - Bolsa,RJ,Rio de Janeiro,S4,,C0082547,33775974,A
96172069,202506,ATIVAÇÃO DISTRIBUIDORA DE TÍTULOS E VALORES MOBILIÁRIOS LTDA,199303,N2,I,2,Sociedade Distribuidora de TVM,,SP,São Paulo,,,,,I
92875905,202506,ATIVAL DISTRIBUIDORA DE TITULOS E VALORES MOBILIARIOS LTDA,196802,N2,I,2,Sociedade Distribuidora de TVM,,RS,Porto Alegre,,,,,I
40425498,202506,ATLANTICA CORRETORA DE TITULOS E VALORES MOBILIARIOS LTDA,199204,N2,I,2,Sociedade Corretora de TVM,,RJ,Rio de Janeiro,,,,,I
09777386,202506,ATLANTICO DISTRIBUIDORA DE TITULOS E VALORES MOBILIARIOS LTDA,180001,N2,I,2,Sociedade Distribuidora de TVM,,,,,,,,I
33839838,202506,ATLANTICTUR DISTRIBUIDORA DE TÍTULOS E VALORES MOBILIÁRIOS LTDA,196808,N2,I,2,Sociedade Distribuidora de TVM,,RJ,Rio de Janeiro,,,,,I
40192734,202506,ATLANTIS S.A. CORRETORA DE CAMBIO TITULOS E VALORES MOBIL.,199103,N2,I,2,Sociedade Corretora de TVM,,RJ,Rio de Janeiro,,,,,I
62122718,202506,ATRIUM S/A DISTRIBUIDORA DE TÍTULOS E VALORES MOBILIÁRIOS,196804,N2,I,2,Sociedade Distribuidora de TVM,,SP,São Paulo,,,,,I
C0087858,202506,ATUAL CC - PRUDENCIAL,180001,N2,I,2,,Corretoras de Câmbio,SP,Sorocaba,S4,,C0087858,44323831,A
44323831,202506,ATUAL CORRETORA DE CÂMBIO LTDA.,202410,N2,I,2,Sociedade Corretora de Câmbio,Corretoras de Câmbio,SP,Sorocaba,S4,,C0087858,44323831,A
62176953,202506,AUDI S/A CORRETORA DE CAMBIO E VALORES MOBILIARIOS,196711,N2,I,2,Sociedade Corretora de TVM,,SP,São Paulo,,,,,I
60849585,202506,AUDI S/A DISTRIBUIDORA DE TITULOS E VALORES MOBILIARIOS,196802,N2,I,2,Sociedade Distribuidora de TVM,,SP,São Paulo,,,,,I
61099503,202506,AUREA - DISTRIBUIDORA DE TITULOS E VALORES MOBILIARIOS LTDA,196804,N2,I,2,Sociedade Distribuidora de TVM,,SP,São Paulo,,,,,I
72297500,202506,AUREA DISTRIBUIDORA DE TITULOS E VALORES MOBILIARIOS LTDA,196802,N2,I,2,Sociedade Distribuidora de TVM,,RJ,Rio de Janeiro,,,,,I
92860410,202506,AUREA SUL CORRETORA DE TITULOS E VALORES MOBILIARIOS LTDA,196709,N2,I,2,Sociedade Corretora de TVM,,RS,Porto Alegre,,,,,I
60991023,202506,AVAL S/A CORRETORA DE CAMBIO E VALORES MOBILIARIOS,196805,N2,I,2,Sociedade Corretora de TVM,,PE,Recife,,,,,I
76613561,202506,AVALPAR SOCIEDADE CORRETORA DE VALORES MOBILIARIOS LTDA,196708,N2,I,2,Sociedade Corretora de TVM,,PR,Curitiba,,,,,I
C0088008,202506,AVENUE SECURITIES BI - PRUDENCIAL,180001,N2,I,2,,,SP,São Paulo,S4,,C0088008,61384004,A
61384004,202506,AVENUE SECURITIES DISTRIBUIDORA DE TÍTULOS E VALORES MOBILIÁRIOS LTDA.,198909,N2,I,2,Sociedade Distribuidora de TVM,,SP,São Paulo,S4,,C0088008,61384004,A
C0082042,202506,AVIPAM CC LTDA. - PRUDENCIAL,180001,N2,I,2,,Corretoras de Câmbio,RJ,Rio de Janeiro,S4,,C0082042,03443143,A
03443143,202506,AVIPAM CORRETORA DE CAMBIO LTDA,199908,N2,I,2,Sociedade Corretora de Câmbio,Corretoras de Câmbio,RJ,Rio de Janeiro,S4,,C0082042,03443143,A
C0084590,202506,AVS CORRETORA DE CÂMBIO LTDA - PRUDENCIAL,180001,N2,I,2,,Corretoras de Câmbio,PR,Curitiba,S5,,C0084590,25280945,A
25280945,202506,AVS CORRETORA DE CÂMBIO LTDA.,201609,N2,I,2,Sociedade Corretora de Câmbio,Corretoras de Câmbio,PR,Curitiba,S5,,C0084590,25280945,A
12319489,202506,AZEVEDO CORRETORES DE CAMBIO TITULOS E VALORES MOBIL. LTDA,197010,N2,I,2,Sociedade Corretora de TVM,,AL,Maceió,,,,,I
18684408,202506,AZIMUT BRASIL DISTRIBUIDORA DE TÍTULOS E VALORES MOBILIÁRIOS LTDA,201309,N2,I,3,Sociedade Distribuidora de TVM,CTVM DTVM - Distribuidor de Fundos,SP,São Paulo,S4,,C0084325,18684408,A
C0084325,202506,AZIMUT BRASIL DTVM - PRUDENCIAL,180001,N2,I,3,,CTVM DTVM - Distribuidor de Fundos,SP,São Paulo,S4,,C0084325,18684408,A
40434681,202506,AZUMI DISTRIBUIDORA DE TÍTULOS E VALORES MOBILIÁRIOS LTDA.,202104,N2,I,2,Sociedade Distribuidora de TVM,CTVM DTVM - Administrador Fiduciário,SP,São Paulo,S4,,C0085719,40434681,A
C0085719,202506,AZUMI DTVM PRUDENCIAL,180001,N2,I,2,,CTVM DTVM - Administrador Fiduciário,SP,São Paulo,S4,,C0085719,40434681,A
08425613,202506,B. F. BARROS - CORRETORA DE VALORES E CAMBIO,196801,N2,I,2,Sociedade Corretora de TVM,,RN,Natal,,,,,I
15232648,202506,BAHIA LUCRO CORRETORA DE CAMBIO E TITULOS MOBILIARIOS LTDA,196809,N2,I,2,Sociedade Corretora de TVM,,BA,Salvador,,,,,I
76484567,202506,BAMERINDUS S/A DISTRIBUIDORA DE TITULOS VALORES MOBILIARIOS,196806,N2,I,2,Sociedade Distribuidora de TVM,,PR,Curitiba,,,,,I
61819652,202506,BANCOCIDADE - CORRETORA DE VALORES MOBILIÁRIOS E DE CÂMBIO LTDA,196707,N2,I,2,Sociedade Corretora de TVM,,SP,São Paulo,,,,,I
62237821,202506,BANCOCIDADE - DISTRIBUIDORA DE TÍTULOS E VALORES MOBILIÁRIOS LTDA,196808,N2,I,2,Sociedade Distribuidora de TVM,,SP,São Paulo,,,,,I
33868936,202506,BANCOR DISTRIBUIDORA DE TITULOS E VALORES MOBILIARIOS LTDA,196810,N2,I,2,Sociedade Distribuidora de TVM,,RJ,Rio de Janeiro,,,,,I
61754644,202506,BANDEIRANTES CORRETORA DE CAMBIO E VALORES MOBILIARIOS S/A,196707,N2,I,2,Sociedade Corretora de TVM,,SP,São Paulo,,,,,I
17346891,202506,BANDEIRANTES DISTRIBUIDORA DE TITULOS E VAL MOBILIARIOS S/A,196805,N2,I,2,Sociedade Distribuidora de TVM,,SP,São Paulo,,,,,I
15221633,202506,BANEB CORRETORA DE CAMBIO E VALORES MOBILIARIOS S/A,196805,N2,I,2,Sociedade Corretora de TVM,,BA,Salvador,,,,,I
16470973,202506,BANESE - DISTRIBUIDORA DE TITS. E VALORES MOBILIARIOS S/A,198811,N2,I,2,Sociedade Distribuidora de TVM,,SE,Aracaju,,,,,I
62152301,202506,BANESPA S/A DISTRIBUIDORA DE TITULOS E VALORES MOBILIARIOS,196805,N2,I,2,Sociedade Distribuidora de TVM,,SP,São Paulo,,,,,I
76550714,202506,BANESTADO CORRETORA DE VALORES MOBILIARIOS S.A.,196806,N2,I,2,Sociedade Corretora de TVM,,SP,São Paulo,,,,,I
28156057,202506,BANESTES DISTRIBUIDORA DE TITULOS E VALORES MOBILIARIOS S/A,196805,N2,I,1,Sociedade Distribuidora de TVM,,ES,Vitória,S3,,C0080147,28127603,A
35780063,202506,BANK OF AMERICA S.A. CORRETORA DE CÂMBIO E VALORES MOBILIÁRIOS,198908,N2,I,3,Sociedade Corretora de TVM,,SP,São Paulo,,,,,I
09793746,202506,BANORTE CORRETORA DE VALORES MOBILIARIOS S.A.,197111,N2,I,2,Sociedade Corretora de TVM,,PE,Recife,,,,,I
10972057,202506,BANORTE DISTRIBUIDORA DE TITULOS E VALORES MOBILIARIOS S/A,196809,N2,I,2,Sociedade Distribuidora de TVM,,PE,Recife,,,,,I
62350855,202506,BANQUEIROZ DISTRIBUIDORA DE TÍTULOS E VALORES MOBILIÁRIOS LTDA,196811,N2,I,2,Sociedade Distribuidora de TVM,,SP,São Paulo,,,,,I
93026847,202506,BANRISUL S/A - CORRETORA DE VALORES MOBILIARIOS E CAMBIO,197107,N2,I,1,Sociedade Corretora de TVM,,RS,Porto Alegre,S2,,C0080154,92702067,A
11031473,202506,BANTRIAL - CORRETORA DE TITULOS E VALORES MOBILIARIOS LTDA.,197010,N2,I,2,Sociedade Corretora de TVM,,PE,Recife,,,,,I
02671743,202506,BANVOX DISTRIBUIDORA DE TÍTULOS E VALORES MOBILIÁRIOS LTDA,199811,N2,I,2,Sociedade Distribuidora de TVM,CTVM DTVM - Administrador Fiduciário,SP,São Paulo,S4,,C0086354,67030395,A
11634773,202506,BARCLAYS CORRETORA DE TÍTULOS E VALORES MOBILIÁRIOS S.A.,201004,N2,I,3,Sociedade Corretora de TVM,,SP,São Paulo,,,,,I
33822255,202506,BARTY CORRETORA DE CAMBIO E TITULOS MOBILIARIOS S/A,196803,N2,I,2,Sociedade Corretora de TVM,,RJ,Rio de Janeiro,,,,,I
58006471,202506,BARU DISTRIBUIDORA DE TÍTULOS E VALORES MOBILIÁRIOS LTDA.,180001,N2,I,2,Sociedade Distribuidora de TVM,,RS,Porto Alegre,S4,,C0085805,42723848,I
62035506,202506,BASE - DISTRIBUIDORA DE TITULOS E VALORES MOBILIARIOS LTDA,196802,N2,I,2,Sociedade Distribuidora de TVM,,RJ,Rio de Janeiro,,,,,I
33840125,202506,BATTISTELLA DISTRIBUIDORA DE TITULOS E VALORES MOBS.LTDA,196806,N2,I,2,Sociedade Distribuidora de TVM,,SP,São Paulo,,,,,I
83044057,202506,BATTISTELLA SOC. CORRETORA VALORES MOBILIARIOS E CAMBIO LTDA,197512,N2,I,2,Sociedade Corretora de TVM,,RS,Canoas,,,,,I
30822936,202506,BB GESTÃO DE RECURSOS - DISTRIBUIDORA DE TÍTULOS E VALORES MOBILIÁRIOS S.A.,198607,N2,I,1,Sociedade Distribuidora de TVM,,DF,Brasília,S1,,C0080329,00000000,A
62338421,202506,BBA METAIS DISTRIBUIDORA DE TITULOS E VALORES MOBILIARIOS SA,196807,N2,I,2,Sociedade Distribuidora de TVM,,SP,São Paulo,,,,,I
62214648,202506,BBC DISTRIBUIDORA DE TITULOS E VALORES MOBILIARIOS LTDA.,196808,N2,I,2,Sociedade Distribuidora de TVM,,GO,Goiânia,,,,,I
33854134,202506,BBG DISTRIBUIDORA DE TITULOS E VALORES MOBILIARIOS S.A.,196805,N2,I,3,Sociedade Distribuidora de TVM,,SP,São Paulo,,,,,I
09978158,202506,BBM DISTRIBUIDORA DE TITULOS E VALORES MOBILIARIOS S/A,198709,N2,I,2,Sociedade Distribuidora de TVM,,RJ,Rio de Janeiro,,,,,I
61923504,202506,BBV CORRETORA DE CAMBIO E VALORES MOBILIARIOS LTDA,196708,N2,I,3,Sociedade Corretora de TVM,,SP,São Paulo,,,,,I
45022548,202506,BBV DISTRIBUIDORA DE TITULOS E VALORES MOBILIARIOS S.A.,196810,N2,I,3,Sociedade Distribuidora de TVM,,SP,São Paulo,,,,,I
61859724,202506,BCN CORRETORA DE TÍTULOS E VALORES MOBILIÁRIOS S.A.,196801,N2,I,3,Sociedade Corretora de TVM,,SP,São Paulo,,,,,I
58229360,202506,BCN S.A. DISTRIBUIDORA DE TITULOS E VALORES MOBILIARIOS,196806,N2,I,2,Sociedade Distribuidora de TVM,,SP,São Paulo,,,,,I
54541468,202506,BCP SECURITIES DISTRIBUIDORA DE TÍTULOS E VALORES MOBILIÁRIOS LTDA.,202404,N2,I,3,Sociedade Distribuidora de TVM,,RJ,Rio de Janeiro,S4,,C0087418,54541468,A
C0087418,202506,BCP SECURITIES DTVM - PRUDENCIAL,180001,N2,I,3,,,RJ,Rio de Janeiro,S4,,C0087418,54541468,A
92758283,202506,BCR - DISTRIBUIDORA DE TITULOS E VALORES MOBILIARIOS LTDA.,198912,N2,I,2,Sociedade Distribuidora de TVM,,RS,Porto Alegre,,,,,I
61732954,202506,BCV - CORRETORA DE CÂMBIO E VALORES MOBILIÁRIOS S/A. - EM LIQUIDACAO,198910,N2,I,2,Sociedade Corretora de TVM,,SP,São Paulo,,,,,I
07299480,202506,BEC DISTRIBUIDORA DE TITULOS E VALORES MOBILIARIOS LTDA.,196809,N2,I,2,Sociedade Distribuidora de TVM,,SP,Osasco,S1,,C0080075,60746948,A
02665602,202506,BEG - DISTRIBUIDORA DE TITULOS E VALORES MOBILIARIOS S/A,197909,N2,I,2,Sociedade Distribuidora de TVM,,SP,São Paulo,,,,,I
15210834,202506,BEHRMANN CORRETORA DE CAMBIO E VALORES MOBILIARIOS LTDA,196805,N2,I,2,Sociedade Corretora de TVM,,BA,Salvador,,,,,I
04798823,202506,"BELAUTO-CORRETORA DE CAMBIO,TITS.E VALS.MOBILIARIOS LTDA",197112,N2,I,2,Sociedade Corretora de TVM,,PA,Belém,,,,,I
00066670,202506,BEM - DISTRIBUIDORA DE TITULOS E VALORES MOBILIARIOS LTDA,196805,N2,I,2,Sociedade Distribuidora de TVM,,SP,Osasco,S1,,C0080075,60746948,A
33668591,202506,BEMAT S.A. DISTRIBUIDORA DE TITULOS E VALORES MOBILIARIOS,199002,N2,I,2,Sociedade Distribuidora de TVM,,MT,Cuiabá,,,,,I
62231352,202506,BENSVAL DISTRIBUIDORA DE TITULOS E VALORES MOBILIARIOS S/A,196806,N2,I,2,Sociedade Distribuidora de TVM,,SP,São Paulo,,,,,I
12319976,202506,BERARD- CORRETORA DE CAMBIO E VALORES MOBILIARIOS LTDA,197009,N2,I,2,Sociedade Corretora de TVM,,AL,Maceió,,,,,I
83043372,202506,"BESC S/A - CORRETORA DE TITULOS, VALORES E CAMBIO-BESCAM",197508,N2,I,2,Sociedade Corretora de TVM,,SC,Florianópolis,,,,,I
82518523,202506,BESC-DISTRIBUIDORA DE TITULOS E VALORES MOBILIARIOS SA-BESCVAL,196805,N2,I,1,Sociedade Distribuidora de TVM,,SC,Florianópolis,S1,,,,I
33837568,202506,BETA CORRETORA DE CAMBIO E VALORES MOBILIÁRIOS S/A,196806,N2,I,2,Sociedade Corretora de TVM,,RJ,Rio de Janeiro,,,,,I
57977928,202506,BFI-DISTRIBUIDORA DE TÍTULOS E VALORES MOBILIÁRIOS S.A.,198711,N2,I,2,Sociedade Distribuidora de TVM,,SP,São Paulo,,,,,I
33862244,202506,BGC LIQUIDEZ DISTRIBUIDORA DE TÍTULOS E VALORES MOBILIÁRIOS LTDA,196812,N2,I,3,Sociedade Distribuidora de TVM,CTVM DTVM - Bolsa,RJ,Rio de Janeiro,S4,,C0084033,33862244,A
C0084033,202506,BGC LIQUIDEZ DTVM LTDA - PRUDENCIAL,180001,N2,I,3,,CTVM DTVM - Bolsa,RJ,Rio de Janeiro,S4,,C0084033,33862244,A
71289359,202506,BH-DISTRIBUIDORA DE TITULOS E VALORES MOBILIARIOS LTDA,199308,N2,I,2,Sociedade Distribuidora de TVM,,MG,Belo Horizonte,,,,,I
82657578,202506,BLUVAL DISTRIBUIDORA DE TITULOS E VALORES MOBILIARIOS LTDA,196807,N2,I,2,Sociedade Distribuidora de TVM,,SC,Blumenau,,,,,I
04163016,202506,BMC ASSET MANAGEMENT - DISTRIBUIDORA DE TÍTULOS E VALORES MOBILIÁRIOS LTDA.,200012,N2,I,2,Sociedade Distribuidora de TVM,,SP,Osasco,,,,,I
21146311,202506,BMG DISTRIBUIDORA DE TITULOS E VALORES MOBILIARIOS LTDA,197911,N2,I,2,Sociedade Distribuidora de TVM,,MG,Belo Horizonte,,,,,I
08030215,202506,BMG S.A. DISTRIBUIDORA DE TÍTULOS E VALORES MOBILIÁRIOS,197112,N2,I,2,Sociedade Distribuidora de TVM,,SP,São Paulo,S3,,C0080178,61186680,A
02201501,202506,BNY MELLON SERVIÇOS FINANCEIROS DISTRIBUIDORA DE TÍTULOS E VALORES MOBILIÁRIOS S.A.,199806,N2,I,3,Sociedade Distribuidora de TVM,,RJ,Rio de Janeiro,S4,,C0080910,42272526,A
C0082080,202506,BOA VIAGEM SCC LTDA. - PRUDENCIAL,180001,N2,I,2,,Corretoras de Câmbio,PE,Recife,S4,,C0082080,06373777,A
06373777,202506,BOA VIAGEM SOCIEDADE CORRETORA DE CÂMBIO LTDA.,200412,N2,I,2,Sociedade Corretora de Câmbio,Corretoras de Câmbio,PE,Recife,S4,,C0082080,06373777,A
58497728,202506,BOASAFRA DISTRIBUIDORA DE TIT. E VALORES MOBILIARIOS LTDA.,198801,N2,I,2,Sociedade Distribuidora de TVM,,SP,São Paulo,,,,,I
33932138,202506,BOAVISTA S/A DISTRIBUIDORA DE TITULOS E VALORES MOBILIARIOS,196904,N2,I,2,Sociedade Distribuidora de TVM,,SP,São Paulo,,,,,I
69720894,202506,BOC BRASIL DISTRIBUIDORA DE TÍTULOS E VALORES MOBILIÁRIOS S/A,199303,N2,I,3,Sociedade Distribuidora de TVM,,SP,São Paulo,S3,,C0080295,07450604,A
15213150,202506,BOCOM BBM CORRETORA DE CÂMBIO E VALORES MOBILIÁRIOS S.A.,196709,N2,I,3,Sociedade Corretora de TVM,,BA,Salvador,S3,,C0084624,15114366,A
01285394,202506,BOM NEGOCIO DISTRIBUIDORA TITULOS E VALORES MOBILIARIOS LTDA,196804,N2,I,2,Sociedade Distribuidora de TVM,,GO,Goiânia,,,,,I
33695586,202506,BONUS - SOCIEDADE CORRETORA DE TITULOS LTDA,196706,N2,I,2,Sociedade Corretora de TVM,,RJ,Rio de Janeiro,,,,,I
03486833,202506,BONUS CORRETORA DE CAMBIO LTDA,199912,N2,I,2,Sociedade Corretora de Câmbio,,RJ,Rio de Janeiro,,,,,I
35929132,202506,BOREAL S/A CORRETORA DE VALORES E CAMBIO,199001,N2,I,2,Sociedade Corretora de TVM,,RJ,Rio de Janeiro,,,,,I
33817891,202506,"BOZANO, SIMONSEN S/A DISTRIBUIDORA DE TIT E VAL. MOBILIARIOS",196809,N2,I,2,Sociedade Distribuidora de TVM,,RJ,Rio de Janeiro,,,,,I
C0084765,202506,BPY CCTVM - PRUDENCIAL,180001,N2,I,2,,CTVM DTVM - Câmbio,SP,São Paulo,S4,,C0084765,27842177,A
27842177,202506,"BPY CORRETORA DE CÂMBIO, TÍTULOS E VALORES MOBILIÁRIOS S.A.",201712,N2,I,2,Sociedade Corretora de TVM,CTVM DTVM - Câmbio,SP,São Paulo,S4,,C0084765,27842177,A
61855045,202506,BRADESCO S.A. CORRETORA DE TITULOS E VALORES MOBILIARIOS,196708,N2,I,2,Sociedade Corretora de TVM,,SP,Osasco,S1,,C0080075,60746948,A
34267203,202506,BRADESCO S/A DISTRIBUIDORA DE TITULOS E VALORES MOBILIARIOS,196806,N2,I,2,Sociedade Distribuidora de TVM,,SP,São Paulo,,,,,I
58229246,202506,BRADESCO-KIRTON CORRETORA DE CÂMBIO S.A.,196809,N2,I,2,Sociedade Corretora de Câmbio,,SP,Osasco,S1,,C0080075,60746948,A
62375134,202506,BRAM - BRADESCO ASSET MANAGEMENT S.A. DISTRIBUIDORA DE TÍTULOS E VALORES MOBILIÁRIOS,196810,N2,I,2,Sociedade Distribuidora de TVM,,SP,São Paulo,S1,,,,I
69249449,202506,BRASBANCO DISTRIBUIDORA DE TÍTULOS E VALORES MOBILIÁRIOS LTDA - EM LIQUIDAÇÃO ORDINÁRIA,199301,N2,I,2,Sociedade Distribuidora de TVM,,SP,São Paulo,,,,,I
62421706,202506,BRASCORP DISTRIBUIDORA DE TITULOS E VALORES MOBILIARIOS LTDA,196812,N2,I,2,Sociedade Distribuidora de TVM,,SP,São Paulo,,,,,I
28154987,202506,BRASCRED - DISTRIBUIDORA DE TÍTULOS E VALORES MOBILIÁRIOS S/A,196810,N2,I,2,Sociedade Distribuidora de TVM,,ES,Vitória,,,,,I
00441527,202506,BRASILIA SOC CORRETORA DE TITULOS VALORES MOB E CAMBIO LTDA,197507,N2,I,2,Sociedade Corretora de TVM,,DF,Brasília,,,,,I
17357211,202506,BRASMINAS - SOC DISTRIBUIDORA DE TITULOS E VALORES MOB. LTDA,196810,N2,I,2,Sociedade Distribuidora de TVM,,MG,Belo Horizonte,,,,,I
21594932,202506,BRASVAL DISTRIBUIDORA DE TITULOS E VALORES MOBILIARIOS LTDA,196809,N2,I,2,Sociedade Distribuidora de TVM,,SP,São Paulo,,,,,I
53362554,202506,BRASVAL-CORRETORA DE VALORES LTDA,198402,N2,I,2,Sociedade Corretora de TVM,,SP,São Paulo,,,,,I
33850686,202506,BRB - DISTRIBUIDORA DE TITULOS E VALORES MOBILIARIOS SA,196805,N2,I,1,Sociedade Distribuidora de TVM,,DF,Brasília,S3,,C0080288,00000208,A
44077014,202506,BR-CAPITAL DISTRIBUIDORA DE TÍTULOS E VALORES MOBILIÁRIOS S.A.,196807,N2,I,2,Sociedade Distribuidora de TVM,CTVM DTVM - Administrador Fiduciário,SP,São Paulo,S4,,C0083814,44077014,A
C0083814,202506,BR-CAPITAL DTVM S.A. - PRUDENCIAL,180001,N2,I,2,,CTVM DTVM - Administrador Fiduciário,SP,São Paulo,S4,,C0083814,44077014,A
76522994,202506,BRITANIA S/A CORRETORA DE TITULOS E VALORES,196805,N2,I,2,Sociedade Corretora de TVM,,PR,Curitiba,,,,,I
13486793,202506,BRL TRUST DISTRIBUIDORA DE TÍTULOS E VALORES MOBILIÁRIOS S.A.,201105,N2,I,2,Sociedade Distribuidora de TVM,CTVM DTVM - Administrador Fiduciário,SP,São Paulo,S4,,C0084277,13486793,A
C0082372,202506,BROKER BRASIL CC LTDA. - PRUDENCIAL,180001,N2,I,2,,Corretoras de Câmbio,SP,São Paulo,S4,,C0082372,16944141,A
16944141,202506,BROKER BRASIL CORRETORA DE CÂMBIO LTDA.,201211,N2,I,2,Sociedade Corretora de Câmbio,Corretoras de Câmbio,SP,São Paulo,S4,,C0082372,16944141,A
33852476,202506,BROKER DISTRIBUIDORA DE TITULOS E VALORES MOBILIARIOS LTDA,196808,N2,I,2,Sociedade Distribuidora de TVM,,RJ,Rio de Janeiro,,,,,I
25640368,202506,BROOKLIN DISTRIBUIDORA DE TÍTULOS E VALORES MOBILIÁRIOS,196802,N2,I,2,Sociedade Distribuidora de TVM,,SP,São Paulo,,,,,I
17904906,202506,BRX CORRETORA DE CÂMBIO LTDA.,201306,N2,I,2,Sociedade Corretora de Câmbio,Corretoras de Câmbio,RJ,Rio de Janeiro,S4,,C0082413,17904906,A
C0082413,202506,BRX SCC LTDA. - PRUDENCIAL,180001,N2,I,2,,Corretoras de Câmbio,RJ,Rio de Janeiro,S4,,C0082413,17904906,A
73334641,202506,BS DISTRIBUIDORA DE TITULOS E VALORES MOBILIARIOS LTDA,199310,N2,I,2,Sociedade Distribuidora de TVM,,PR,Curitiba,,,,,I
C0081995,202506,BT CC - PRUDENCIAL,180001,N2,I,2,,Corretoras de Câmbio,SP,São Paulo,S5,,C0081995,73622748,A
73622748,202506,BT CORRETORA DE CÂMBIO LTDA.,199312,N2,I,2,Sociedade Corretora de Câmbio,Corretoras de Câmbio,SP,São Paulo,S5,,C0081995,73622748,A
00997804,202506,BTG PACTUAL ADVISORS DISTRIBUIDORA DE TÍTULOS E VALORES MOBILIÁRIOS S.A.,199602,N2,I,2,Sociedade Distribuidora de TVM,,SP,São Paulo,S1,,,,I
29650082,202506,BTG PACTUAL ASSET MANAGEMENT S.A. DISTRIBUIDORA DE TÍTULOS E VALORES MOBILIÁRIOS,198612,N2,I,2,Sociedade Distribuidora de TVM,,RJ,Rio de Janeiro,S1,,C0080336,30306294,A
43815158,202506,BTG PACTUAL CORRETORA DE TÍTULOS E VALORES MOBILIÁRIOS S.A.,196804,N2,I,2,Sociedade Corretora de TVM,,RJ,Rio de Janeiro,S1,,C0080336,30306294,A
59281253,202506,BTG PACTUAL SERVIÇOS FINANCEIROS S.A. DISTRIBUIDORA DE TÍTULOS E VALORES MOBILIÁRIOS,196508,N2,I,2,Sociedade Distribuidora de TVM,,RJ,Rio de Janeiro,S1,,C0080336,30306294,A
63566715,202506,BUSINESS CORRETORA DE CAMBIO LTDA.,199111,N2,I,2,Sociedade Corretora de Câmbio,,SP,São Paulo,,,,,I
33831173,202506,BZRA - DISTRIBUIDORA DE TITULOS E VALORES MOBILIARIOS LTDA,196805,N2,I,2,Sociedade Distribuidora de TVM,,RJ,Rio de Janeiro,,,,,I
54082946,202506,C VIDIGAL & ASSOCIADOS DISTRIBUIDORA DE TITS E VALS MOBS LTD,198503,N2,I,2,Sociedade Distribuidora de TVM,,SP,São Paulo,,,,,I
92863463,202506,C.B.V. - CORRETORA BRASILEIRA DE VALORES MOBILIARIOS S.A.,180001,N2,I,2,Sociedade Corretora de TVM,,,,,,,,I
62274857,202506,C.R.500 DISTRIBUIDORA TITULOS E VALORES MOBILIARIOS LTDA,196808,N2,I,2,Sociedade Distribuidora de TVM,,RJ,Rio de Janeiro,,,,,I
32345784,202506,C6 CORRETORA DE TÍTULOS E VALORES MOBILIÁRIOS LTDA.,201902,N2,I,2,Sociedade Corretora de TVM,,SP,São Paulo,S3,,C0084844,31872495,A
62136445,202506,CABRAL DE MENEZES SÃO PAULO CORRETORA DE CAMBIO E VALORES MOBILIÁRIOS S/A,196806,N2,I,2,Sociedade Corretora de TVM,,SP,São Paulo,,,,,I
62162870,202506,CACIQUE DISTRIBUIDORA DE TITULOS E VALORES MOBILIARIOS LTDA,196803,N2,I,2,Sociedade Distribuidora de TVM,,SP,São Paulo,,,,,I
42040639,202506,CAIXA DISTRIBUIDORA DE TÍTULOS E VALORES MOBILIÁRIOS S.A.,202109,N2,I,1,Sociedade Distribuidora de TVM,,DF,Brasília,S1,,C0080738,00360305,A
92881150,202506,CALCULO DISTRIBUIDORA DE TITULOS E VALORES MOBILIARIOS LTDA,196803,N2,I,2,Sociedade Distribuidora de TVM,,RS,Porto Alegre,,,,,I
62220843,202506,CAMARGO DISTRIBUIDORA DE TITULOS E VALORES MOBILIÁRIOS LTDA,196807,N2,I,2,Sociedade Distribuidora de TVM,,SP,São Paulo,,,,,I
35835933,202506,"CAMBIAL S/A-CORRETORA DE CAMBIO,TITULOS E VALORES MOBILIARIO",198910,N2,I,2,Sociedade Corretora de TVM,,RJ,Rio de Janeiro,,,,,I
14652687,202506,CAMBIALL CASH CORRETORA DE CÂMBIO LTDA.,201204,N2,I,2,Sociedade Corretora de Câmbio,,PE,Recife,S5,,,,I
C0082286,202506,CAMBIONET CC LTDA - PRUDENCIAL,180001,N2,I,2,,Corretoras de Câmbio,RS,Porto Alegre,S5,,C0082286,14190547,A
14190547,202506,CAMBIONET CORRETORA DE CÂMBIO LTDA.,201111,N2,I,2,Sociedade Corretora de Câmbio,Corretoras de Câmbio,RS,Porto Alegre,S5,,C0082286,14190547,A
39548128,202506,CAMBITUR DISTRIBUIDORA DE TITULOS E VALORES MOBILIARIOS LTDA,199307,N2,I,2,Sociedade Distribuidora de TVM,,RJ,Rio de Janeiro,,,,,I
10995983,202506,CAMINHA FRANCO SOCIEDADE CORRETORA DE CAMBIO TITULOS E VALORES MOBILIARIOS LTDA,196806,N2,I,2,Sociedade Corretora de TVM,,PE,Recife,,,,,I
82668781,202506,CAMPANHOLI DISTRIBUIDORA DE TITULOS E VALORES MOBILIÁRIOS,196812,N2,I,2,Sociedade Distribuidora de TVM,,PR,Curitiba,,,,,I
17319971,202506,CAMPOS CORREA - CORRETORA DE VALORES LTDA,196709,N2,I,2,Sociedade Corretora de TVM,,MG,Belo Horizonte,,,,,I
32206393,202506,CANDELARIA DISTRIBUIDORA DE TITS.E VALS.MOBILIARIOS S/A,198808,N2,I,2,Sociedade Distribuidora de TVM,,RJ,Rio de Janeiro,,,,,I
52571080,202506,CAP-DISTRIBUIDORA DE TITULOS E VAL. MOBIL. LTDA,196810,N2,I,2,Sociedade Distribuidora de TVM,,SP,São Paulo,,,,,I
33885021,202506,CAPEMI DISTRIBUIDORA DE TITULOS E VALORES MOBILIARIOS LTDA,196810,N2,I,2,Sociedade Distribuidora de TVM,,RJ,Rio de Janeiro,,,,,I
58225434,202506,CAPITAL S/A CORRETORA DE VALORES E CAMBIO,196806,N2,I,2,Sociedade Corretora de TVM,,SP,Santos,,,,,I
76610476,202506,CAPITAL S/A SOCIEDADE CORRETORA DE VALORES,196707,N2,I,2,Sociedade Corretora de TVM,,PR,Curitiba,,,,,I
00302297,202506,"CAPITALTEC CORRETORA DE CAMBIO, TIT E VAL MOBILIARIOS LTDA",180001,N2,I,2,Sociedade Corretora de TVM,,RJ,Rio de Janeiro,,,,,I
62240767,202506,CAPUAVA DISTRIBUIDORA DE TITULOS E VALORES MOBILIARIOS LTDA,196808,N2,I,2,Sociedade Distribuidora de TVM,,SP,São Paulo,,,,,I
03136334,202506,CARAVELLO S.A - CORRETORA DE CAMBIO,199905,N2,I,2,Sociedade Corretora de Câmbio,,RJ,Rio de Janeiro,,,,,I
33767039,202506,CARAVELLO S.A-DISTRIBUIDORA DE TITULOS E VALORES MOBILIARIOS,196801,N2,I,2,Sociedade Distribuidora de TVM,,RJ,Rio de Janeiro,,,,,I
62237649,202506,CAROL DISTRIBUIDORA DE TITULOS E VALORES MOBILIARIOS LTDA.,196809,N2,I,2,Sociedade Distribuidora de TVM,CTVM DTVM - Ouro,SP,São Paulo,S5,,C0084095,62237649,A
C0084095,202506,CAROL DTVM LTDA. - PRUDENCIAL,180001,N2,I,2,,CTVM DTVM - Ouro,SP,São Paulo,S5,,C0084095,62237649,A
15222623,202506,CARVALHO CORRETORA DE CAMBIO E TITULOS MOBILIARIOS LTDA,197109,N2,I,2,Sociedade Corretora de TVM,,BA,Salvador,,,,,I
29978830,202506,CARVALHO E CARVALHO CORRETORES DE TITULOS E VALORES MOBILIARIOS S.A.,197806,N2,I,2,Sociedade Corretora de TVM,,RJ,Rio de Janeiro,,,,,I
15186802,202506,CASAFORTE - CORRETORA DE VALORES MOBILIARIOS LTDA,196709,N2,I,2,Sociedade Corretora de TVM,,BA,Salvador,,,,,I
47215387,202506,CATÁLISE DISTRIBUIDORA DE TÍTULOS E VALORES MOBILIÁRIOS LTDA,202303,N2,I,2,Sociedade Distribuidora de TVM,CTVM DTVM - Outros,PR,Curitiba,S4,,C0086952,47215387,A
C0086952,202506,CATÁLISE DTVM PRUDENCIAL,180001,N2,I,2,,CTVM DTVM - Outros,PR,Curitiba,S4,,C0086952,47215387,A
C0082341,202506,CC AÇORIANA LTDA. - PRUDENCIAL,180001,N2,I,2,,Corretoras de Câmbio,SC,Florianópolis,S5,,C0082341,15761217,A
21593744,202506,CEDISVAL DISTRIBUIDORA DE TITULOS E VALORES MOBILIARIOS LTDA,196807,N2,I,2,Sociedade Distribuidora de TVM,,RJ,Rio de Janeiro,,,,,I
33858630,202506,CEDRO DISTRIBUIDORA DE TÍTULOS E VALORES MOBILIÁRIOS LTDA,196803,N2,I,2,Sociedade Distribuidora de TVM,,RJ,Rio de Janeiro,,,,,I
33792011,202506,CEDULA S/A DISTRIBUIDORA DE TITULOS E VALORES MOBILIARIOS,196804,N2,I,2,Sociedade Distribuidora de TVM,,RJ,Rio de Janeiro,,,,,I
17355926,202506,CEMIL DISTRIBUIDORA DE TITULOS E VALORES MOBILIARIOS LTDA,196809,N2,I,2,Sociedade Distribuidora de TVM,,MG,Belo Horizonte,,,,,I
17355843,202506,CENTAVO DESTRIBUIDORA DE TITULOS E VALORES MOBILIARIOS LTDA,196809,N2,I,2,Sociedade Distribuidora de TVM,,MG,Belo Horizonte,,,,,I
33859794,202506,CERTA DISTRIBUIDORA DE TITULOS E VALORES MOBILIARIOS LTDA,196902,N2,I,2,Sociedade Distribuidora de TVM,,RJ,Rio de Janeiro,,,,,I
01235298,202506,CETRO-CORRETORA DE TITULOS E VALORES MOBILIARIOS LTDA,199605,N2,I,2,Sociedade Corretora de TVM,,RS,Porto Alegre,,,,,I
07554076,202506,CGD INVESTIMENTOS CORRETORA DE VALORES E CÂMBIO S.A.,200509,N2,I,3,Sociedade Corretora de TVM,,SP,São Paulo,S4,,C0080927,33466988,A
02391272,202506,CHASE FLEMING S.A. DISTRIBUIDORA DE TITS E VALS MOBILIARIOS,200002,N2,I,2,Sociedade Distribuidora de TVM,,SP,São Paulo,,,,,I
17318940,202506,CHAVES - CORRETORA DE VALORES S/A,196707,N2,I,2,Sociedade Corretora de TVM,,MG,Belo Horizonte,,,,,I
92891381,202506,CHECKINVEST DISTRIBUIDORA DE TITS.E VALS.MOBILIARIOS LTDA,196806,N2,I,2,Sociedade Distribuidora de TVM,,SP,São Paulo,,,,,I
33552332,202506,CIA IPIRANGA CORRETORA DE CAMBIO E TITULOS,180001,N2,I,2,Sociedade Corretora de TVM,,,,,,,,I
05313386,202506,CIBRASEC - DISTRIBUIDORA DE TÍTULOS E VALORES MOBILIÁRIOS S.A.,200209,N2,I,2,Sociedade Distribuidora de TVM,,SP,São Paulo,,,,,I
73671711,202506,CIFRA DISTRIBUIDORA DE TITULOS E VALORES MOBILIARIOS LTDA.,199311,N2,I,2,Sociedade Distribuidora de TVM,,RJ,Rio de Janeiro,,,,,I
17335571,202506,CIFRAO DISTRIBUIDORA DE TITULOS E VALORES MOBILIARIOS LTDA,196805,N2,I,2,Sociedade Distribuidora de TVM,,MG,Belo Horizonte,,,,,I
04949707,202506,CIRCUITO FINANCEIRO - DISTRIBUIDORA DE TITULOS E VALORES MOBILIARIOS LTDA,196901,N2,I,2,Sociedade Distribuidora de TVM,,RJ,Rio de Janeiro,,,,,I
33868597,202506,CITIBANK DISTRIBUIDORA DE TITULOS E VALORES MOBILIARIOS S.A,196810,N2,I,3,Sociedade Distribuidora de TVM,,SP,São Paulo,S2,,C0080192,33479023,A
33709114,202506,"CITIGROUP GLOBAL MARKETS BRASIL, CORRETORA DE CÂMBIO, TÍTULOS E VALORES MOBILIÁRIOS S.A.",196709,N2,I,3,Sociedade Corretora de TVM,,SP,São Paulo,S2,,C0080192,33479023,A
33637992,202506,CITY DISTRIBUIDORA DE TITULOS E VALORES MOBILIARIOS LTDA,196804,N2,I,2,Sociedade Distribuidora de TVM,,RJ,Rio de Janeiro,,,,,I
42285973,202506,CLAJO CORRETORA DE TITULOS E CAMBIO S/A,197310,N2,I,2,Sociedade Corretora de TVM,,RJ,Rio de Janeiro,,,,,I
30884498,202506,CLAJO DISTRIBUIDORA DE TITULOS E VALORES MOBILIARIOS S/A,198001,N2,I,2,Sociedade Distribuidora de TVM,,RJ,Rio de Janeiro,,,,,I
15221898,202506,CLAN CORRETORA DE TITULOS E VALORES MOBILIARIOS LTDA,197209,N2,I,2,Sociedade Corretora de TVM,,SE,Aracaju,,,,,I
15107963,202506,CLEAR CORRETORA DE TÍTULOS E VALORES MOBILIÁRIOS S.A.,201203,N2,I,2,Sociedade Corretora de TVM,,SP,São Paulo,,,,,I
62124029,202506,CLIPPER DISTRIBUIDORA DE TITULOS E VALORES MOBILIARIOS LTDA.,196806,N2,I,2,Sociedade Distribuidora de TVM,,RJ,Rio de Janeiro,,,,,I
C0080549,202506,CM CAPITAL MARKETS - PRUDENCIAL,180001,N2,I,3,,,SP,São Paulo,S4,,C0080549,02685483,A
02685483,202506,"CM CAPITAL MARKETS CORRETORA DE CÂMBIO, TÍTULOS E VALORES MOBILIÁRIOS LTDA",199811,N2,I,3,Sociedade Corretora de TVM,CTVM DTVM - Bolsa,SP,São Paulo,S4,,C0080549,02685483,A
92869379,202506,CMB - CORRETORA DE CAMBIO E VALORES MOBILIARIOS S/A,196711,N2,I,2,Sociedade Corretora de TVM,,RS,Porto Alegre,,,,,I
62162482,202506,CMI DISTRIBUIDORA DE TITULOS E VALORES MOBILIARIOS LTDA,196804,N2,I,2,Sociedade Distribuidora de TVM,,GO,Goiânia,,,,,I
15188931,202506,COBAV CORRETORA BAHIANA DE VALORES MOBILIARIOS E CAMBIO LTDA,196710,N2,I,2,Sociedade Corretora de TVM,,BA,Salvador,,,,,I
77994366,202506,COCAP-CORRETORA DE CAMBIO E VALORES MOBILIARIOS LTDA,198404,N2,I,2,Sociedade Corretora de TVM,,PR,Curitiba,,,,,I
09512542,202506,CODEPE CORRETORA DE VALORES E CÂMBIO S.A.,198511,N2,I,2,Sociedade Corretora de TVM,CTVM DTVM - Bolsa,SP,Barueri,S4,,C0082712,09512542,A
10978450,202506,"CODIRA - CORRETORA DE CAMBIO, TITULOS E VALORES MOBILIARIOS LTDA",196806,N2,I,2,Sociedade Corretora de TVM,,PE,Recife,,,,,F
58188681,202506,COELHO CORRETORA DE CÂMBIO E VALORES MOBILIÁRIOS LTDA,196806,N2,I,2,Sociedade Corretora de TVM,,SP,Santos,,,,,I
02947068,202506,"COFIBENS CORRETORA DE CAMBIO, TITULOS E VALORES MOB. SA.",199903,N2,I,2,Sociedade Corretora de TVM,,RS,Porto Alegre,,,,,I
33876269,202506,COFRE DISTRIBUIDORA DE TITULOS E VALORES MOBILIARIOS LTDA,180001,N2,I,2,Sociedade Distribuidora de TVM,,,,,,,,I
C0080707,202506,COINVALORES - PRUDENCIAL,180001,N2,I,2,,CTVM DTVM - Administrador Fiduciário,SP,São Paulo,S5,,C0080707,00336036,A
00336036,202506,COINVALORES CORRETORA DE CÂMBIO E VALORES MOBILIÁRIOS LTDA.,199501,N2,I,2,Sociedade Corretora de TVM,CTVM DTVM - Administrador Fiduciário,SP,São Paulo,S5,,C0080707,00336036,A
17364191,202506,COLMEIA DISTRIBUIDORA DE TITULOS E VALORES MOBILIARIOS LTDA,196805,N2,I,2,Sociedade Distribuidora de TVM,,DF,Brasília,,,,,I
00439562,202506,COLMEIA S/A - CORRETORA DE CAMBIO E VALORES MOBILIARIOS,197604,N2,I,2,Sociedade Corretora de TVM,,DF,Brasília,,,,,I
C0083728,202506,COLUNA S.A. DTVM - PRUDENCIAL,180001,N2,I,2,,CTVM DTVM - Ouro,RJ,Rio de Janeiro,S4,,C0083728,00460065,A
00460065,202506,COLUNA S/A DISTRIBUIDORA DE TITULOS E VALORES MOBILIÁRIOS,199503,N2,I,2,Sociedade Distribuidora de TVM,CTVM DTVM - Ouro,RJ,Rio de Janeiro,S4,,C0083728,00460065,A
62487012,202506,COMERCIAL S/A DISTRIBUIDORA DE TITULOS E VALORES MOBILIARIOS,196905,N2,I,2,Sociedade Distribuidora de TVM,,SP,São Paulo,,,,,I
24523649,202506,"COMEX CORRETORA DE CAMBIO,TITULOS E VALORES MOBILIARIOS LTDA",199002,N2,I,2,Sociedade Corretora de TVM,,RN,Natal,,,,,I
49331218,202506,COMIND S/A - CORRETORA DE CAMBIO E VALORES MOBILIARIOS,197709,N2,I,2,Sociedade Corretora de TVM,,SP,São Paulo,,,,,I
62119599,202506,COMIND S/A DISTRIBUIDORA DE TITULOS E VALORES MOBILIÁRIOS,196805,N2,I,2,Sociedade Distribuidora de TVM,,SP,São Paulo,,,,,I
40166985,202506,"COMPACTA CORRETORA DE CAMBIO, TITULOS E VAL. MOBIL. LTDA.",199101,N2,I,2,Sociedade Corretora de TVM,,SP,São Paulo,,,,,I
17360066,202506,COMPETE DISTRIBUIDORA DE TITULOS E VALORES MOBILIARIOS LTDA,196810,N2,I,2,Sociedade Distribuidora de TVM,,MG,Belo Horizonte,,,,,I
95437513,202506,CONDOR DISTRIBUIDORA DE TITULOS E VALORES MOBILIARIOS LTDA,196811,N2,I,2,Sociedade Distribuidora de TVM,,RJ,Rio de Janeiro,,,,,I
07524739,202506,CONEBRAS CORRETORA DE CAMBIO E VALORES LTDA,198406,N2,I,2,Sociedade Corretora de TVM,,CE,Fortaleza,,,,,I
C0082406,202506,CONECTA CC LTDA - PRUDENCIAL,180001,N2,I,2,,Corretoras de Câmbio,SP,São Paulo,S5,,C0082406,18287740,A
18287740,202506,CONECTA CORRETORA DE CÂMBIO LTDA.,201308,N2,I,2,Sociedade Corretora de Câmbio,Corretoras de Câmbio,SP,São Paulo,S5,,C0082406,18287740,A
67617985,202506,CONEXAO DISTRIBUIDORA DE TITULOS E VALORES MOBILIARIOS LTDA,199208,N2,I,2,Sociedade Distribuidora de TVM,,SP,São Paulo,,,,,I
09052648,202506,CONFIANCA - CORRETORA DE CAMBIO E VALORES MOBILIARIOS LTDA.,198511,N2,I,2,Sociedade Corretora de TVM,,PE,Recife,,,,,I
04913129,202506,CONFIDENCE CORRETORA DE CÂMBIO S.A.,200203,N2,I,3,Sociedade Corretora de Câmbio,,SP,São Paulo,S4,,C0080783,11703662,A
C0082303,202506,CONSEGTUR CC - PRUDENCIAL,180001,N2,I,2,,Corretoras de Câmbio,SP,São Paulo,S4,,C0082303,15168152,A
15168152,202506,CONSEGTUR CORRETORA DE CÂMBIO LTDA.,201205,N2,I,2,Sociedade Corretora de Câmbio,Corretoras de Câmbio,SP,São Paulo,S4,,C0082303,15168152,A
92889922,202506,CONSULTAN DISTRIBUIDORA DE TITULOS E VALORES MOBILIARIOS LTD,196805,N2,I,2,Sociedade Distribuidora de TVM,,RJ,Rio de Janeiro,,,,,I
72018294,202506,CONTACT DISTRIBUIDORA DE TITULOS E VALORES MOBILIARIOS LTDA.,199309,N2,I,2,Sociedade Distribuidora de TVM,,SP,Araçatuba,,,,,I
88655261,202506,CONTE DISTRIBUIDORA DE TITULOS E VALORES MOBILIARIOS LTDA,196808,N2,I,2,Sociedade Distribuidora de TVM,,SP,São Paulo,,,,,I
57765414,202506,CONTINENTAL DISTRIBUIDORA DE TÍTULOS E VALORES MOBILIÁRIOS S/A,198707,N2,I,2,Sociedade Distribuidora de TVM,,SP,São Paulo,,,,,I
62098421,202506,CONTINENTAL S.A. DISTRIBUIDORA DE TITULOS E VALORES MOBILIARIOS,196804,N2,I,2,Sociedade Distribuidora de TVM,,SP,São Paulo,,,,,I
62276456,202506,CONTRATO DISTRIBUIDORA DE TITULOS E VALORES MOBILIARIOS LTDA,196810,N2,I,2,Sociedade Distribuidora de TVM,,RJ,Rio de Janeiro,,,,,I
73772816,202506,CONTROL DISTRIBUIDORA DE TITULOS E VALORES MOBILIARIOS LTDA,199312,N2,I,2,Sociedade Distribuidora de TVM,,RJ,Rio de Janeiro,,,,,I
50230903,202506,CONVENCAO S.A. DISTRIBUIDORA DE TIT. E VALORES MOBILIARIOS,196801,N2,I,2,Sociedade Distribuidora de TVM,,SP,São Paulo,,,,,I
31591225,202506,CONVICTA DISTRIBUIDORA DE TÍTULOS E VALORES MOBILIÁRIOS LTDA,198709,N2,I,2,Sociedade Distribuidora de TVM,,RJ,Rio de Janeiro,,,,,I
33813296,202506,COR S/A - DISTRIBUIDORA DE TITULOS E VALORES MOBILIARIOS,196804,N2,I,2,Sociedade Distribuidora de TVM,,RJ,Rio de Janeiro,,,,,I
33762865,202506,COROA S.A. CORRETORA DE VALORES,196710,N2,I,2,Sociedade Corretora de TVM,,RJ,Rio de Janeiro,,,,,I
33860925,202506,COROA SA DISTRIBUIDORA DE TÍTULOS E VALORES MOBILIÁRIOS,196808,N2,I,2,Sociedade Distribuidora de TVM,,RJ,Rio de Janeiro,,,,,I
05313655,202506,"COROA-FORTALEZA CORRETORA DE CAMBIO, TITULOS E VALORES MOBILIARIOS LTDA",197701,N2,I,2,Sociedade Corretora de TVM,,CE,Fortaleza,,,,,I
94609021,202506,CORP DISTRIBUIDORA DE TITULOS E VALORES MOBILIARIOS LTDA,199206,N2,I,2,Sociedade Distribuidora de TVM,,RS,Novo Hamburgo,,,,,I
55971659,202506,CORRECAO DISTRIBUIDORA DE TITULOS E VALORES MOBILIARIOS LTDA,196803,N2,I,2,Sociedade Distribuidora de TVM,,SP,São Paulo,,,,,I
C0082231,202506,CORREPARTI CC LTDA - PRUDENCIAL,180001,N2,I,2,,Corretoras de Câmbio,PR,São José dos Pinhais,S5,,C0082231,80202872,A
80202872,202506,CORREPARTI CORRETORA DE CAMBIO LTDA,198707,N2,I,2,Sociedade Corretora de Câmbio,Corretoras de Câmbio,PR,São José dos Pinhais,S5,,C0082231,80202872,A
01644293,202506,CORRETORA ARAGUAIA DE TITULOS MOBILIARIOS E CAMBIO LTDA.,197004,N2,I,2,Sociedade Corretora de TVM,,DF,Brasília,,,,,I
61809117,202506,CORRETORA AUXILIAR S.A. CAMBIO E TITULOS MOBILIARIOS,196709,N2,I,2,Sociedade Corretora de TVM,,SP,São Paulo,,,,,I
06940282,202506,"CORRETORA BMC DE TITULOS, VALORES MOBILIARIOS E CAMBIO LTDA.",197508,N2,I,2,Sociedade Corretora de TVM,,CE,Fortaleza,,,,,I
01619584,202506,CORRETORA BOM NEGOCIO - TITULOS MOBILIARIOS E CAMBIO LTDA,196904,N2,I,2,Sociedade Corretora de TVM,,DF,Brasília,,,,,I
04170445,202506,CORRETORA CALDAS CAMBIO E VALORES MOBILIARIOS LTDA,197107,N2,I,2,Sociedade Corretora de TVM,,AM,Manaus,,,,,I
30277073,202506,"CORRETORA CARIOCA DE TITULOS, CAMBIO E VAL. MOBILIARIOS LTDA",197809,N2,I,2,Sociedade Corretora de TVM,,RJ,Rio de Janeiro,,,,,I
01651603,202506,CORRETORA CENTRO OESTE DE TITULOS MOBILIARIOS LTDA,180001,N2,I,2,Sociedade Corretora de TVM,,,,,,,,I
15761217,202506,CORRETORA DE CÂMBIO AÇORIANA LIMITADA.,201207,N2,I,2,Sociedade Corretora de Câmbio,Corretoras de Câmbio,SC,Florianópolis,S5,,C0082341,15761217,A
36348324,202506,CORRETORA DE CAMBIO E VALORES MOBILIÁRIOS CESAR SANTOS NEVES S/A,199110,N2,I,2,Sociedade Corretora de TVM,,ES,Vitória,,,,,I
92858380,202506,CORRETORA GERAL DE VALORES E CÂMBIO LTDA,196706,N2,I,2,Sociedade Corretora de TVM,CTVM DTVM - Câmbio,RS,Porto Alegre,S4,,C0082918,92858380,A
82514381,202506,CORRETORA KRESCENTE APLUB S/A TITULOS E VALORES MOBILIARIOS,197204,N2,I,2,Sociedade Corretora de TVM,,SC,Florianópolis,,,,,I
33815234,202506,CORRETORA NACIONAL DE FUNDOS PUBLICOS LTDA,196711,N2,I,2,Sociedade Corretora de TVM,,RJ,Rio de Janeiro,,,,,I
61902730,202506,CORRETORA PATENTE S.A. DE CAMBIO E VALORES MOBILIARIOS,198911,N2,I,2,Sociedade Corretora de TVM,,SP,São Paulo,,,,,I
33490657,202506,"CORRETORA PAULO WILLEMSENS S/A-TITULOS, VALORES E CAMBIO",196805,N2,I,2,Sociedade Corretora de TVM,,RJ,Rio de Janeiro,,,,,I
04169488,202506,CORRETORA SAMPAIO DE CAMBIO E VALORES MOBILIARIOS LTDA,197107,N2,I,2,Sociedade Corretora de TVM,,AM,Manaus,,,,,I
92835370,202506,CORRETORA WEINSTEIN TITULOS VALORES E CAMBIO LTDA,196706,N2,I,2,Sociedade Corretora de TVM,,RS,Porto Alegre,,,,,I
17312786,202506,CORVAL - CORRETORA DE VALORES MOBILIARIOS S/A,196709,N2,I,2,Sociedade Corretora de TVM,,MG,Belo Horizonte,,,,,I
09777300,202506,CRECIF - DISTRIBUIDORA DE TITULOS E VALORES MOBILIARIOS S.A.,180001,N2,I,2,Sociedade Distribuidora de TVM,,,,,,,,I
62186010,202506,CRECIFRA DISTRIBUIDORA DE TITULOS E VALORES MOBILIARIOS LTDA,196807,N2,I,2,Sociedade Distribuidora de TVM,,SP,São Paulo,,,,,I
33778044,202506,CREDIBANCO S/A - CORRETORA DE CAMBIO E VALORES MOBILIARIOS,196711,N2,I,2,Sociedade Corretora de TVM,,RJ,Rio de Janeiro,,,,,I
33501073,202506,CREDIBANCO S/A DIST. DE TITULOS E VALORES MOBILIARIOS,196807,N2,I,2,Sociedade Distribuidora de TVM,,SP,São Paulo,,,,,I
28153294,202506,CREDIMUS DISTRIBUIDORA DE TITULOS E VALORES MOBILIARIOS S.A.,196805,N2,I,2,Sociedade Distribuidora de TVM,,RJ,Rio de Janeiro,,,,,A
87741930,202506,CREDINVEST DISTRIBUIDORA DE TITULOS E VALORES MOBS LTDA,196812,N2,I,2,Sociedade Distribuidora de TVM,,RJ,Rio de Janeiro,,,,,I
17366659,202506,CREDIREAL DISTRIBUIDORA DE TITULOS E VALORES  MOBILIARIOS S/A,196806,N2,I,2,Sociedade Distribuidora de TVM,,MG,Belo Horizonte,,,,,I
17335514,202506,CREDIREAL S/A CORRETORA DE CAMBIO E VALORES,196802,N2,I,2,Sociedade Corretora de TVM,,MG,Belo Horizonte,,,,,I
62366893,202506,CREDIT COMMERCIAL DE FRANCE S/A DIST DE TITS E VALS MOBS,196810,N2,I,2,Sociedade Distribuidora de TVM,,SP,São Paulo,,,,,I
30121792,202506,CREDIT SUISSE (BRASIL) DISTRIBUIDORA DE TÍTULOS E VALORES MOBILIÁRIOS S.A.,196810,N2,I,3,Sociedade Distribuidora de TVM,,SP,São Paulo,,,,,I
42584318,202506,CREDIT SUISSE (BRASIL) S.A. CORRETORA DE TÍTULOS E VALORES MOBILIÁRIOS,197611,N2,I,3,Sociedade Corretora de TVM,,SP,São Paulo,S3,,C0080219,33987793,A
09777297,202506,CREDIVAL S.A. CORRETORA DE CAMBIO E VALORES,180001,N2,I,2,Sociedade Corretora de TVM,,,,,,,,I
25642711,202506,CREDIVAL-DISTRIBUIDORA DE TITULOS E VALORES MOBILIARIOS LTDA,196904,N2,I,2,Sociedade Distribuidora de TVM,,MG,Uberlândia,,,,,I
30120711,202506,CRESCE S.A. DISTRIBUIDORA DE TITULOS E VALORES MOBILIARIOS,196808,N2,I,2,Sociedade Distribuidora de TVM,,SP,São Paulo,,,,,I
04169504,202506,CRUZEIRO DO SUL S.A. CORRETORA DE VALORES E MERCADORIAS,197108,N2,I,2,Sociedade Corretora de TVM,,SP,São Paulo,,,,,I
62382908,202506,CRUZEIRO DO SUL S.A. DISTRIBUIDORA DE TÍTULOS E VALORES MOBILIÁRIOS,196808,N2,I,2,Sociedade Distribuidora de TVM,,SP,São Paulo,,,,,I
17333352,202506,CRUZEIRO S/A SOCIEDADE CORRETORA DE VALORES,196708,N2,I,2,Sociedade Corretora de TVM,,MG,Belo Horizonte,,,,,I
62032156,202506,CUNHA BUENO NETTO - CORRETORA DE VALORES LTDA,196801,N2,I,2,Sociedade Corretora de TVM,,SP,São Paulo,,,,,I
30121594,202506,CURSO CORRETORA DE TITULOS E VALORES MOBILIARIOS LTDA,196810,N2,I,2,Sociedade Corretora de TVM,,RJ,Niterói,,,,,I
50286774,202506,CV INVESTIMENTOS DISTRIBUIDORA DE TÍTULOS E VALORES MOBILIÁRIOS LTDA.,202407,N2,I,2,Sociedade Distribuidora de TVM,,SP,São Paulo,S4,,C0087865,50286774,A
C0087865,202506,CV INVESTIMENTOS DTVM - PRUDENCIAL,180001,N2,I,2,,,SP,São Paulo,S4,,C0087865,50286774,A
09777296,202506,CVM - CORRETORA DE VALORES MOBILIARIOS LTDA,180001,N2,I,2,Sociedade Corretora de TVM,,,,,,,,I
92868405,202506,DAF DISTRIBUIDORA ABRAHAO FINKELSTEIN DE TIT E VAL MOB LTDA,196802,N2,I,2,Sociedade Distribuidora de TVM,,RS,Porto Alegre,,,,,I
76497759,202506,DARCY VIDAL CORREIA INTERMEDIADOR DE TIT. E VAL. MOBILIARIOS,196810,N2,I,2,Sociedade Distribuidora de TVM,,PR,Curitiba,,,,,I
C0081964,202506,DASCAM CC LTDA - PRUDENCIAL,180001,N2,I,2,,Corretoras de Câmbio,SP,São Paulo,S5,,C0081964,65645137,A
65645137,202506,DASCAM CORRETORA DE CÂMBIO LTDA.,199110,N2,I,2,Sociedade Corretora de Câmbio,Corretoras de Câmbio,SP,São Paulo,S5,,C0081964,65645137,A
76631522,202506,DATABANK CORRETORA DE CAMBIO E VALORES MOBILIARIOS LTDA,196803,N2,I,2,Sociedade Corretora de TVM,,PR,Curitiba,,,,,I
49241570,202506,DAYCOVAL CORRETORA DE TÍTULOS E VALORES MOBILIÁRIOS LTDA.,202308,N2,I,2,Sociedade Corretora de TVM,,SP,São Paulo,S3,,C0081744,62232889,A
62548219,202506,DEALER DISTRIBUIDORA DE TITULOS E VALORES MOBILIÁRIOS S/A,196809,N2,I,2,Sociedade Distribuidora de TVM,,SP,São Paulo,,,,,I
61763231,202506,DEALER S/A - CORRETORA DE CAMBIO E VALORES,196707,N2,I,2,Sociedade Corretora de TVM,,SP,São Paulo,,,,,I
77162881,202506,DEBONI DISTRIBUIDORA DE TITULOS E VALORES MOBILIARIOS LTDA,197608,N2,I,2,Sociedade Distribuidora de TVM,CTVM DTVM - Câmbio,PR,Curitiba,S4,,C0084150,77162881,A
C0084150,202506,DEBONI DTVM LTDA - PRUDENCIAL,180001,N2,I,2,,CTVM DTVM - Câmbio,PR,Curitiba,S4,,C0084150,77162881,A
33872490,202506,DECISAO DISTRIBUIDORA DE TITULOS E VALORES MOBILIARIOS LTDA,196810,N2,I,2,Sociedade Distribuidora de TVM,,MG,Belo Horizonte,,,,,I
59548164,202506,D'EL REY DISTRIBUIDORA DE TITULOS E VALORES MOBILIARIOS S/A,198810,N2,I,2,Sociedade Distribuidora de TVM,,SP,São Paulo,,,,,I
92923283,202506,DELAPIEVE S/A DISTRIBUIDORA DE TITULOS E VALORES MOBILIARIOS,196808,N2,I,2,Sociedade Distribuidora de TVM,,RS,Porto Alegre,,,,,I
92904333,202506,DELFIN-RIO DISTRIBUIDORA DE TITULOS E VALORES MOBILIARIOS S.A.,196810,N2,I,2,Sociedade Distribuidora de TVM,,RJ,Rio de Janeiro,,,,,I
62846712,202506,DELPA - DISTRIBUIDORA DE TITULOS E VALORES MOBILIARIOS LTDA,196810,N2,I,2,Sociedade Distribuidora de TVM,,SP,São Paulo,,,,,I
62272745,202506,DELTA DISTRIBUIDORA DE TITULOS E VALORES MOBILIARIOS LTDA,196810,N2,I,2,Sociedade Distribuidora de TVM,,SP,São Paulo,,,,,F
76636885,202506,DENARIO CORRETORA DE CAMBIO E VALORES MOBILIARIOS LTDA,196807,N2,I,2,Sociedade Corretora de TVM,,PR,Curitiba,,,,,I
68284074,202506,DENARIUS DISTRIBUIDORA DE TITULOS E VALORES MOBILIARIOS LTDA,199210,N2,I,2,Sociedade Distribuidora de TVM,,SP,São Paulo,,,,,I
33902172,202506,DEPAC - DISTRIBUIDORA DE TITULOS E VALORES MOBILIARIOS S.A.,196810,N2,I,2,Sociedade Distribuidora de TVM,,RJ,Rio de Janeiro,,,,,F
01618126,202506,DESTAK DISTRIBUIDORA DE TITULOS E VALORES MOBILIARIOS LTDA.,199701,N2,I,2,Sociedade Distribuidora de TVM,,RJ,Rio de Janeiro,,,,,I
02184143,202506,DEUTSCHE BANK - CORRETORA DE VALORES S.A.,199801,N2,I,3,Sociedade Corretora de TVM,,SP,São Paulo,,,,,I
32494510,202506,DIBAHIA BANEB DISTRIBUIDDORA DE TÍTULOS E VALORES MOBILIÁRIOS E ASSET MANAGEMENT LTDA,196806,N2,I,2,Sociedade Distribuidora de TVM,,BA,Salvador,,,,,I
24276263,202506,DIBENS S/A - DISTRIBUIDORA DE TITULOS E VALORES MOBILIARIOS,198905,N2,I,2,Sociedade Distribuidora de TVM,,SP,São Paulo,,,,,I
88655071,202506,DIBRAS-DISTRIBUIDORA DE TITULOS E VALORES MOBILIARIOS LTDA,196809,N2,I,2,Sociedade Distribuidora de TVM,,RS,Porto Alegre,,,,,I
92885631,202506,DIFERENCIAL CORRETORA DE TITULOS E VALORES MOBILIARIOS S.A,196710,N2,I,2,Sociedade Corretora de TVM,,RS,Porto Alegre,,,,,F
17398181,202506,DILETA DISTRIBUIDORA DE TITULOS E VALORES MOBILIARIOS LTDA,196809,N2,I,2,Sociedade Distribuidora de TVM,,MG,Belo Horizonte,,,,,I
33851064,202506,DILLON S/A DISTRIBUIDORA DE TITULOS E VALORES MOBILIARIOS,196806,N2,I,2,Sociedade Distribuidora de TVM,CTVM DTVM - Câmbio,RJ,Rio de Janeiro,S4,,C0083807,33851064,A
C0083807,202506,DILLON S/A DTVM - PRUDENCIAL,180001,N2,I,2,,CTVM DTVM - Câmbio,RJ,Rio de Janeiro,S4,,C0083807,33851064,A
00120570,202506,DIMENSAO - DISTRIBUIDORA DE TIT. E VALORES MOBILIARIOS LTDA,199408,N2,I,2,Sociedade Distribuidora de TVM,,RJ,Rio de Janeiro,,,,,I
40198277,202506,DIMENSAO DISTRIBUIDORA DE TITS. E VALS. MOBILIARIOS LTDA,199104,N2,I,2,Sociedade Distribuidora de TVM,,RJ,Rio de Janeiro,,,,,I
30116875,202506,DIMOB DISTRIBUIDORA DE TITULOS E VALORES MOBILIARIOS LTDA,196803,N2,I,2,Sociedade Distribuidora de TVM,,MG,Belo Horizonte,,,,,I
33551144,202506,DINÂMICA S/A DISTRIBUIDORA DE TÍTULOS E VVALORES MOBILIÁRIOS,196809,N2,I,2,Sociedade Distribuidora de TVM,,RJ,Rio de Janeiro,,,,,I
33803651,202506,DINARA DISTRIBUIDORA DE TITULOS E VALORES MOBILIARIOS LTDA,196803,N2,I,2,Sociedade Distribuidora de TVM,,SP,São Caetano do Sul,,,,,I
09947987,202506,DINARIS - CORRETORA DE VALORES MOBILIARIOS LTDA,197306,N2,I,2,Sociedade Corretora de TVM,,PE,Recife,,,,,I
61974689,202506,DINAVAL DISTRIBUIDORA DE TITULOS E VALORES MOBILIARIOS LTDA,196803,N2,I,2,Sociedade Distribuidora de TVM,,SP,São Paulo,,,,,I
15221625,202506,DINIZ VIDIGAL CORRETORA DE CAMBIO E VALORES MOBILIARIOS LTDA,196907,N2,I,2,Sociedade Corretora de TVM,,BA,Salvador,,,,,I
25442989,202506,DIPLAN DISTRIBUIDORA DE TITULOS E VALORES MOBILIARIOS LTDA.,196807,N2,I,2,Sociedade Distribuidora de TVM,,SP,São Paulo,,,,,I
82686387,202506,DIPLOMATA DISTRIBUIDORA DE TITULOS E VALS. MOBILIARIOS LTDA,199201,N2,I,2,Sociedade Distribuidora de TVM,,PR,Curitiba,,,,,I
04567240,202506,DIRETRIZ - CORRETORA DE CAMBIO LTDA.,200108,N2,I,2,Sociedade Corretora de Câmbio,,RJ,Rio de Janeiro,,,,,I
33631342,202506,DISTEC DISTRIBUIDORA DE TITULOS E VALORES MOBILIARIOS LTDA,197107,N2,I,2,Sociedade Distribuidora de TVM,,SP,São Paulo,,,,,I
62192745,202506,DISTRIBUIDORA AUXILIAR DE TITULOS E VALORES MOBILIÁRIOS S/A,196808,N2,I,2,Sociedade Distribuidora de TVM,,SP,São Paulo,,,,,I
62098504,202506,DISTRIBUIDORA BTM DE TITULOS E VALORES MOBILIÁRIOS S.A.,196804,N2,I,2,Sociedade Distribuidora de TVM,,SP,São Paulo,,,,,I
01050664,202506,DISTRIBUIDORA DE TITULOS E VALORES MOBILIARIO BLUE CHIP LTDA,199601,N2,I,2,Sociedade Distribuidora de TVM,,RS,Porto Alegre,,,,,I
30123509,202506,DISTRIBUIDORA DE TÍTULOS E VALORES MOBILIÁRIOS ESTADO DO RIO DE JANEIRO S/A,196901,N2,I,2,Sociedade Distribuidora de TVM,,RJ,Rio de Janeiro,,,,,I
09777294,202506,DISTRIBUIDORA DE TITULOS E VALORES MOBILIARIOS IMIGRANTE LTDA,180001,N2,I,2,Sociedade Distribuidora de TVM,,,,,,,,I
92764604,202506,DISTRIBUIDORA DE TITULOS E VALORES MOBILIARIOS INTERSUL S/A,196812,N2,I,2,Sociedade Distribuidora de TVM,,RS,Porto Alegre,,,,,I
46072914,202506,DISTRIBUIDORA DE TITULOS E VALORES MOBILIARIOS IPIRANGA S.A.,180001,N2,I,2,Sociedade Distribuidora de TVM,,,,,,,,I
17170614,202506,DISTRIBUIDORA DE TITULOS E VALORES MOBILIARIOS MINAS GERAIS S/A-DIMINAS,196809,N2,I,2,Sociedade Distribuidora de TVM,,MG,Belo Horizonte,,,,,I
02927433,202506,DISTRIBUIDORA INTERCAP DE TÍTULOS E VALORES MOBILIÁRIOS S.A.,199901,N2,I,2,Sociedade Distribuidora de TVM,,RJ,Rio de Janeiro,S3,C0050201,C0080367,33923798,A
00239991,202506,DISTRIBUIDORA INTERFINANCE DE TITULOS E VALORES  MOBILIARIOS LTDA,199410,N2,I,2,Sociedade Distribuidora de TVM,,SP,São Paulo,,,,,I
33858895,202506,DISTRIBUIDORA OMEGA DE VALORES E TITULOS MOBILIARIOS S/A,196810,N2,I,2,Sociedade Distribuidora de TVM,,RJ,Rio de Janeiro,,,,,I
72020274,202506,DISTRIBUIDORA PAULISTANA DE TITS E VALS MOBILIARIOS LTDA,199309,N2,I,2,Sociedade Distribuidora de TVM,,SP,São Paulo,,,,,I
17341702,202506,DISTRIBUIDORA PROGRESSO DE TIT. E VALORES MOBILIARIOS LTDA,196804,N2,I,2,Sociedade Distribuidora de TVM,,MG,Belo Horizonte,,,,,I
00394116,202506,DISTRIBUIDORA UNITED DE TÍTULOS E VALORES MOBILIÁRIOS LTDA,199502,N2,I,2,Sociedade Distribuidora de TVM,,SP,São Paulo,,,,,I
10838114,202506,DISTRI-CASH  DISTRIBUIDORA DE TÍTULOS E VALORES MOBILIÁRIOS S.A.,200905,N2,I,2,Sociedade Distribuidora de TVM,,MG,Poços de Caldas,,,,,I
44081446,202506,DISTRIWAF S/A DISTRIBUIDORA DE TITULOS E VALORES MOBILIARIOS,196801,N2,I,2,Sociedade Distribuidora de TVM,,SP,São Paulo,,,,,I
92869700,202506,DIVALORES DISTRIBUIDORA DE TITULOS E VALORES MOBILIARIOS LTDA,196802,N2,I,2,Sociedade Distribuidora de TVM,,RJ,Rio de Janeiro,,,,,I
76641265,202506,DIVALPAR DISTRIBUIDORA DE TITULOS E VALORES MOBILIARIOS LTDA,196810,N2,I,2,Sociedade Distribuidora de TVM,,PR,Curitiba,,,,,I
92833342,202506,DIVERGS - DIST. DE TVM DO ESTADO DO RIO GRANDE DO SUL S/A,196807,N2,I,1,Sociedade Distribuidora de TVM,,RS,Porto Alegre,,,,,I
46375853,202506,DIVESP DISTRIBUIDORA DE TÍTULOS E VALORES MOBILIÁRIOS DO ESTADO DE SÃO PAULO S.A,197412,N2,I,2,Sociedade Distribuidora de TVM,,SP,São Paulo,,,,,I
33950734,202506,DIZIMO DISTRIBUIDORA DE TITULOS E VALORES MOBILIARIOS LTDA,196810,N2,I,2,Sociedade Distribuidora de TVM,,RJ,Rio de Janeiro,,,,,I
09792219,202506,DOBRE CORRETORA DE CAMBIO TITULOS E VALORES MOBILIARIOS LTDA,197107,N2,I,2,Sociedade Corretora de TVM,,PE,Recife,,,,,I
33855370,202506,DOCAS S/A DISTRIBUIDORA DE TÍTULOS E VALORES MOBILIÁRIOS,196808,N2,I,2,Sociedade Distribuidora de TVM,,SP,São Paulo,,,,,I
34263061,202506,DOLNIG CORRETORA DE CAMBIO LTDA,197204,N2,I,2,Sociedade Corretora de Câmbio,,RJ,Rio de Janeiro,,,,,I
C0082224,202506,DOURADA CORRETORA - PRUDENCIAL,180001,N2,I,2,,Corretoras de Câmbio,PR,Curitiba,S4,,C0082224,76641497,A
76641497,202506,DOURADA CORRETORA DE CÂMBIO LTDA.,196809,N2,I,2,Sociedade Corretora de Câmbio,Corretoras de Câmbio,PR,Curitiba,S4,,C0082224,76641497,A
62094123,202506,DRAFT DISTRIBUIDORA DE TITULOS E VALORES MOBILIARIOS LTDA.,196802,N2,I,2,Sociedade Distribuidora de TVM,,SP,São Paulo,,,,,I
04707248,202506,DRESDNER ASSET MANAGEMENT BRASIL S.A. DIST TIT VAL MOB,200110,N2,I,3,Sociedade Distribuidora de TVM,,SP,São Paulo,,,,,I
35924950,202506,"DRESDNER BANK BRASIL S.A. CORRETORA DE CÂMBIO, TÍTULOS E VALORES MOBILIÁRIOS",199001,N2,I,3,Sociedade Corretora de TVM,,RJ,Rio de Janeiro,,,,,I
02812367,202506,DREYFUS BRASCAN DISTRIB. DE TIT. E VAL. MOBILIARIARIOS S.A.,199810,N2,I,2,Sociedade Distribuidora de TVM,,RJ,Rio de Janeiro,,,,,I
35768001,202506,DUARTE ROSA S/A CORRETORA DE CAMBIO E VALORES,198908,N2,I,2,Sociedade Corretora de TVM,,RJ,Rio de Janeiro,,,,,I
C0083876,202506,EBADIVAL - E BAGGIO DTVM LTDA - PRUDENCIAL,180001,N2,I,2,,CTVM DTVM - Câmbio,PR,Curitiba,S5,,C0083876,89784367,A
89784367,202506,EBADIVAL - E. BAGGIO DISTRIBUIDORA DE TÍTULOS E VALORES MOBILIÁRIOS LTDA.,197805,N2,I,2,Sociedade Distribuidora de TVM,CTVM DTVM - Câmbio,PR,Curitiba,S5,,C0083876,89784367,A
12242160,202506,EBANO CORRETORA DE CAMBIO LTDA.,198708,N2,I,2,Sociedade Corretora de Câmbio,,CE,Fortaleza,,,,,I
33846536,202506,EDGARD ESTRELLA DISTRIBUIDOR DE TITULOS E VALORES MOBILIARIOS,180001,N2,I,2,Sociedade Distribuidora de TVM,,,,,,,,I
C0082248,202506,EFX CC LTDA. - PRUDENCIAL,180001,N2,I,2,,Corretoras de Câmbio,SP,São Paulo,S4,,C0082248,94968518,A
94968518,202506,EFX CORRETORA DE CÂMBIO LTDA.,199303,N2,I,2,Sociedade Corretora de Câmbio,Corretoras de Câmbio,SP,São Paulo,S4,,C0082248,94968518,A
93000826,202506,EGIDE CORRETORA DE TITULOS E VALORES MOBILIARIOS LTDA.,196809,N2,I,2,Sociedade Corretora de TVM,,RJ,Rio de Janeiro,,,,,I
28048783,202506,ELITE CORRETORA DE CÂMBIO E VALORES MOBILIÁRIOS LTDA,198303,N2,I,2,Sociedade Corretora de TVM,,RJ,Rio de Janeiro,S1,,,,I
33816497,202506,ELITE DISTRIBUIDORA DE TITULOS E VALORES MOBILIARIOS LTDA,196804,N2,I,2,Sociedade Distribuidora de TVM,,RJ,Rio de Janeiro,,,,,I
20833950,202506,EMBLEMA S.A.-CORRETORA DE CAMBIO E VALORES,198502,N2,I,2,Sociedade Corretora de TVM,,MG,Belo Horizonte,,,,,I
33834177,202506,EMBRACOR S.A.-CORRETORA DE CÂMBIO E VALORES MOBILIÁRIOS,196801,N2,I,2,Sociedade Corretora de TVM,,RJ,Rio de Janeiro,,,,,I
36240497,202506,EMPRESARIAL DISTRIBUIDORA DE TÍTULOS E VALORES MOBILIÁRIOS LTDA,199011,N2,I,2,Sociedade Distribuidora de TVM,,SP,São José do Rio Preto,,,,,I
62196894,202506,ENRIQUE - DISTRIBUIDORA DE TITULOS E VALORES MOBILIARIOS LTDA,196808,N2,I,2,Sociedade Distribuidora de TVM,,SP,São Paulo,,,,,I
47965438,202506,EQI INVESTIMENTOS CORRETORA DE TÍTULOS E VALORES MOBILIÁRIOS S.A.,202307,N2,I,2,Sociedade Corretora de TVM,CTVM DTVM - Bolsa,SP,São Paulo,S4,,C0087119,47965438,A
C0087119,202506,EQI INVESTIMENTOS CTVM - PRUDENCIAL,180001,N2,I,2,,CTVM DTVM - Bolsa,SP,São Paulo,S4,,C0087119,47965438,A
68880202,202506,EQUALIZA - CORRETORA DE CAMBIO LTDA,199211,N2,I,2,Sociedade Corretora de Câmbio,,SP,São Paulo,,,,,I
15746738,202506,EQUATORIAL CORRETORA DE CAMBIO E VALORES MOBILIARIOS LTDA,198711,N2,I,2,Sociedade Corretora de TVM,,PA,Belém,,,,,I
01771750,202506,EQUATORIAL DISTRIBUIDORA DE TITULOS E VALORES MOBILIARIOS SA,199701,N2,I,2,Sociedade Distribuidora de TVM,,CE,Fortaleza,,,,,I
33739715,202506,EQUIPE S/A DISTRIBUIDORA DE TÍTULOS E VALORES MOBILIÁRIOS,196709,N2,I,2,Sociedade Distribuidora de TVM,,RJ,Rio de Janeiro,,,,,I
33832015,202506,EQUITY CP CORRETORA DE CAMBIO E VALORES S.A,196809,N2,I,2,Sociedade Corretora de TVM,,RJ,Rio de Janeiro,,,,,I
92875673,202506,ESCOTAL-ESCRITÓRIO DE CORRETAGEM DE VALORES E CAMBIO LTDA,196802,N2,I,2,Sociedade Corretora de TVM,,RS,Porto Alegre,,,,,I
09777293,202506,ESCRITORIO GODOY CORRETAGEM DE VALORES E CAMBIO LTDA,180001,N2,I,2,Sociedade Corretora de TVM,,,,,,,,I
61736120,202506,ESCRITORIO LEVY - CORRETORA DE CAMBIO S.A.,196706,N2,I,2,Sociedade Corretora de Câmbio,,SP,São Paulo,,,,,I
58225491,202506,ESCRITORIO PASSARELLI - CORRETAGENS DE CAMBIO E TITULOS LTDA,196806,N2,I,2,Sociedade Corretora de TVM,,SP,Santos,,,,,I
61795100,202506,ESCRITORIO PAULO WILLEMSENS DE SAO PAULO S.C.V.T.C. LTDA,196705,N2,I,2,Sociedade Corretora de TVM,,SP,São Paulo,,,,,I
30122725,202506,ESQUEMA - DISTRIBUIDORA DE TITULOS E VALORES MOBILIARIOS LTDA,196810,N2,I,2,Sociedade Distribuidora de TVM,,RJ,Niterói,,,,,F
30144190,202506,ESQUEMA S/A - CORRETORA DE CAMBIO E VALORES MOBILIARIOS,196910,N2,I,2,Sociedade Corretora de TVM,,RJ,Niterói,,,,,I
75986190,202506,ESSEX DISTRIBUIDORA DE TITULOS E VALORES MOBILIARIOS LTDA,198111,N2,I,2,Sociedade Distribuidora de TVM,,PR,Curitiba,,,,,I
74073974,202506,ESTRATEGIA INVESTIMENTOS S.A.- CORRETORA DE VALORES E CAMBIO,199404,N2,I,2,Sociedade Corretora de TVM,,RJ,Rio de Janeiro,,,,,I
33852450,202506,ESTRUCTURA DISTRIBUIDORA DE TITULOS E VALORES MOBILS LTDA,196808,N2,I,2,Sociedade Distribuidora de TVM,,RJ,Rio de Janeiro,,,,,I
13951579,202506,ETICA DISTRIBUIDORA DE TITULOS E VALORES MOBILIARIOS LTDA.,197503,N2,I,2,Sociedade Distribuidora de TVM,,RJ,Rio de Janeiro,,,,,I
46485652,202506,EUGENIO - CORRETORA DE CAMBIO E VALORES MOBILIARIOS LTDA,197408,N2,I,2,Sociedade Corretora de TVM,,SP,São Paulo,,,,,I
62552237,202506,EUGENIO - DISTRIBUIDORA DE TITULOS E VALORES MOBILIARIOS LTDA,196905,N2,I,2,Sociedade Distribuidora de TVM,,SP,São Paulo,,,,,I
62316823,202506,EUGENIO RIO - DISTRIUIDORA DE TITULOS E VALORES MOBILIARIOS S.A.,196902,N2,I,2,Sociedade Distribuidora de TVM,,RJ,Rio de Janeiro,,,,,I
05006016,202506,EURO DISTRIBUIDORA DE TÍTULOS E VALORES MOBILIÁRIOS S/A,200205,N2,I,2,Sociedade Distribuidora de TVM,,RJ,Rio de Janeiro,,,,,I
39343231,202506,EUROCRED DISTRIBUIDORA DE TITULOS E VALORES MOBILIARIOS LTDA,199312,N2,I,2,Sociedade Distribuidora de TVM,,ES,Vitória,,,,,I
33871583,202506,EURODIST DISTRIBUIDORA DE TITULOS E VALORES MOBILIARIOS S/A,196812,N2,I,3,Sociedade Distribuidora de TVM,,SP,São Paulo,,,,,I
34190991,202506,"EUROINVEST S.A. CORRETORA DE CÂMBIO, TÍTULOS E VALORES MOBILIÁRIOS",198912,N2,I,2,Sociedade Corretora de TVM,CTVM DTVM - Outros,RJ,Rio de Janeiro,S4,,C0082781,34190991,A
C0082781,202506,EUROINVEST S/A CCTVM - PRUDENCIAL,180001,N2,I,2,,CTVM DTVM - Outros,RJ,Rio de Janeiro,S4,,C0082781,34190991,A
62379755,202506,EVEREST DISTRIBUIDORA DE TITULOS E VALORES MOBILIARIOS LTDA.,198912,N2,I,2,Sociedade Distribuidora de TVM,,SP,São Paulo,,,,,I
33870387,202506,EXATA DISTRIBUIDORA DE TITULOS E VALORES MOBILIARIOS LTDA,196901,N2,I,2,Sociedade Distribuidora de TVM,,RJ,Rio de Janeiro,,,,,I
39468954,202506,EXATA S/A CORRETORA DE TITULOS E VALORES MOBILIARIOS,199310,N2,I,2,Sociedade Corretora de TVM,,RJ,Rio de Janeiro,,,,,I
19086249,202506,EXECUTIVE CORRETORA DE CÂMBIO LTDA.,201401,N2,I,2,Sociedade Corretora de Câmbio,Corretoras de Câmbio,RS,Novo Hamburgo,S5,,C0082468,19086249,A
C0082468,202506,EXECUTIVE SCC LTDA - PRUDENCIAL,180001,N2,I,2,,Corretoras de Câmbio,RS,Novo Hamburgo,S5,,C0082468,19086249,A
C0082217,202506,EXIM CC LTDA - PRUDENCIAL,180001,N2,I,2,,Corretoras de Câmbio,RS,Porto Alegre,S4,,C0082217,73302408,A
73302408,202506,EXIM CORRETORA DE CAMBIO LTDA,199309,N2,I,2,Sociedade Corretora de Câmbio,Corretoras de Câmbio,RS,Porto Alegre,S4,,C0082217,73302408,A
10991404,202506,EXPANSAO S/A CORRETORA DE CAMBIO TITULOS VALORES MOBILIARIOS,196908,N2,I,2,Sociedade Corretora de TVM,,PE,Recife,,,,,I
76627488,202506,EXTERIOR DISTRIBUIDORA DE TITULOS E VALORES MOBILIARIOS LTDA,196804,N2,I,2,Sociedade Distribuidora de TVM,,SP,São Paulo,,,,,I
00211082,202506,EXTRA DISTRIBUIDORA DE TITULOS E VALORES MOBILIARIOS LTDA.,199408,N2,I,2,Sociedade Distribuidora de TVM,,SP,São Paulo,,,,,I
73010613,202506,EZ TEC DISTRIBUIDORA DE TITULOS E VALORES MOBILIARIOS LTDA.,199311,N2,I,2,Sociedade Distribuidora de TVM,,SP,São Paulo,,,,,I
C0083993,202506,F D GOLD DTVM LTDA - PRUDENCIAL,180001,N2,I,2,,CTVM DTVM - Ouro,SP,São Paulo,S4,,C0083993,08673569,A
61824553,202506,F. BARRETTO CORRETORA DE CAMBIO E TITULOS LTDA,196709,N2,I,2,Sociedade Corretora de TVM,,SP,São Paulo,,,,,I
08673569,202506,F.D'GOLD - DISTRIBUIDORA DE TÍTULOS E VALORES MOBILIÁRIOS LTDA.,200703,N2,I,2,Sociedade Distribuidora de TVM,CTVM DTVM - Ouro,SP,São Paulo,S4,,C0083993,08673569,A
31558620,202506,F.N.J. COMMODITIES - DIST.DE TITS.E VALS.MOBS.LTDA,198707,N2,I,2,Sociedade Distribuidora de TVM,,RJ,Rio de Janeiro,,,,,I
73388126,202506,"FACTORIAL CORRETORA DE CAMBIO, TIT. E VAL. MOBILIARIOS LTDA.",199310,N2,I,2,Sociedade Corretora de TVM,,RJ,Rio de Janeiro,,,,,I
44974004,202506,FADATH CORRETORA DE CAMBIO LTDA,197104,N2,I,2,Sociedade Corretora de Câmbio,,SP,São Bernardo do Campo,,,,,I
C0081919,202506,FAIR CC S.A. - PRUDENCIAL,180001,N2,I,2,,Corretoras de Câmbio,SP,São Paulo,S4,,C0081919,32648370,A
32648370,202506,FAIR CORRETORA DE CAMBIO S.A.,198909,N2,I,2,Sociedade Corretora de Câmbio,Corretoras de Câmbio,SP,São Paulo,S4,,C0081919,32648370,A
10894673,202506,FALCAO - CORRETORA DE CAMBIO E VALORES MOBILIARIOS S/A,196705,N2,I,2,Sociedade Corretora de TVM,,PE,Recife,,,,,I
28849412,202506,FAMA DISTRIBUIDORA DE TITULOS E VALORES MOBILIARIOS LTDA,198405,N2,I,2,Sociedade Distribuidora de TVM,,RJ,Rio de Janeiro,,,,,I
03725250,202506,FAR S.A. DISTRIBUIDORA DE TITULOS E VALORES MOBILIARIOS,200004,N2,I,2,Sociedade Distribuidora de TVM,,SP,São Paulo,,,,,I
62060397,202506,FAROVAL DISTRIBUIDORA DE TITULOS E VALORES MOBILIARIOS LTDA,180001,N2,I,2,Sociedade Distribuidora de TVM,,,,,,,,I
89174767,202506,"FARSOJA - CORRETORA DE CAMBIO, TITS E VALS MOBILIARIOS LTDA",197708,N2,I,2,Sociedade Corretora de TVM,,RS,Porto Alegre,,,,,I
03034469,202506,"FARSOJA S/A CORRETORA DE CAMBIO, TITS. E VALS. MOBILIARIOS",198607,N2,I,2,Sociedade Corretora de TVM,,RS,Porto Alegre,,,,,I
35759026,202506,FATOR S.A. - CORRETORA DE VALORES E CAMBIO,198908,N2,I,2,Sociedade Corretora de TVM,,SP,São Paulo,,,,,I
66697855,202506,FAX CORRETORA DE CAMBIO LTDA,199108,N2,I,2,Sociedade Corretora de Câmbio,,SP,São Paulo,,,,,I
62297676,202506,FBC DISTRIBUIDORA DE TÍTULOS E VALORES MOBILIÁRIOSLTDA,196811,N2,I,2,Sociedade Distribuidora de TVM,,SP,São Paulo,,,,,I
09777291,202506,FEDERAL SAO PAULO DISTRIBUIDORA DE TITULOS E VALORES MOBILIARIOS LTDA,180001,N2,I,2,Sociedade Distribuidora de TVM,,,,,,,,I
62072038,202506,FENICIA DISTRIBUIDORA DE TITULOS E VALORES MOBILIARIOS LTDA,196806,N2,I,2,Sociedade Distribuidora de TVM,,SP,São Paulo,,,,,I
58957168,202506,FENIX DISTRIBUIDORA DE TITULOS E VALORES MOBILIARIOS LTDA,198807,N2,I,2,Sociedade Distribuidora de TVM,,SP,São Paulo,,,,,I
38429045,202506,FÊNIX DISTRIBUIDORA DE TÍTULOS E VALORES MOBILIÁRIOS LTDA.,202010,N2,I,2,Sociedade Distribuidora de TVM,CTVM DTVM - Ouro,MT,Cuiabá,S4,,C0085537,38429045,A
09777290,202506,FERRAZ DE CAMPOS - SOCIEDADE CORRETORA DE CAMBIO E VALORES MOBILIARIOS LTDA,180001,N2,I,2,Sociedade Corretora de TVM,,,,,,,,I
13401039,202506,FGB - CORRETORA DE CAMBIO E VALORES MOBILIARIOS LTDA,198309,N2,I,2,Sociedade Corretora de TVM,,BA,Salvador,,,,,I
30711501,202506,FIBRA ASSET MANAGEMENT DISTRIBUIDORA DE TITULOS E VALORES MOBILIARIOS LTDA.,198008,N2,I,2,Sociedade Distribuidora de TVM,,SP,São Paulo,,,,,I
33590852,202506,FIBRA S/A DISTRIBUIDORA NACIONAL DE VALORES MOBILIARIOS,196812,N2,I,2,Sociedade Distribuidora de TVM,,RJ,Rio de Janeiro,,,,,I
07573181,202506,FIBRASA-CORRETORA DE CAMBIO E VALORES LTDA,198412,N2,I,2,Sociedade Corretora de TVM,,CE,Fortaleza,,,,,I
09777288,202506,FICREI S.A. - DISTRIBUIDORA DE TITULOS E VALORES MOBILIARIOS,180001,N2,I,2,Sociedade Distribuidora de TVM,,,,,,,,I
92883594,202506,FICRISA DISTRIBUIDORA DE TITULOS E VALORES MOBILIARIOS LTDA,196805,N2,I,2,Sociedade Distribuidora de TVM,,RS,Porto Alegre,,,,,I
37678915,202506,FIDD DISTRIBUIDORA DE TÍTULOS E VALORES MOBILIÁRIOS LTDA.,202009,N2,I,2,Sociedade Distribuidora de TVM,CTVM DTVM - Administrador Fiduciário,SP,São Paulo,S4,,C0085458,37678915,A
C0085458,202506,FIDD DTVM - PRUDENCIAL,180001,N2,I,2,,CTVM DTVM - Administrador Fiduciário,SP,São Paulo,S4,,C0085458,37678915,A
92974112,202506,FIDELI FERRARI INTERMEDIADORA DE TITULOS VALORES MOBILIARIOS,196906,N2,I,2,Sociedade Distribuidora de TVM,,RS,Porto Alegre,,,,,I
62170956,202506,FIDELIDADE DISTRIBUIDORA DE TIT E VALORES MOBILIARIOS LTDA,196804,N2,I,2,Sociedade Distribuidora de TVM,,SP,São Paulo,,,,,I
00637595,202506,FIDUCIA S.A.-DISTRIBUIDORA DE TITULOS E VALORES MOBILIARIOS,198111,N2,I,2,Sociedade Distribuidora de TVM,,RJ,Rio de Janeiro,,,,,I
10280601,202506,FIDUCIAL DISTRIBUIDORA DE TÍTULOS E VALORES MOBILIÁRIOS LTDA.,200809,N2,I,2,Sociedade Distribuidora de TVM,CTVM DTVM - Agente Fiduciário,MG,Belo Horizonte,S5,,C0084198,10280601,A
C0084198,202506,FIDUCIAL DTVM LTDA - PRUDENCIAL,180001,N2,I,2,,CTVM DTVM - Agente Fiduciário,MG,Belo Horizonte,S5,,C0084198,10280601,A
62126925,202506,FIDUCIARIA DISTRIBUIDORA DE TIT E VALORES MOBILIARIOS LTDA,196805,N2,I,2,Sociedade Distribuidora de TVM,,SP,São Paulo,,,,,I
73517757,202506,FIERA DISTRIBUIDORA DE TITULOS E VALORES MOBILIARIOS LTDA.,199312,N2,I,2,Sociedade Distribuidora de TVM,,RJ,Rio de Janeiro,,,,,I
10973006,202506,FINADISA DISTRIBUIDORA S.A. - TITULOS E VALORES MOBILIARIOS,196811,N2,I,2,Sociedade Distribuidora de TVM,,SP,São Paulo,,,,,I
51478287,202506,FINAL DISTRIBUIDORA DE TITULOS E VALORES MOBILIARIOS LTDA,196808,N2,I,2,Sociedade Distribuidora de TVM,,SP,São Paulo,,,,,I
26675512,202506,FINANCAS-DISTRIBUIDORA DE TITULOS E VALORES MOBILIARIOS LTDA,199103,N2,I,2,Sociedade Distribuidora de TVM,,GO,Goiânia,,,,,I
09777286,202506,FINANCIAL CORRETORA DE VALORES LTDA,180001,N2,I,2,Sociedade Corretora de TVM,,,,,,,,I
62538376,202506,FINANCIL DISTRIBUIDORA DE TITULOS E VALORES MOBILIARIOS LTDA,196908,N2,I,2,Sociedade Distribuidora de TVM,,SP,São Paulo,,,,,I
30125801,202506,FINANCILAR-LUME DISTRIBUIDORA DE TITULOS E VALORES MOBILIARIOS S.A.,180001,N2,I,2,Sociedade Distribuidora de TVM,,,,,,,,I
62125869,202506,FINASA CORRETORA DE CAMBIO E VALORES MOBILIARIOS S.A.,196803,N2,I,2,Sociedade Corretora de TVM,,SP,São Paulo,,,,,I
62246939,202506,FINASA DISTRIBUIDORA DE TÍTULOS E VALORES MOBILIÁRIOS S/A,196807,N2,I,2,Sociedade Distribuidora de TVM,,SP,São Paulo,,,,,I
61792438,202506,FINAVAL - FINANCEIRA DE VALORES - SOCIEDADE CORRETORA LTDA,196708,N2,I,2,Sociedade Corretora de TVM,,SP,São Paulo,,,,,I
03317692,202506,FINAXIS CORRETORA DE TÍTULOS E VALORES MOBILIÁRIOS S.A.,199908,N2,I,2,Sociedade Corretora de TVM,,PR,Curitiba,S4,,C0080790,11758741,A
76613512,202506,FININVEST - CORRETORA DE CAMBIO E VALORES MOBILIARIOS LTDA,196711,N2,I,2,Sociedade Corretora de TVM,,PR,Curitiba,,,,,I
34111369,202506,FININVEST S.A. DISTRIBUIDORA DE TÍTULOS E VALORES MOBILIÁRIOS,196904,N2,I,2,Sociedade Distribuidora de TVM,,RJ,Rio de Janeiro,,,,,I
36266751,202506,FINVEST DISTRIBUIDORA DE TÍTULOS E VALORES MOBILIÁRIOS LTDA.,202011,N2,I,2,Sociedade Distribuidora de TVM,CTVM DTVM - Administrador Fiduciário,SP,São Paulo,S4,,C0085544,36266751,A
C0085544,202506,FINVEST DTVM - PRUDENCIAL,180001,N2,I,2,,CTVM DTVM - Administrador Fiduciário,SP,São Paulo,S4,,C0085544,36266751,A
92667187,202506,FIRMASA DISTRIBUIDORA DE TITULOS E VALORES MOBILIARIOS LTDA,196901,N2,I,2,Sociedade Distribuidora de TVM,,RS,Porto Alegre,,,,,I
09777284,202506,FIVAP DISTRIBUIDORA DE TITULOS E VALORES MOBILIARIOS S.A.,180001,N2,I,2,Sociedade Distribuidora de TVM,,,,,,,,I
40364317,202506,FIVE CORRETORA DE CAMBIO LTDA.,199112,N2,I,2,Sociedade Corretora de Câmbio,,RJ,Rio de Janeiro,,,,,I
15210529,202506,FLAVAL - DISTRIBUIDORA DE TITULOS E VALORES MOBILIARIOS LTDA,196808,N2,I,2,Sociedade Distribuidora de TVM,,RJ,Rio de Janeiro,,,,,I
04644175,202506,FLOAT CORRETORA DE CAMBIO E VALORES MOBILIARIOS S.A.,198307,N2,I,2,Sociedade Corretora de TVM,,AM,Manaus,,,,,I
97413132,202506,FLORIANOPOLIS DISTRIB. DE TITULOS E VALORES MOBILIARIOS LTDA,199405,N2,I,2,Sociedade Distribuidora de TVM,,SC,Florianópolis,,,,,I
33161787,202506,FLORIN DISTRIBUIDORA DE TÍTULOS E VALORES MOBILIÁRIOS LTDA,196811,N2,I,2,Sociedade Distribuidora de TVM,,RJ,Rio de Janeiro,,,,,I
30139729,202506,FLUMINVEST S/A - CORRETORA DE CAMBIO E VALORES MOBILIARIOS,197008,N2,I,2,Sociedade Corretora de TVM,,RJ,Niterói,,,,,I
73585721,202506,FONTE CINDAM S.A CORRETORA DE CAMBIO E VALORES,199310,N2,I,2,Sociedade Corretora de TVM,,RJ,Rio de Janeiro,,,,,I
33888389,202506,FORTALEZA DISTRIBUIDORA DE TITULOS E VALOR. MOBILIARIOS LTDA,196810,N2,I,2,Sociedade Distribuidora de TVM,,RJ,Rio de Janeiro,,,,,I
73004749,202506,"FORTE S.A. CORRETORA DE CÂMBIO, TÍTULOS E VALORES MOBILIÁRIOS",199311,N2,I,2,Sociedade Corretora de TVM,,SP,São Paulo,,,,,I
20161758,202506,FORTES CORRETORA DE VALORES LTDA,198409,N2,I,2,Sociedade Corretora de TVM,,MG,Belo Horizonte,,,,,I
76624337,202506,FORTUNA CORRETORA DE CAMBIO E VALORES S/A,196803,N2,I,2,Sociedade Corretora de TVM,,PR,Curitiba,,,,,I
C0081957,202506,FOURTRADE COR. DE CAMBIO LTDA - PRUDENCIAL,180001,N2,I,2,,Corretoras de Câmbio,RJ,Rio de Janeiro,S4,,C0081957,40353377,A
40353377,202506,FOURTRADE CORRETORA DE CÂMBIO LTDA.,199202,N2,I,2,Sociedade Corretora de Câmbio,Corretoras de Câmbio,RJ,Rio de Janeiro,S4,,C0081957,40353377,A
62025457,202506,FRANCISCO COELHO MARQUES DE ABREU INTERMEDIADORA DE T. V. M.,196807,N2,I,2,Sociedade Distribuidora de TVM,,SP,São Paulo,,,,,I
C0087652,202506,FREEX CC - PRUDENCIAL,180001,N2,I,3,,Corretoras de Câmbio,SP,São Paulo,S5,,C0087652,55428859,A
55428859,202506,FREEX CORRETORA DE CAMBIO S.A.,202407,N2,I,3,Sociedade Corretora de Câmbio,Corretoras de Câmbio,SP,São Paulo,S5,,C0087652,55428859,A
C0084387,202506,FRENTE CC - PRUDENCIAL,180001,N2,I,2,,Corretoras de Câmbio,SP,São Paulo,S4,,C0084387,71677850,A
71677850,202506,FRENTE CORRETORA DE CÂMBIO S.A.,201407,N2,I,2,Sociedade Corretora de Câmbio,Corretoras de Câmbio,SP,São Paulo,S4,,C0084387,71677850,A
92905900,202506,FRIPAC - DISTRIBUIDORA DE TITULOS E VALORES MOBILIARIOS LTDA,196905,N2,I,2,Sociedade Distribuidora de TVM,,RS,Porto Alegre,,,,,I
17330689,202506,FROTA DISTRIBUIDORA DE TITULOS E VALORES MOBILIARIOS,196803,N2,I,2,Sociedade Distribuidora de TVM,,MG,Belo Horizonte,,,,,I
86879061,202506,FUJIBANK DISTIBUIDORA DE TITULOS E VALORES MOBILIARIOS LTDA,199405,N2,I,2,Sociedade Distribuidora de TVM,,PR,Curitiba,,,,,I
63064067,202506,FUTURA - DISTRIBUIDORA DE TITULOS E VALORES MOBILIARIOS LTDA,196805,N2,I,2,Sociedade Distribuidora de TVM,,SP,São Paulo,,,,,F
63062749,202506,FXC CORRETORA DE VALORES S.A.,197102,N2,I,2,Sociedade Corretora de TVM,,SP,São Paulo,S1,,,,I
28650236,202506,GALAPAGOS CAPITAL DISTRIBUIDORA DE TÍTULOS E VALORES MOBILIÁRIOS S.A.,201712,N2,I,2,Sociedade Distribuidora de TVM,CTVM DTVM - Distribuidor de Fundos,SP,São Paulo,S4,,C0087092,28650236,A
C0087092,202506,GALAPAGOS CAPITAL DTVM - PRUDENCIAL,180001,N2,I,2,,CTVM DTVM - Distribuidor de Fundos,SP,São Paulo,S4,,C0087092,28650236,A
59639104,202506,GARAVELO DISTRIBUIDORA DE TÍTULOS E VALORES MOBILIÁRIOS S/A,198811,N2,I,2,Sociedade Distribuidora de TVM,,SP,São Paulo,,,,,I
82229931,202506,GATESS DISTRIBUIDORA DE TITULOS E VALORES MOBILIARIOS LTDA,199007,N2,I,2,Sociedade Distribuidora de TVM,,PR,Curitiba,,,,,I
92878727,202506,GAUCHA DISTRIBUIDORA DE TITULOS E VALORES MOBILIARIOS LTDA,196803,N2,I,2,Sociedade Distribuidora de TVM,,RS,Porto Alegre,,,,,I
55547061,202506,"GAVE CORRETORA DE CAMBIO, TITULOS E VALORES MOBILIARIOS S.A.",198605,N2,I,2,Sociedade Corretora de TVM,,SP,São Paulo,,,,,I
36102424,202506,GBV - DISTRIBUIDORA DE TITULOS E VALORES MOBILIARIOS LTDA.,199008,N2,I,2,Sociedade Distribuidora de TVM,,RJ,Rio de Janeiro,,,,,I
C0084208,202506,GDC PART SERV FIDUC DTVM LTDA - PRUDENCIAL,180001,N2,I,2,,CTVM DTVM - Agente Fiduciário,RJ,Rio de Janeiro,S5,,C0084208,10749264,A
10749264,202506,GDC PARTNERS SERVIÇOS FIDUCIÁRIOS DISTRIBUIDORA DE TÍTULOS E VALORES MOBILIÁRIOS LTDA.,200905,N2,I,2,Sociedade Distribuidora de TVM,CTVM DTVM - Agente Fiduciário,RJ,Rio de Janeiro,S5,,C0084208,10749264,A
71432777,202506,GEMA CORRETORA DE CAMBIO LTDA,199401,N2,I,2,Sociedade Corretora de Câmbio,,MG,Belo Horizonte,,,,,I
05816451,202506,"GENIAL INSTITUCIONAL CORRETORA DE CÂMBIO, TÍTULOS E VALORES MOBILIÁRIOS S.A.",200308,N2,I,2,Sociedade Corretora de TVM,,RJ,Rio de Janeiro,S4,,C0080941,45246410,A
27652684,202506,GENIAL INVESTIMENTOS CORRETORA DE VALORES MOBILIÁRIOS S.A.,198812,N2,I,2,Sociedade Corretora de TVM,,RJ,Rio de Janeiro,S4,,C0080941,45246410,A
C0082918,202506,GERAL CCVM LTDA - PRUDENCIAL,180001,N2,I,2,,CTVM DTVM - Câmbio,RS,Porto Alegre,S4,,C0082918,92858380,A
C0082255,202506,GET MONEY CC - PRUDENCIAL,180001,N2,I,2,,Corretoras de Câmbio,SP,São Paulo,S5,,C0082255,10853017,A
10853017,202506,GET MONEY CORRETORA DE CÂMBIO S.A.,200908,N2,I,2,Sociedade Corretora de Câmbio,Corretoras de Câmbio,SP,São Paulo,S5,,C0082255,10853017,A
62376561,202506,GIAMAR S.A. - DISTRIBUIDORA DE TITULOS E VALORES MOBILIARIOS,196909,N2,I,2,Sociedade Distribuidora de TVM,,SP,Campinas,,,,,I
17350075,202506,GIRO S.A. DISTRIBUIDORA DE TITULOS E VALORES MOBILIARIOS,196808,N2,I,2,Sociedade Distribuidora de TVM,,MG,Belo Horizonte,,,,,F
92575224,202506,GIROS CORRETORA DE VALORES MOBILIARIOS LTDA,198909,N2,I,2,Sociedade Corretora de TVM,,RS,Porto Alegre,,,,,I
C0084435,202506,GLOBAL EXCHANGE CC - PRUDENCIAL,180001,N2,I,3,,Corretoras de Câmbio,RJ,Rio de Janeiro,S4,,C0084435,21040668,A
21040668,202506,GLOBAL EXCHANGE DO BRASIL SOCIEDADE CORRETORA DE CÂMBIO LTDA.,201410,N2,I,3,Sociedade Corretora de Câmbio,Corretoras de Câmbio,RJ,Rio de Janeiro,S4,,C0084435,21040668,A
C0086859,202506,GLOBAL INV SERVICES DTVM - PRUDENCIAL,180001,N2,I,2,,CTVM DTVM - Outros,SP,São Paulo,S4,,C0086859,47227569,A
47227569,202506,GLOBAL INVESTMENT SERVICES DISTRIBUIDORA DE TÍTULOS E VALORES MOBILIÁRIOS LTDA.,202302,N2,I,2,Sociedade Distribuidora de TVM,CTVM DTVM - Outros,SP,São Paulo,S4,,C0086859,47227569,A
17302522,202506,GNPP DISTRIBUIDORA DE TITULOS E VALORES MOBILIÁRIOS LTDA,196803,N2,I,2,Sociedade Distribuidora de TVM,,RJ,Rio de Janeiro,,,,,I
09777283,202506,GODOY RECIFE S.A. CORRETORA DE TITULOS E VALORES MOBILIARIOS,180001,N2,I,2,Sociedade Corretora de TVM,,,,,,,,I
62375332,202506,GODOY S.A. DISTRIBUIDORA DE TITULOS E VALORES MOBILIARIOS,180001,N2,I,2,Sociedade Distribuidora de TVM,,,,,,,,I
09605581,202506,GOLDMAN SACHS DO BRASIL CORRETORA DE TÍTULOS E VALORES MOBILIÁRIOS S.A.,200805,N2,I,3,Sociedade Corretora de TVM,,SP,São Paulo,S3,,C0080714,04332281,A
11522976,202506,GOMES DA FONSECA - CORRETORA DE TITULOS E VALORES MOBS LTDA,197909,N2,I,2,Sociedade Corretora de TVM,,PE,Recife,,,,,I
23010182,202506,GOOD CORRETORA DE CÂMBIO LTDA,201512,N2,I,2,Sociedade Corretora de Câmbio,Corretoras de Câmbio,RS,Porto Alegre,S5,,C0084521,23010182,A
C0084521,202506,GOOD SCC - PRUDENCIAL,180001,N2,I,2,,Corretoras de Câmbio,RS,Porto Alegre,S5,,C0084521,23010182,A
33918160,202506,"GRADUAL CORRETORA DE CÂMBIO, TÍTULOS E VALORES MOBILIÁRIOS S.A.",196808,N2,I,2,Sociedade Corretora de TVM,,SP,São Paulo,,,,,I
09978383,202506,GRAND PRIX CORRETORA DE VALORES E CAMBIO LTDA.,180001,N2,I,2,Sociedade Corretora de TVM,,PA,Belém,,,,,I
37800856,202506,GREEN ALTERNATIVE INVESTMENTS DISTRIBUIDORA DE TÍTULOS E VALORES MOBILIÁRIOS S.A.,202011,N2,I,2,Sociedade Distribuidora de TVM,CTVM DTVM - Administrador Fiduciário,SP,São Paulo,S4,,C0085568,37800856,A
C0085568,202506,GREEN ALTERNATIVE INVESTMENTS DTVM - PRUDENCIAL,180001,N2,I,2,,CTVM DTVM - Administrador Fiduciário,SP,São Paulo,S4,,C0085568,37800856,A
10961084,202506,GUARARAPES DISTRIBUIDORA DE TIT. E VALORES MOBILIARIOS S/A,196810,N2,I,2,Sociedade Distribuidora de TVM,,SP,São Paulo,,,,,I
71466445,202506,GUEDES DE ALCANTARA DISTRIBUIDORA DE TITULOS VAL MOBIL LTDA,196804,N2,I,2,Sociedade Distribuidora de TVM,,SP,Sorocaba,,,,,I
C0082107,202506,GUITTA CC LTDA - PRUDENCIAL,180001,N2,I,2,,Corretoras de Câmbio,SP,São Paulo,S4,,C0082107,24074692,A
24074692,202506,GUITTA CORRETORA DE CAMBIO LTDA.,198810,N2,I,2,Sociedade Corretora de Câmbio,Corretoras de Câmbio,SP,São Paulo,S4,,C0082107,24074692,A
15203219,202506,GULFINVEST DISTRIBUIDORA DE TITULOS E VAL MOBILIARIOS LTDA,196711,N2,I,2,Sociedade Distribuidora de TVM,,RJ,Rio de Janeiro,,,,,I
17312083,202506,H H PICCHIONI S/A CORRETORA DE CAMBIO E VALORES MOBILIARIOS,196707,N2,I,2,Sociedade Corretora de TVM,CTVM DTVM - Câmbio,MG,Belo Horizonte,S4,,C0080226,17312083,A
01788147,202506,H.COMMCOR DISTRIBUIDORA DE TÍTULOS E VALORES MOBILIÁRIOS LTDA.,200903,N2,I,2,Sociedade Distribuidora de TVM,CTVM DTVM - Bolsa,SP,São Paulo,S4,,C0084222,01788147,A
C0084222,202506,H.COMMCOR DTVM LTDA. - PRUDENCIAL,180001,N2,I,2,,CTVM DTVM - Bolsa,SP,São Paulo,S4,,C0084222,01788147,A
C0080226,202506,H.H.PICCHIONI - PRUDENCIAL,180001,N2,I,2,,CTVM DTVM - Câmbio,MG,Belo Horizonte,S4,,C0080226,17312083,A
87906038,202506,HABITASUL DISTRIBUIDORA DE TITULOS E VALORES MOBILIARIOS S.A,198112,N2,I,2,Sociedade Distribuidora de TVM,,RS,Porto Alegre,,,,,I
09978610,202506,HABITASUL S/A DISTRIBUIDORA DE TITULOS E VALORES MOBILIARIOS,196807,N2,I,2,Sociedade Distribuidora de TVM,,RS,Porto Alegre,,,,,I
11406965,202506,HAITONG DO BRASIL DISTRIBUIDORA DE TÍTULOS E VALORES MOBILIÁRIOS S.A.,201002,N2,I,3,Sociedade Distribuidora de TVM,,SP,São Paulo,S4,,C0080666,34111187,A
33894445,202506,HAITONG SECURITIES DO BRASIL CORRETORA DE CÂMBIO E VALORES MOBILIÁRIOS S.A.,196806,N2,I,3,Sociedade Corretora de TVM,,SP,São Paulo,S4,,C0080666,34111187,A
62265897,202506,HALLES DISTRIBUIDORA NACIONAL DE VALORES MOBILIARIOS S.A.,180001,N2,I,2,Sociedade Distribuidora de TVM,,,,,,,,I
00316911,202506,HANSEN & HANSEN DISTRIBUIDORA DE TIT. E VAL.MOBILIARIOS LTDA,199412,N2,I,2,Sociedade Distribuidora de TVM,,SC,Joinville,,,,,I
33794660,202506,HASPA - CORRETORA DE CAMBIO E VALORES DO RIO DE JANEIRO S/A,196711,N2,I,2,Sociedade Corretora de TVM,,RJ,Rio de Janeiro,,,,,I
60803343,202506,HASPA CORRETORA DE CAMBIO E VALORES S.A.,196709,N2,I,2,Sociedade Corretora de TVM,,SP,São Paulo,,,,,I
C0083986,202506,HEDGE INVESTMENTS - PRUDENCIAL,180001,N2,I,2,,CTVM DTVM - Administrador Fiduciário,SP,São Paulo,S4,,C0083986,07253654,A
07253654,202506,HEDGE INVESTMENTS DISTRIBUIDORA DE TÍTULOS E VALORES MOBILIÁRIOS LTDA.,200505,N2,I,2,Sociedade Distribuidora de TVM,CTVM DTVM - Administrador Fiduciário,SP,São Paulo,S4,,C0083986,07253654,A
35470647,202506,HEDGEPOINT GLOBAL MARKETS DISTRIBUIDORA DE TITULOS E VALORES MOBILIÁRIOS LTDA.,202006,N2,I,3,Sociedade Distribuidora de TVM,CTVM DTVM - Outros,SP,Campinas,S4,,C0085197,35470647,A
C0085197,202506,HEDGEPOINT GLOBAL MARKETS DTVM - PRUDENCIAL,180001,N2,I,3,,CTVM DTVM - Outros,SP,Campinas,S4,,C0085197,35470647,A
13046305,202506,HELIO DE ARAUJO FARO CORRETOR DE TITULOS VALORES MOBILIARIOS,196812,N2,I,2,Sociedade Corretora de TVM,,SE,Aracaju,,,,,I
39669186,202506,HEMERA DISTRIBUIDORA DE TÍTULOS E VALORES MOBILIÁRIOS LTDA.,202103,N2,I,2,Sociedade Distribuidora de TVM,CTVM DTVM - Administrador Fiduciário,PR,Curitiba,S4,,C0085685,39669186,A
C0085685,202506,HEMERA DTVM - PRUDENCIAL,180001,N2,I,2,,CTVM DTVM - Administrador Fiduciário,PR,Curitiba,S4,,C0085685,39669186,A
62274121,202506,HENRIQUE FREIRE INTERMEDIADORA DE TITULOS E VAL. MOBILIARIOS,196901,N2,I,2,Sociedade Distribuidora de TVM,,SP,São Paulo,,,,,I
61982740,202506,HENRIQUE NEYDE GIMENEZ INTERMEDIADOR DE TITULOS E VAL MOBIL,196807,N2,I,2,Sociedade Distribuidora de TVM,,SP,São Paulo,,,,,I
61144408,202506,HERBERT LEVY - CORRETORES DE VALORES MOBILIARIOS S/A,196708,N2,I,2,Sociedade Corretora de TVM,,SP,São Paulo,,,,,I
18371583,202506,HERCULES CORRETORA DE VALORES LTDA,198309,N2,I,2,Sociedade Corretora de TVM,,MG,Belo Horizonte,,,,,I
24492613,202506,HERCULES DISTRIBUIDORA DE TITULOS E VALORES MOBILIARIOS LTDA,196807,N2,I,2,Sociedade Distribuidora de TVM,,MG,Belo Horizonte,,,,,I
72153281,202506,"HEXAGON-CORRETORA DE CAMBIO,TITULOS E VALORES MOBILIARIOS LT",199309,N2,I,2,Sociedade Corretora de TVM,,CE,Fortaleza,,,,,I
81681009,202506,HM CORRETORA DE CAMBIO E VALORES MOBILIARIOS LTDA.,199002,N2,I,2,Sociedade Corretora de TVM,,PR,Curitiba,,,,,I
77984730,202506,HM DISTRIBUIDORA DE TITULOS E VALORES MOBILIARIOS LTDA.,198402,N2,I,2,Sociedade Distribuidora de TVM,,PR,Curitiba,,,,,I
12753174,202506,HNF-DISTRIBUIDORA DE TITULOS E VALORES MOBILIARIOS LTDA.,198805,N2,I,2,Sociedade Distribuidora de TVM,,RN,Mossoró,,,,,I
09777280,202506,HODSON MENEZES - CORRETORA DE TITULOS E VALORES LTDA,180001,N2,I,2,Sociedade Corretora de TVM,,,,,,,,I
00325064,202506,HOPE CONSIG LTDA,199409,N2,I,2,Sociedade Distribuidora de TVM,,SP,São Paulo,,,,,I
76614346,202506,HORIZONTE S/A CORRETORA DE VALORES E CAMBIO,196709,N2,I,2,Sociedade Corretora de TVM,,PR,Curitiba,,,,,I
27683465,202506,HOT DISTRIBUIDORA DE TÍTULOS E VALORES MOBILIÁRIOS S.A.,198201,N2,I,2,Sociedade Distribuidora de TVM,,RJ,Rio de Janeiro,,,,,I
76528660,202506,HSBC CORRETORA DE CAMBIO E VALORES MOBILIARIOS BRASIL S.A.,196802,N2,I,3,Sociedade Corretora de TVM,,PR,Curitiba,,,,,I
62062716,202506,HSBC DISTRIBUIDORA DE TITS. E VALS.MOBILIARIOS BRASIL LTDA,196802,N2,I,3,Sociedade Distribuidora de TVM,,PR,Curitiba,,,,,I
62176292,202506,IBEX DISTRIBUIDORA DE TITULOS E VALORES MOBILIARIOS LTDA.,196804,N2,I,2,Sociedade Distribuidora de TVM,,SP,São Paulo,,,,,I
09105360,202506,ICAP DO BRASIL CORRETORA DE TÍTULOS E VALORES MOBILIÁRIOS LTDA.,200807,N2,I,3,Sociedade Corretora de TVM,CTVM DTVM - Bolsa,SP,São Paulo,S4,,C0082619,61747085,A
C0082190,202506,ICARO CC LTDA - PRUDENCIAL,180001,N2,I,2,,Corretoras de Câmbio,PR,Curitiba,S5,,C0082190,72556996,A
72556996,202506,ÍCARO CORRETORA DE CÂMBIO LTDA,199308,N2,I,2,Sociedade Corretora de Câmbio,Corretoras de Câmbio,PR,Curitiba,S5,,C0082190,72556996,A
00961366,202506,ICATU INVESTIMENTOS DISTR.DE TITULOS E VAL.MOBILIARIOS LTDA,199602,N2,I,2,Sociedade Distribuidora de TVM,,RJ,Rio de Janeiro,,,,,I
16695922,202506,ID CORRETORA DE TÍTULOS E VALORES MOBILIÁRIOS S.A.,201301,N2,I,2,Sociedade Corretora de TVM,CTVM DTVM - Administrador Fiduciário,SP,São Paulo,S4,,C0085582,16695922,A
C0085582,202506,ID CTVM - PRUDENCIAL,180001,N2,I,2,,CTVM DTVM - Administrador Fiduciário,SP,São Paulo,S4,,C0085582,16695922,A
31749596,202506,IDEAL CORRETORA DE TÍTULOS E VALORES MOBILIÁRIOS S.A.,201901,N2,I,2,Sociedade Corretora de TVM,,SP,São Paulo,S1,,C0080099,60872504,A
73512477,202506,ILHA-INVEST DIST. DE TITULOS E VALORES MOBILIARIOS LTDA.,199311,N2,I,2,Sociedade Distribuidora de TVM,,SC,Florianópolis,,,,,I
42352328,202506,INCAF CORRETORA DE CAMBIO E TITULOS MOBILIARIOS LTDA,197502,N2,I,2,Sociedade Corretora de TVM,,RJ,Rio de Janeiro,,,,,I
82623117,202506,INDIANA DISTRIBUIDORA DE TITULOS E VALORES MOBILIARIOS LTDA,196806,N2,I,2,Sociedade Distribuidora de TVM,,SC,Blumenau,,,,,I
64711534,202506,INDICADOR DISTRIBUIDORA TITULOS E VALORES MOBILIARIOS LTDA,199011,N2,I,2,Sociedade Distribuidora de TVM,,SP,São Paulo,,,,,I
61531554,202506,INDUSCRED S.A. DISTRIBUIDORA DE TITULOS E VAL. MOBILIARIOS,196810,N2,I,2,Sociedade Distribuidora de TVM,,SP,São Paulo,,,,,I
00999403,202506,INDUSTRIAL DO BRASIL DISTRIBUIDORA DE TÍTULOS E VALORES MOBILIÁRIOS LTDA.,199602,N2,I,2,Sociedade Distribuidora de TVM,,SP,São Paulo,S4,,C0080477,31895683,A
80226483,202506,INEPAR DISTRIBUIDORA DE TITULOS E VALORES MOBILIARIOS LTDA.,198710,N2,I,2,Sociedade Distribuidora de TVM,,PR,Curitiba,,,,,I
33860677,202506,ING-GUILDER DISTRIBUIDORA DE TITS.VALS.MOBILIARIOS S.A.,196808,N2,I,3,Sociedade Distribuidora de TVM,,SP,São Paulo,,,,,I
29334919,202506,INPAR S/A - DISTRIBUIDORA DE TITS. E VALORES MOBILIARIOS,198504,N2,I,2,Sociedade Distribuidora de TVM,,SP,São Paulo,,,,,I
34978626,202506,INTEGRAL ACCESS DISTRIBUIDORA DE TÍTULOS E VALORES MOBILIÁRIOS LTDA.,201911,N2,I,2,Sociedade Distribuidora de TVM,CTVM DTVM - Outros,SP,São Paulo,S4,,C0085049,34978626,A
C0085049,202506,INTEGRAL ACCESS DTVM - PRUDENCIAL,180001,N2,I,2,,CTVM DTVM - Outros,SP,São Paulo,S4,,C0085049,34978626,A
92922525,202506,INTEGRAL S/A CORRETORA DE TITULOS E VALORES MOBILIARIOS,196805,N2,I,2,Sociedade Corretora de TVM,,RJ,Rio de Janeiro,,,,,I
18945670,202506,INTER DISTRIBUIDORA DE TITULOS E VALORES MOBILIARIOS LTDA,201311,N2,I,2,Sociedade Distribuidora de TVM,,MG,Belo Horizonte,S3,,C0080996,00416968,A
62201348,202506,INTERACAO DISTRIBUIDORA DE TITS. E VALS. MOBILIARIOS LTDA,196811,N2,I,2,Sociedade Distribuidora de TVM,,SP,São Paulo,,,,,I
09453146,202506,INTERACTIVE BROKERS CORRETORA DE TÍTULOS E VALORES MOBILIÁRIOS S.A.,180001,N2,I,3,Sociedade Corretora de TVM,,SP,São Paulo,,,,,I
21592209,202506,"INTERBANK S.A. CORRETORA DE CAMBIO, TIT. E VAL. MOBILIARIOS",196805,N2,I,2,Sociedade Corretora de TVM,,RJ,Rio de Janeiro,,,,,I
62463161,202506,INTERBENS DISTRIBUIDORA DE TITULOS E VALS.MOBILIARIOS LTDA,196811,N2,I,2,Sociedade Distribuidora de TVM,,SP,São Paulo,,,,,I
C0081926,202506,INTERCAM CC LTDA - PRUDENCIAL,180001,N2,I,2,,Corretoras de Câmbio,SP,São Paulo,S4,,C0081926,34265629,A
34265629,202506,INTERCAM CORRETORA DE CÂMBIO LTDA.,197111,N2,I,2,Sociedade Corretora de Câmbio,Corretoras de Câmbio,SP,São Paulo,S4,,C0081926,34265629,A
17354085,202506,INTERCAMBIO DISTRIBUIDORA DE TITS.E VALORES MOBILIARIOS LTDA,196810,N2,I,2,Sociedade Distribuidora de TVM,,MG,Belo Horizonte,,,,,I
71528152,202506,INTERFINANCE CORRETORA DE CAMBIO LTDA.,199304,N2,I,2,Sociedade Corretora de Câmbio,,SP,São Paulo,,,,,I
29621281,202506,INTERUNION S.A. CORRETORA DE TÍTULOS E VALORES MOBILIÁRIOS E CÂMBIO,198601,N2,I,2,Sociedade Corretora de TVM,,RJ,Rio de Janeiro,,,,,LO
67477430,202506,INTERVAL CORRETORA DE CAMBIO E VALORES LTDA,199203,N2,I,2,Sociedade Corretora de TVM,,SP,Santos,,,,,I
33798067,202506,INTERVALORES DISTRIBUIDORA DE TITULOS E VALORES MOBS LTDA,196802,N2,I,2,Sociedade Distribuidora de TVM,,RJ,Rio de Janeiro,,,,,I
17340928,202506,INTERVALORES S/A - SOCIEDADE CORRETORA,196804,N2,I,2,Sociedade Corretora de TVM,,MG,Belo Horizonte,,,,,I
15489568,202506,INTRA INVESTIMENTOS DISTRIBUIDORA DE TÍTULOS E VALORES MOBILIÁRIOS LTDA,201207,N2,I,2,Sociedade Distribuidora de TVM,CTVM DTVM - Administrador Fiduciário,SP,São Paulo,S4,,C0084301,15489568,A
C0084301,202506,INTRA INVESTIMENTOS DTVM - PRUDENCIAL,180001,N2,I,2,,CTVM DTVM - Administrador Fiduciário,SP,São Paulo,S4,,C0084301,15489568,A
61870200,202506,INTRA S.A. CORRETORA DE CAMBIO E VALORES,196706,N2,I,2,Sociedade Corretora de TVM,,SP,São Paulo,,,,,I
62418140,202506,INTRAG DISTRIBUIDORA DE TITULOS E VALORES MOBILIARIOS LTDA.,196811,N2,I,2,Sociedade Distribuidora de TVM,,SP,São Paulo,S1,,C0080099,60872504,A
C0082396,202506,INVEST CC - PRUDENCIAL,180001,N2,I,2,,Corretoras de Câmbio,RS,Porto Alegre,S5,,C0082396,17508380,A
17508380,202506,INVEST CORRETORA DE CÂMBIO LTDA.,201305,N2,I,2,Sociedade Corretora de Câmbio,Corretoras de Câmbio,RS,Porto Alegre,S5,,C0082396,17508380,A
04926325,202506,INVEST SUL S.A.DISTRIBUIDORA DE TITULOS VALORES MOBILIARIOS,196904,N2,I,2,Sociedade Distribuidora de TVM,,SP,São Paulo,,,,,I
73731598,202506,INVESTCORP DISTRIBUIDORA DE TITULOS E VALORES MOBILIARIOS LTDA,199312,N2,I,2,Sociedade Distribuidora de TVM,,RJ,Rio de Janeiro,,,,,I
10971778,202506,INVESTIBRAS - CORRETORA DE CAMBIO E VALORES MOBILIARIOS LTDA,196806,N2,I,2,Sociedade Corretora de TVM,,PE,Recife,,,,,I
73630386,202506,INVESTIDOR PROFISSIONAL DISTRIB TIT E VAL MOB LTDA -LIQ.ORD.,199312,N2,I,2,Sociedade Distribuidora de TVM,,RJ,Rio de Janeiro,,,,,I
17415670,202506,INVESTIMINAS DISTRIBUIDORA DE TITULOS E VALORES MOBILIARIOS LTDA,196810,N2,I,2,Sociedade Distribuidora de TVM,,MG,Belo Horizonte,,,,,I
09493503,202506,INVESTNORTE - CORRETORA DE VALORES MOBILIARIOS E CAMBIO LTDA,198510,N2,I,2,Sociedade Corretora de TVM,,RS,Porto Alegre,,,,,I
39065123,202506,INVESTOR S/A CORRETORA DE CAMBIO E TITULOS MOBILIARIOS,199010,N2,I,2,Sociedade Corretora de TVM,,RJ,Rio de Janeiro,,,,,I
33836172,202506,INVEST-RIO DISTRIBUIDORA DE TITULOS E VALORES MOBILIARIOS LT,196808,N2,I,2,Sociedade Distribuidora de TVM,,RJ,Rio de Janeiro,,,,,I
12319901,202506,INVISTA S/A - CORRETORA DE TITULOS E VALORES MOBILIARIOS,197012,N2,I,2,Sociedade Corretora de TVM,,BA,Salvador,,,,,I
09827504,202506,INVIXX DISTRIBUIDORA DE TÍTULOS E VALORES MOBILIÁRIOS S.A.,180001,N2,I,2,Sociedade Distribuidora de TVM,,RJ,Petrópolis,,,,,I
93219376,202506,IOCHPE PORTO ALEGRE DISTR. DE TITS. E VALS MOBILIARIOS LTDA,180001,N2,I,2,Sociedade Distribuidora de TVM,,RS,Porto Alegre,,,,,I
62134895,202506,IOCHPE SAO PAULO DIST. DE TITS. E VALS. MOBILIARIOS LTDA,180001,N2,I,2,Sociedade Distribuidora de TVM,,SP,São Paulo,,,,,I
33875063,202506,IPB INVS PROGRAMADOS DO BRASIL DIST ASSOC TIT VALS MOB LTDA,196804,N2,I,2,Sociedade Distribuidora de TVM,,RJ,Rio de Janeiro,,,,,I
09777278,202506,IPIRANGA - CORRETAGEM E ADMINISTRACAO DE SEGUROS S.A,180001,N2,I,2,Sociedade Corretora de TVM,,,,,,,,I
59312306,202506,"IRMÃOS GUIMARÃES - CORRETORA DE CÂMBIO, TÍTULOS E VALORES MOBILIÁRIOS LTDA",198809,N2,I,2,Sociedade Corretora de TVM,,SP,São Paulo,,,,,I
76608025,202506,ISDRA CORRETORA DE VALORES MOBILIARIOS E CAMBIO S/A,196708,N2,I,2,Sociedade Corretora de TVM,,PR,Curitiba,,,,,I
30136899,202506,ITAIPU - CORRETORA DE TITULOS E VALORES MOBILIARIOS LTDA,196801,N2,I,2,Sociedade Corretora de TVM,,RJ,Niterói,,,,,I
61194353,202506,ITAU CORRETORA DE VALORES S.A.,196706,N2,I,2,Sociedade Corretora de TVM,,SP,São Paulo,S1,,C0080099,60872504,A
33311713,202506,ITAU DISTRIBUIDORA DE TITULOS E VALORES MOBILIARIOS S.A.,180001,N2,I,2,Sociedade Distribuidora de TVM,,SP,São Paulo,S1,,,,I
62469903,202506,ITAU DISTRIBUIDORA DE TITULOS E VALORES MOBILIARIOS S/A,196906,N2,I,2,Sociedade Distribuidora de TVM,,SP,São Paulo,,,,,I
04217605,202506,"ITAUBANK CORRETORA DE CÂMBIO, TÍTULOS E VALORES MOBILIÁRIOS S.A.",200101,N2,I,3,Sociedade Corretora de TVM,,SP,São Paulo,,,,,I
62224134,202506,ITAUBANK DISTRIBUIDORA DE TÍTULOS E VALORES MOBILIÁRIOS S.A.,196811,N2,I,3,Sociedade Distribuidora de TVM,,SP,São Paulo,,,,,I
00952792,202506,ITAÚ-BBA CORRETORA DE TÍTULOS E VALORES MOBILIÁRIOS S.A.,199111,N2,I,2,Sociedade Corretora de TVM,,SP,São Paulo,,,,,I
92880749,202506,ITAUVEST DISTRIBUIDORA DE TITULOS E VALORES MOBILIARIOS S.A.,196804,N2,I,2,Sociedade Distribuidora de TVM,,SP,São Paulo,S1,,,,I
92986355,202506,ITAUVEST S.A. CORRETORA DE VALORES MOBILIARIOS,197004,N2,I,2,Sociedade Corretora de TVM,,SP,São Paulo,,,,,I
07217771,202506,ITAVAL CORRETORA DE TITULOS VAL. MOBILIARIOS E CAMBIO LTDA,198310,N2,I,2,Sociedade Corretora de TVM,,PI,Teresina,,,,,I
61907390,202506,IVERSSON - CORRETORA DE CAMBIO E TITULOS LTDA,196706,N2,I,2,Sociedade Corretora de TVM,,SP,São Paulo,,,,,I
69078350,202506,J. ALVES CORRETORA DE CAMBIO LTDA,199304,N2,I,2,Sociedade Corretora de Câmbio,,SP,São Paulo,S5,,,,I
07262108,202506,J. G. OLIVEIRA CORRETOR DE CAMBIO TITULOS E VAL MOBILIARIOS,197604,N2,I,2,Sociedade Corretora de TVM,,CE,Fortaleza,,,,,I
07256659,202506,J. SAFRA CORRETORA DE VALORES E CÂMBIO LTDA.,200504,N2,I,2,Sociedade Corretora de TVM,,SP,São Paulo,,,,,I
03398905,202506,J.A. INVEST DISTRIBUIDORA DE TITULOS E VALORES MOB. LTDA.,180001,N2,I,2,Sociedade Distribuidora de TVM,,SC,São José,,,,,I
00393326,202506,J.H.L. DISTRIBUIDORA DE TITULOS E VALORES MOBILIARIOS LTDA,199503,N2,I,2,Sociedade Distribuidora de TVM,,AM,Manaus,,,,,I
32588139,202506,J.P. MORGAN CORRETORA DE CAMBIO E VALORES MOBILIARIOS S.A.,198907,N2,I,3,Sociedade Corretora de TVM,,SP,São Paulo,S3,,C0080116,33172537,A
33851205,202506,J.P. MORGAN S.A. - DISTRIBUIDORA DE TÍTULOS E VALORES MOBILIÁRIOS,196807,N2,I,3,Sociedade Distribuidora de TVM,,SP,São Paulo,S3,,C0080116,33172537,A
62057336,202506,JAWEA S.A. - DISTRIBUIDORA DE  TITULOS E VALORES MOBILIARIOS,196802,N2,I,2,Sociedade Distribuidora de TVM,,SP,São Paulo,,,,,I
00076616,202506,JFBARRETO CORRETORA DE CAMBIO LTDA.,199405,N2,I,2,Sociedade Corretora de Câmbio,,RJ,Rio de Janeiro,,,,,I
C0086660,202506,JM CC - PRUDENCIAL,180001,N2,I,2,,Corretoras de Câmbio,SP,São Paulo,S5,,C0086660,45056494,A
14746234,202506,JMS CORRETORA DE VALORES MOBILIARIOS E CAMBIO LTDA,198608,N2,I,2,Sociedade Corretora de TVM,,BA,Salvador,,,,,I
33783390,202506,JOAO DA SILVEIRA REIS CORRETORA DE TIT E VAL MOBILIAR. LTDA,197909,N2,I,2,Sociedade Corretora de TVM,,RJ,Rio de Janeiro,,,,,I
06278311,202506,JOSE ANTONIO NUNES,196803,N2,I,2,Sociedade Corretora de Câmbio,,MA,São Luís,,,,,I
58202607,202506,JOSE PINTO DA SILVA NOVAES NETTO CORRETOR DE TIT E VAL MOB,196710,N2,I,2,Sociedade Corretora de TVM,,SP,Santos,,,,,I
54580337,202506,"JPM CORRETORA DE CAMBIO, TITULOS E VALS. MOBILIARIOS S/A",198509,N2,I,3,Sociedade Corretora de TVM,,SP,São Paulo,,,,,I
33893876,202506,KAPITALE - DISTRIBUIDORA DE TITULOS E VALORES MOBILIARIOS LTDA,196808,N2,I,2,Sociedade Distribuidora de TVM,,SP,São Paulo,,,,,I
83880435,202506,KARTA DISTRIBUIDORA DE TITULOS E VALORES MOBILIARIOS LTDA,196805,N2,I,2,Sociedade Distribuidora de TVM,,RJ,Rio de Janeiro,,,,,I
17362484,202506,KARTEL DISTRIBUIDORA DE TITULOS E VALORES MOBILIARIOS LTDA,196901,N2,I,2,Sociedade Distribuidora de TVM,,RJ,Rio de Janeiro,,,,,I
82211228,202506,KMK DISTRIBUIDORA DE TITULOS E VALORES MOBILIARIOS LTDA,199012,N2,I,2,Sociedade Distribuidora de TVM,,PR,Curitiba,,,,,I
61805156,202506,KONTA S/A CORRETORA DE CAMBIO E VALORES,196709,N2,I,2,Sociedade Corretora de TVM,,SP,São Paulo,,,,,I
33824889,202506,KONTA S/A DISTRIBUIDORA DE TITULOS E VALORES MOBILIARIOS,196805,N2,I,2,Sociedade Distribuidora de TVM,,RJ,Rio de Janeiro,,,,,I
34266668,202506,KRAUS - SOCIEDADE CORRETORA DE CÂMBIO LTDA.,197110,N2,I,2,Sociedade Corretora de Câmbio,,RJ,Rio de Janeiro,,,,,I
27122654,202506,KRONOR DISTRIBUIDORA DE TITULOS E VALORES MOBILIARIOS SA,196809,N2,I,2,Sociedade Distribuidora de TVM,,RJ,Rio de Janeiro,,,,,I
88655162,202506,L.F. - DISTRIBUIDORA DE TITULOS E VALORES MOBILIARIOS LTDA,196810,N2,I,2,Sociedade Distribuidora de TVM,,RJ,Rio de Janeiro,,,,,I
01088491,202506,L.M.L. - CORRETORA DE TITULOS E VALORES MOBILIARIOS LTDA,197108,N2,I,2,Sociedade Corretora de TVM,,GO,Goiânia,,,,,I
39542436,202506,LAB DISTRIBUIDORA DE TITULOS E VALORES MOBILIARIOS LTDA,199309,N2,I,2,Sociedade Distribuidora de TVM,,RJ,Rio de Janeiro,,,,,I
C0082073,202506,LABOR CC - PRUDENCIAL,180001,N2,I,2,,Corretoras de Câmbio,PE,Recife,S5,,C0082073,06132348,A
59318360,202506,LABOR S/A DISTRIBUIDORA DE TITULOS E VALORES MOBILIARIOS,196904,N2,I,2,Sociedade Distribuidora de TVM,,SP,São Paulo,,,,,I
06132348,202506,LABOR SOCIEDADE CORRETORA DE CÂMBIO LTDA.,200407,N2,I,2,Sociedade Corretora de Câmbio,Corretoras de Câmbio,PE,Recife,S5,,C0082073,06132348,A
17347717,202506,LAMENO DISTRIBUIDORA DE TITULOS E VALORES MOBILIARIOS LTDA,196807,N2,I,2,Sociedade Distribuidora de TVM,,RJ,Rio de Janeiro,,,,,I
71590442,202506,LASTRO RDV DISTRIBUIDORA DE TÍTULOS E VALORES MOBILIÁRIOS LTDA.,199309,N2,I,2,Sociedade Distribuidora de TVM,CTVM DTVM - Câmbio,SP,Araras,S4,,C0084129,71590442,A
C0084129,202506,LASTRO RDV DTVM LTDA - PRUDENCIAL,180001,N2,I,2,,CTVM DTVM - Câmbio,SP,Araras,S4,,C0084129,71590442,A
33259607,202506,LASTRO S.A. DISTRIBUIDORA DE VALORES MOBILIÁRIOS,196812,N2,I,2,Sociedade Distribuidora de TVM,,RJ,Rio de Janeiro,,,,,I
62300256,202506,LAVRA DISTRIBUIDORA DE TITULOS E VALORES MOBILIARIOS LTDA,196811,N2,I,2,Sociedade Distribuidora de TVM,,SP,São Paulo,,,,,I
61780391,202506,LAVRA DISTRIBUIDORA DE TITULOS E VALORES MOBILIÁRIOS S.A.,197803,N2,I,2,Sociedade Distribuidora de TVM,,SP,São Paulo,,,,,I
23581028,202506,LECCA CORRETORA DE VALORES E CAMBIO LTDA.,180001,N2,I,2,Sociedade Corretora de TVM,,CE,Fortaleza,,,,,I
00302269,202506,LECCA DISTRIBUIDORA DE TITULOS E VALORES MOBILIARIOS LTDA.,199411,N2,I,2,Sociedade Distribuidora de TVM,,RJ,Rio de Janeiro,,,,,I
09780136,202506,LECCA DISTRIBUIDORA DE TÍTULOS E VALORES MOBILIÁRIOS LTDA. - EM CONSTITUIÇÃO,180001,N2,I,2,Sociedade Corretora de TVM,,RJ,Rio de Janeiro,,,,,I
58218595,202506,LEITE BARREIROS S/A CORRETORA DE CAMBIO E VALS MOBILIARIOS,196801,N2,I,2,Sociedade Corretora de TVM,,SP,Santos,,,,,I
74198912,202506,LEME DISTRIBUIDORA DE TITULOS E VALORES MOBILIARIOS LTDA,199403,N2,I,2,Sociedade Distribuidora de TVM,,SC,Florianópolis,,,,,I
00872533,202506,LEPTOS DISTRIBUIDORA DE TITULOS E VALORES MOBILIARIOS LTDA,199510,N2,I,2,Sociedade Distribuidora de TVM,,SP,São Paulo,,,,,I
45457891,202506,LEV DISTRIBUIDORA DE TÍTULOS E VALORES MOBILIÁRIOS LTDA.,202208,N2,I,2,Sociedade Distribuidora de TVM,CTVM DTVM - Bolsa,SP,São Paulo,S4,,C0086347,45457891,A
C0086347,202506,LEV DTVM - PRUDENCIAL,180001,N2,I,2,,CTVM DTVM - Bolsa,SP,São Paulo,S4,,C0086347,45457891,A
50579044,202506,LEVYCAM - CORRETORA DE CAMBIO E VALORES LTDA.,198206,N2,I,2,Sociedade Corretora de TVM,CTVM DTVM - Câmbio,SP,São Paulo,S4,,C0082592,50579044,A
C0082592,202506,LEVYCAM CCV LTDA - PRUDENCIAL,180001,N2,I,2,,CTVM DTVM - Câmbio,SP,São Paulo,S4,,C0082592,50579044,A
50589639,202506,LIBOR DISTRIBUIDORA DE TITULOS E VALORES MOBILIARIOS LTDA,196812,N2,I,2,Sociedade Distribuidora de TVM,,SP,Barueri,,,,,I
33363771,202506,LIBRA DISTRIBUIDORA DE TITULOS E VALORES MOBILIARIOS LTDA,196808,N2,I,2,Sociedade Distribuidora de TVM,,RJ,Rio de Janeiro,,,,,I
82011461,202506,LIBRA DISTRIBUIDORA DE TITULOS E VALORES MOBILIARIOS LTDA,199006,N2,I,2,Sociedade Distribuidora de TVM,,PR,Curitiba,,,,,I
17365016,202506,LIDERANCA DISTRIBUIDORA DE TITULOS E VALORES MOBILIARIOS LTDA,196808,N2,I,2,Sociedade Distribuidora de TVM,,RJ,Rio de Janeiro,,,,,I
24361690,202506,LIMINE TRUST DISTRIBUIDORA DE TÍTULOS E VALORES MOBILIÁRIOS LTDA.,201610,N2,I,2,Sociedade Distribuidora de TVM,CTVM DTVM - Administrador Fiduciário,SP,São Paulo,S4,,C0084617,24361690,A
C0084617,202506,LIMINE TRUST DTVM  - PRUDENCIAL,180001,N2,I,2,,CTVM DTVM - Administrador Fiduciário,SP,São Paulo,S4,,C0084617,24361690,A
09777277,202506,LINCOLN RODRIGUES S.A. SOCIEDADE CORRETORA DE TITULOS E VALORES MOBILIARIOS,180001,N2,I,2,Sociedade Corretora de TVM,,,,,,,,I
33166224,202506,LINEAR - DISTRIBUIDORA DE TITULOS E VALORES MOBILIARIOS S/A,196805,N2,I,2,Sociedade Distribuidora de TVM,,SP,São Paulo,,,,,I
03590892,202506,LINEINVEST SA DISTRIBUIDORA DE TITULOS E VALORES MOBILIARIOS,200001,N2,I,2,Sociedade Distribuidora de TVM,,SP,São Paulo,,,,,I
10923696,202506,LINS CAMBIO CORRETORES LTDA,196709,N2,I,2,Sociedade Corretora de TVM,,PE,Recife,,,,,I
40768766,202506,LIONS TRUST DISTRIBUIDORA DE TÍTULOS E VALORES MOBILIÁRIOS LTDA.,202103,N2,I,2,Sociedade Distribuidora de TVM,CTVM DTVM - Outros,SP,São Paulo,S4,,C0085654,40768766,A
C0085654,202506,LIONS TRUST DTVM PRUDENCIAL,180001,N2,I,2,,CTVM DTVM - Outros,SP,São Paulo,S4,,C0085654,40768766,A
67041053,202506,LIRA S.A. CORRETORA DE CAMBIO,199110,N2,I,2,Sociedade Corretora de Câmbio,,SP,Santana de Parnaíba,,,,,I
33902180,202506,LOBA DISTRIBUIDORA DE TÍTULOS E VALORES MOBILIÁRIOS LTDA,196809,N2,I,2,Sociedade Distribuidora de TVM,,RJ,Rio de Janeiro,,,,,I
61348587,202506,LOBBY DISTRIBUIDORA DE TITULOS E VALORES MOBILIARIOS LTDA,196809,N2,I,2,Sociedade Distribuidora de TVM,,RJ,Rio de Janeiro,,,,,I
10879500,202506,LOBO SOARES CORRETORA DE CAMBIO E TITULOS LTDA,196709,N2,I,2,Sociedade Corretora de TVM,,PE,Recife,,,,,I
61957254,202506,LOJICRED CORRETORA CAMBIO E TITULOS S/A,196705,N2,I,2,Sociedade Corretora de TVM,,SP,São Paulo,,,,,A
43652882,202506,LOJICRED DISTRIBUIDORA DE TÍTULOS E VALORES S/A,196810,N2,I,2,Sociedade Distribuidora de TVM,,SP,São Paulo,,,,,I
57916140,202506,LOR S.A. DISTRIBUIUDORA DE TITULOS E VALORES MOBILIARIOS,198709,N2,I,2,Sociedade Distribuidora de TVM,,SP,Mairiporã,,,,,I
17347741,202506,LUCRO DISTRIBUIDORA DE TITULOS E VALORES MOBILIARIOS LTDA,196807,N2,I,2,Sociedade Distribuidora de TVM,,RJ,Rio de Janeiro,,,,,I
17305582,202506,LUCRO S/A - SOCIEDADE CORRETORA DE VALORES,196706,N2,I,2,Sociedade Corretora de TVM,,MG,Belo Horizonte,,,,,I
62330642,202506,LUIZ RICARDO STOCCO COELHO INTERMEDIADOR DE TITS.VALS.MOBS.,196901,N2,I,2,Sociedade Distribuidora de TVM,,SP,São Paulo,,,,,I
C0082310,202506,LUMINA CC - PRUDENCIAL,180001,N2,I,2,,Corretoras de Câmbio,BA,Salvador,S5,,C0082310,15122605,A
15122605,202506,LÚMINA CORRETORA DE CÂMBIO LTDA.,201204,N2,I,2,Sociedade Corretora de Câmbio,Corretoras de Câmbio,BA,Salvador,S5,,C0082310,15122605,A
27045012,202506,LUMINA DISTRIBUIDORA DE TITULOS E VALORES MOBILIARIOS LTDA,198011,N2,I,2,Sociedade Distribuidora de TVM,,RJ,Rio de Janeiro,,,,,I
27134758,202506,LUNDGREN S/A DISTRIBUIDORA DE TITULOS E VALORES MOBILIARIOS,198101,N2,I,2,Sociedade Distribuidora de TVM,,RJ,Rio de Janeiro,,,,,I
92483684,202506,LUXMA DTVM S/A DISTRIBUIDORA DE TITULOS E VALS. MOBILIARIOS,198901,N2,I,2,Sociedade Distribuidora de TVM,,RS,Porto Alegre,,,,,I
15195902,202506,M MARCELLO LEITE BARBOSA COR. BAIANA DE TIT. E VAL MOB. LTDA,196709,N2,I,2,Sociedade Corretora de TVM,,BA,Salvador,,,,,I
62313945,202506,M. AGRESTA INTERMEDIADOR DE TITULOS E VALORES MOBILIARIOS,196809,N2,I,2,Sociedade Distribuidora de TVM,,SP,São Paulo,,,,,I
04184040,202506,M. C. DOS ANJOS CORRETORA DE CAMBIO E VALORES MOBILIARIOS,197202,N2,I,2,Sociedade Corretora de TVM,,AM,Manaus,,,,,I
33931601,202506,M. L. MANDINA INTERMEDIADORA DE TITULOS E VALOR. MOBILIARIOS,196905,N2,I,2,Sociedade Distribuidora de TVM,,RJ,Rio de Janeiro,,,,,I
34027995,202506,M. L. TORRES SIQUEIRA INTERMEDIADORA DE TITULOS E VALS MOBS,196807,N2,I,2,Sociedade Distribuidora de TVM,,RJ,Rio de Janeiro,,,,,I
33317975,202506,M. MARCELLO LEITE BARBOSA S/A COR CAMBIO E VAL MOBILIARIOS,196812,N2,I,2,Sociedade Corretora de TVM,,RJ,Rio de Janeiro,,,,,I
09831025,202506,M. MATTOS CORRETORA DE TITULOS E VALORES MOBILIARIOS LTDA,197203,N2,I,2,Sociedade Corretora de TVM,,PE,Recife,,,,,I
42165910,202506,MACHADO FIGUEIREDO CORRETORA DE CAMBIO LTDA,180001,N2,I,2,Sociedade Corretora de Câmbio,,RJ,Rio de Janeiro,,,,,I
36864992,202506,MAF DISTRIBUIDORA DE TÍTULOS E VALORES MOBILIÁRIOS S.A.,202010,N2,I,2,Sociedade Distribuidora de TVM,CTVM DTVM - Administrador Fiduciário,SP,São Paulo,S4,,C0084277,13486793,A
C0084277,202506,MAF-BRL TRUST - PRUDENCIAL,180001,N2,I,2,,CTVM DTVM - Administrador Fiduciário,SP,São Paulo,S4,,C0084277,13486793,A
16608978,202506,MAFRA DISTRIBUIDORA DE TITULOS E VALORES  MOBILIARIOS LTDA,196806,N2,I,2,Sociedade Distribuidora de TVM,,RJ,Rio de Janeiro,,,,,I
71785828,202506,MAGISTRA DISTRIBUIDORA DE TITULOS E VALORES MOBILIARIOS LTDA,199304,N2,I,2,Sociedade Distribuidora de TVM,,SP,São Paulo,,,,,I
12102869,202506,MAGNA CORRETORA DE CAMBIO E VALORES LTDA,198612,N2,I,2,Sociedade Corretora de TVM,,MA,São Luís,,,,,I
92893999,202506,MAISONNAVE DISTRIBUIDORA DE TITULOS E VALORES MOBILIARIOS S.A.,196808,N2,I,2,Sociedade Distribuidora de TVM,,RS,Porto Alegre,,,,,I
92785054,202506,MAISONNAVE-CORRETORA DE VALORES MOBILIÁRIOS LTDA,196709,N2,I,2,Sociedade Corretora de TVM,,RS,Porto Alegre,,,,,I
04169736,202506,MANAUS CORRETORA DE CAMBIO LTDA.,197107,N2,I,2,Sociedade Corretora de Câmbio,,AM,Manaus,,,,,I
33839887,202506,MANDARINO FIANCA S/A CORRETORA DE VAL. MOBILIARIOS E CAMBIO,196803,N2,I,2,Sociedade Corretora de TVM,,RJ,Rio de Janeiro,,,,,I
09777276,202506,MARIGNY S.A. CORRETORA DE VALORES MOBILIARIOS E CAMBIO,180001,N2,I,2,Sociedade Corretora de TVM,,,,,,,,I
46377610,202506,MARISA DISTRIBUIDORA DE TITULOS E VALORES MOBILIARIOS LTDA,196903,N2,I,2,Sociedade Distribuidora de TVM,,SP,São Paulo,,,,,I
28317501,202506,"MARLIN S.A. CORRETORA DE CAMBIO, TÍTULOS E VALORES MOBILIÁRIOS",198312,N2,I,2,Sociedade Corretora de TVM,,RJ,Rio de Janeiro,,,,,I
45056494,202506,MARMARIS CORRETORA DE CÂMBIO LTDA.,202211,N2,I,2,Sociedade Corretora de Câmbio,Corretoras de Câmbio,SP,São Paulo,S5,,C0086660,45056494,A
62210406,202506,MARTINELLI DISTRIB. DE TITULOS E VALORES MOBILIARIOS LTDA,196806,N2,I,2,Sociedade Distribuidora de TVM,,SP,São Paulo,,,,,I
87169629,202506,MASTER CORRETORA DE CAMBIO E VALORES MOBILIARIOS S/A,197312,N2,I,2,Sociedade Corretora de TVM,,RS,Porto Alegre,,,,,I
33886862,202506,"MASTER S/A CORRETORA DE CÂMBIO, TÍTULOS E VALORES MOBILIÁRIOS",196805,N2,I,2,Sociedade Corretora de TVM,,RJ,Rio de Janeiro,S3,,C0080367,33923798,A
17315581,202506,MASTER S/A CORRETORA DE VALORES E CAMBIO,196710,N2,I,2,Sociedade Corretora de TVM,,MG,Belo Horizonte,,,,,I
93392694,202506,MATONE DISTRIBUIDORA DE TITULOS E VALORES MOBILIARIOS LTDA,199006,N2,I,2,Sociedade Distribuidora de TVM,,RS,Porto Alegre,,,,,I
33987231,202506,MATRIX S.A.DISTRIBUIDORA DE TITULOS E VALORES MOBILIARIOS,196810,N2,I,2,Sociedade Distribuidora de TVM,,SP,São Paulo,,,,,I
26792705,202506,MATTOS DISTRIBUIDORA DE TITULOS E VALORES MOBILIARIOS LTDA,199105,N2,I,2,Sociedade Distribuidora de TVM,,MT,Cuiabá,,,,,I
08952724,202506,MAUA DISTRIBUIDORA DE TÍTULOS E VALORES MOBILIÁRIOS LTDA.,200708,N2,I,2,Sociedade Distribuidora de TVM,,SP,São Paulo,,,,,I
33798794,202506,MAXI S.A. DISTRIBUIDORA DE TÍTULOS E VALORES MOBILIÁRIOS,196803,N2,I,2,Sociedade Distribuidora de TVM,,RJ,Rio de Janeiro,,,,,I
04818886,202506,MAXIMA CORRETORA DE CAMBIO E VALORES MOBILIARIOS LTDA,198506,N2,I,2,Sociedade Corretora de TVM,,AM,Manaus,,,,,I
34142737,202506,MAZZA S/A - CORRETORA DE CAMBIO E VALORES,197101,N2,I,2,Sociedade Corretora de TVM,,RJ,Rio de Janeiro,,,,,I
40243883,202506,MB DISTRIBUIDORA DE TITULOS E VALORES MOBILIARIOS LTDA.,199107,N2,I,2,Sociedade Distribuidora de TVM,,RJ,Rio de Janeiro,,,,,I
92952357,202506,MBM CORRETORA PORTO ALEGRENSE DE VALORES MOBILIARIOS S.A.,196903,N2,I,2,Sociedade Corretora de TVM,,RS,Porto Alegre,,,,,I
33817180,202506,MEDIVAL S/A DISTRIBUIDORA DE TITULOS E VALORES MOBILIARIOS,196803,N2,I,2,Sociedade Distribuidora de TVM,,RJ,Rio de Janeiro,,,,,I
86911302,202506,MEGA'CRED DISTRIBUIDORA DE TITULOS E VALORES MOBILIARIOS LTD,199404,N2,I,2,Sociedade Distribuidora de TVM,,PR,Curitiba,,,,,I
68738053,202506,MEINBERG & MEINBERG CORRETORA DE CAMBIO E VALORES MOB. LTDA.,199303,N2,I,2,Sociedade Corretora de TVM,,RS,Porto Alegre,,,,,I
72814221,202506,MEINBERG DTVM LTDA.,199309,N2,I,2,Sociedade Distribuidora de TVM,,RS,Porto Alegre,,,,,I
04169405,202506,MENEZES CORRETORA DE CAMBIO E VALORES MOBILIARIOS LTDA,197107,N2,I,2,Sociedade Corretora de TVM,,AM,Manaus,,,,,I
40390130,202506,MENPHIS DISTRIBUIDORA DE TITULOS E VALORES MOBILIARIOS LTDA,199202,N2,I,2,Sociedade Distribuidora de TVM,,RJ,Rio de Janeiro,,,,,I
62186846,202506,MENTOR DISTRIBUIDORA DE TITULOS E VALORES MOBILIARIOS LTDA.,196807,N2,I,2,Sociedade Distribuidora de TVM,,SP,São Paulo,,,,,I
43836170,202506,MERCADO DISTRIBUIDORA DE TITULOS E VALORES MOBILIARIOS LTDA.,196909,N2,I,2,Sociedade Distribuidora de TVM,,RJ,Rio de Janeiro,,,,,A
57671443,202506,MERCADO PAGO DISTRIBUIDORA DE TÍTULOS E VALORES MOBILIÁRIOS LTDA.,180001,N2,I,3,Sociedade Distribuidora de TVM,,SP,Osasco,S4,,C0084820,10573521,I
30115257,202506,MERCANTE DISTRIBUIDORA DE TÍTULOS E VALORES MOBILIÁRIOS LTDA,196805,N2,I,2,Sociedade Distribuidora de TVM,,RJ,Rio de Janeiro,,,,,I
16683062,202506,"MERCANTIL DO BRASIL CORRETORA S.A. - CÂMBIO, TÍTULOS E VALORES MOBILIÁRIOS",197311,N2,I,2,Sociedade Corretora de TVM,,MG,Belo Horizonte,S3,,C0080123,17184037,A
17364795,202506,MERCANTIL DO BRASIL DISTRIBUIDORA S.A. - TÍTULOS E VALORES MOBILIÁRIOS,196810,N2,I,2,Sociedade Distribuidora de TVM,,MG,Belo Horizonte,S3,,C0080123,17184037,A
08344095,202506,MERCANTILCRED S/A DISTRIBUIDORA DE TITULOS E VAL MOBILIARIOS,196808,N2,I,2,Sociedade Distribuidora de TVM,,PE,Recife,,,,,I
62599592,202506,MERCAP DISTRIBUIDORA DE TITULOS E VALORES MOBILIARIOS LTDA,196901,N2,I,2,Sociedade Distribuidora de TVM,,SP,São Paulo,,,,,I
00787296,202506,MERCOBANK S.A. CORRETORA DE TITULOS E VALORES MOBILIARIOS,199509,N2,I,2,Sociedade Corretora de TVM,,RJ,Rio de Janeiro,,,,,I
09777275,202506,MERIDIONAL CORRETORA DE CAMBIO E TITULOS S.A.,180001,N2,I,2,Sociedade Corretora de TVM,,,,,,,,I
92884790,202506,MERIDIONAL-DISTRIBUIDORA DE TITULOS E VALORES MOBILIARIOS S/A,196804,N2,I,2,Sociedade Distribuidora de TVM,,RS,Porto Alegre,,,,,I
41592532,202506,MÉRITO DISTRIBUIDORA DE TÍTULOS E VALORES MOBILIÁRIOS LTDA.,202109,N2,I,2,Sociedade Distribuidora de TVM,CTVM DTVM - Administrador Fiduciário,SP,São Paulo,S4,,C0085874,41592532,A
C0085874,202506,MÉRITO DTVM - PRUDENCIAL,180001,N2,I,2,,CTVM DTVM - Administrador Fiduciário,SP,São Paulo,S4,,C0085874,41592532,A
02670590,202506,MERRILL LYNCH S.A. CORRETORA DE TÍTULOS E VALORES MOBILIÁRIOS,199808,N2,I,3,Sociedade Corretora de TVM,,SP,São Paulo,S3,,C0080556,62073200,A
27597038,202506,MESBLA S/A DISTRIBUIDORA DE TITULOS E VALORES MOBILIARIOS,198407,N2,I,2,Sociedade Distribuidora de TVM,,RJ,Rio de Janeiro,,,,,I
37839438,202506,METAL NORTE DIST. DE TITULOS E VALORES MOBILIARIOS LTDA,199306,N2,I,2,Sociedade Distribuidora de TVM,,GO,Uruaçu,,,,,I
59095612,202506,METROBANCO-DISTRIBUIDORA DE TITS.E VALS.MOBILIARIOS SA,198807,N2,I,2,Sociedade Distribuidora de TVM,,RS,Porto Alegre,,,,,I
25634163,202506,METROCAP DISTRIBUIDORA DE TITULOS E VALORES MOBILIARIOS LTDA,196906,N2,I,2,Sociedade Distribuidora de TVM,,RJ,Rio de Janeiro,,,,,I
09758269,202506,METROPOLITANA NORDESTE CORRETORA DE CAMBIO E VAL MOBIL LTDA,197107,N2,I,2,Sociedade Corretora de TVM,,PE,Recife,,,,,I
15137748,202506,METTA - CORRETORA DE CAMBIO E VALORES MOBILIARIOS LTDA,197001,N2,I,2,Sociedade Corretora de TVM,,BA,Salvador,,,,,I
39536537,202506,MIATA CORRETORA DE CAMBIO LTDA,199306,N2,I,2,Sociedade Corretora de Câmbio,,RJ,Rio de Janeiro,,,,,I
35602606,202506,MIDAS SOCIEDADE CORRETORA DE CÂMBIO S.A.,199104,N2,I,2,Sociedade Corretora de Câmbio,,RJ,Rio de Janeiro,,,,,I
80243306,202506,MILA DISTRIBUIDORA DE TITULOS E VALORES MOBILIARIOS LTDA,196807,N2,I,2,Sociedade Distribuidora de TVM,,MG,Belo Horizonte,,,,,I
17830340,202506,MILBANCO CORRETORA DE CAMBIO E VALORES S.A.,198303,N2,I,2,Sociedade Corretora de TVM,,MG,Belo Horizonte,,,,,I
01004925,202506,MILLENNIUM S.A. DISTRIBUIDORA DE TIT E VALORES MOBILIARIOS,199601,N2,I,2,Sociedade Distribuidora de TVM,,RJ,Rio de Janeiro,,,,,I
17209735,202506,MINAS INVESTIMENTOS CORRETORA S/A VALS MOBILIARIOS E CAMBIO,196711,N2,I,2,Sociedade Corretora de TVM,,MG,Belo Horizonte,,,,,I
C0082932,202506,MIRAE ASSET (BRASIL) CCTVM - PRUDENCIAL,180001,N2,I,3,,CTVM DTVM - Bolsa,SP,São Paulo,S4,,C0082932,12392983,A
12392983,202506,"MIRAE ASSET (BRASIL) CORRETORA DE CÂMBIO, TÍTULOS  E VALORES MOBILIÁRIOS LTDA.",201009,N2,I,3,Sociedade Corretora de TVM,CTVM DTVM - Bolsa,SP,São Paulo,S4,,C0082932,12392983,A
62977723,202506,MISASI DISTRIBUIDORA DE TITULOS E VALORES MOBILIARIOS LTDA.,199009,N2,I,2,Sociedade Distribuidora de TVM,,SP,São Paulo,,,,,I
33821950,202506,MOAPE DISTRIBUIDORA DE TITULOS E VALORES MOBILIARIOS LTDA,196805,N2,I,2,Sociedade Distribuidora de TVM,,RJ,Rio de Janeiro,,,,,I
05389174,202506,MODAL DISTRIBUIDORA DE TITULOS E VALORES MOBILIARIOS LTDA,200212,N2,I,2,Sociedade Distribuidora de TVM,,RJ,Rio de Janeiro,S2,,C0082475,33264668,A
01302766,202506,MODAL DISTRIBUIDORA DE TITULOS E VALORES MOBILIARIOS LTDA,199607,N2,I,2,Sociedade Distribuidora de TVM,,RJ,Rio de Janeiro,,,,,I
09777274,202506,MOEDA S.A. - DISTRIBUIDORA DE TITULOS E VALORES MOBILIARIOS,180001,N2,I,2,Sociedade Distribuidora de TVM,,,,,,,,I
43653450,202506,MOEDA SOCIEDADE CORRETORA DE CÂMBIO LTDA.,197302,N2,I,2,Sociedade Corretora de Câmbio,,SP,São Paulo,,,,,I
97447304,202506,MOMENTO DISTRIBUIDORA DE TITULOS E VALORES MOBILIARIOS LTDA,199404,N2,I,2,Sociedade Distribuidora de TVM,CTVM DTVM - Administrador Fiduciário,RJ,Rio de Janeiro,S4,,C0084181,97447304,A
C0084181,202506,MOMENTO DTVM LTDA. - PRUDENCIAL,180001,N2,I,2,,CTVM DTVM - Administrador Fiduciário,RJ,Rio de Janeiro,S4,,C0084181,97447304,A
12063256,202506,MONETAR DISTRIBUIDORA DE TÍTULOS E VALORES MOBILIÁRIOS LTDA.,201008,N2,I,2,Sociedade Distribuidora de TVM,CTVM DTVM - Administrador Fiduciário,SP,São Paulo,S4,,C0084514,03751794,A
33908799,202506,MONETARIA DISTRIBUIDORA DE TITULOS E VAL. MOBILIARIOS LTDA,196809,N2,I,2,Sociedade Distribuidora de TVM,,RJ,Rio de Janeiro,,,,,I
C0084356,202506,MONOPÓLIO CC - PRUDENCIAL,180001,N2,I,2,,Corretoras de Câmbio,PA,Belém,S4,,C0084356,34666362,A
34666362,202506,MONOPÓLIO CORRETORA DE CÂMBIO LTDA.,201405,N2,I,2,Sociedade Corretora de Câmbio,Corretoras de Câmbio,PA,Belém,S4,,C0084356,34666362,A
89552277,202506,MONTAB CORRETORA DE VALORES MOBILIARIOS E CAMBIO LTDA,197812,N2,I,2,Sociedade Corretora de TVM,,RS,Porto Alegre,,,,,I
50489148,202506,MONTE BRAVO CORRETORA DE TÍTULOS E VALORES MOBILIÁRIOS S.A.,202310,N2,I,2,Sociedade Corretora de TVM,CTVM DTVM - Outros,SP,São Paulo,S4,,C0087281,50489148,A
C0087281,202506,MONTE BRAVO CTVM - PRUDENCIAL,180001,N2,I,2,,CTVM DTVM - Outros,SP,São Paulo,S4,,C0087281,50489148,A
09777273,202506,MONTENEGRO SERUR - CORRETAGEM DE TITULOS E VALORES MOBILIARIOS S.A.,180001,N2,I,2,Sociedade Corretora de TVM,,,,,,,,I
15237829,202506,MORGADO S/A - CORRETORA DE TITULOS E VALORES MOBILIARIOS,197008,N2,I,2,Sociedade Corretora de TVM,,BA,Salvador,,,,,I
04323351,202506,MORGAN STANLEY CORRETORA DE TÍTULOS E VALORES MOBILIÁRIOS S.A.,200103,N2,I,3,Sociedade Corretora de TVM,,SP,São Paulo,S3,,C0080628,02801938,A
00151215,202506,MR DISTRIBUIDORA DE TITULOS E VALORES MOBILIARIOS LTDA,199409,N2,I,2,Sociedade Distribuidora de TVM,,MS,Campo Grande,,,,,I
92892900,202506,MULTI DISTRIBUIDORA INTERNAC DE TITULOS E VALS MOBILS LTDA,196808,N2,I,2,Sociedade Distribuidora de TVM,,SP,São Paulo,,,,,I
27830751,202506,MULTICORP-DISTTRIBUIDORA DE TÍTULOS E VALORES MOBILIÁRIOS LTDA,198212,N2,I,2,Sociedade Distribuidora de TVM,,RJ,Rio de Janeiro,,,,,I
00419291,202506,MULTICRED - CORRETORA DE VALORES E CAMBIO S.A.,197510,N2,I,2,Sociedade Corretora de TVM,,DF,Brasília,,,,,I
61055059,202506,MULTINVEST DISTRIBUIDORA DE TITULOS E VALORES MOBIL LTDA,196810,N2,I,2,Sociedade Distribuidora de TVM,,SP,São Paulo,,,,,I
33791781,202506,MULTIPLIC CORRETORA DE VALORES MOBILIARIOS S/A,196709,N2,I,2,Sociedade Corretora de TVM,,SP,São Paulo,,,,,I
54996012,202506,MULTIPLIC DISTRIBUIDORA DE TITULOS E VALORES MOBILIARIOS S/A,198509,N2,I,2,Sociedade Distribuidora de TVM,,SP,São Paulo,,,,,I
99997439,202506,MULTIPLIC S/A DISTRIBUIDORA DE TITULOS E VALORES MOBILIARIOS,196807,N2,I,2,Sociedade Distribuidora de TVM,,RJ,Rio de Janeiro,,,,,I
61532735,202506,MULTIVAL S/A - CORRETORA DE VALORES MOBILIARIOS,196711,N2,I,2,Sociedade Corretora de TVM,,SP,São Paulo,,,,,I
33916578,202506,NACIONAL BRASILEIRA S.A. DISTRIBUIDORA DE TÍTULOS E VALORES MOBILIÁRIOS,180001,N2,I,2,Sociedade Distribuidora de TVM,,RJ,Rio de Janeiro,,,,,I
43816008,202506,NACIONAL BRASILEIRO SAO PAULO SOCIEDADE CORRETORA DE CAMBIO T.V.M LTDA,180001,N2,I,2,Sociedade Corretora de TVM,,,,,,,,I
28519650,202506,NACIONAL BRASILEIRO SOCIEDADE CORRETORA DE CAMBIO TIT.E VALORES MOBILIARIOS LTDA,180001,N2,I,2,Sociedade Corretora de TVM,,,,,,,,I
33695750,202506,NACIONAL DISTRIBUIDORA DE TITULOS E VALORES MOBILIÁRIOS LTDA,196805,N2,I,2,Sociedade Distribuidora de TVM,,RJ,Rio de Janeiro,,,,,I
52904364,202506,NECTON INVESTIMENTOS  S.A. CORRETORA DE VALORES MOBILIÁRIOS E COMMODITIES,198308,N2,I,2,Sociedade Corretora de TVM,,SP,São Paulo,S1,,,,I
62269352,202506,NEGOCIAL S.A. DISTRIBUIDORA DE TITULOS E VALORES MOBILIARIOS,196811,N2,I,2,Sociedade Distribuidora de TVM,,SP,Atibaia,,,,,I
09777272,202506,NELSON BERGAMO - CORRETOR DE TITULOS E VALORES MOBILIARIOS,180001,N2,I,2,Sociedade Corretora de TVM,,,,,,,,I
61723847,202506,NEON CORRETORA DE TÍTULOS E VALORES MOBILIÁRIOS S.A.,196706,N2,I,2,Sociedade Corretora de TVM,CTVM DTVM - Outros,SP,São Paulo,S4,,C0085702,20855875,A
33764440,202506,NEYCARVALHO CORRETORES DE VALORES S/A,197708,N2,I,2,Sociedade Corretora de TVM,,RJ,Rio de Janeiro,,,,,I
C0082152,202506,NGO ASSOCIADOS CC LTDA. - PRUDENCIAL,180001,N2,I,2,,Corretoras de Câmbio,SP,São Paulo,S5,,C0082152,65635377,A
65635377,202506,NGO ASSOCIADOS CORRETORA DE CÂMBIO LTDA.,199103,N2,I,2,Sociedade Corretora de Câmbio,Corretoras de Câmbio,SP,São Paulo,S5,,C0082152,65635377,A
78635208,202506,NIKKEY S/A DISTRIBUIDORA DE TITULOS E VALORES MOBILIARIOS,196812,N2,I,2,Sociedade Distribuidora de TVM,,PR,Curitiba,,,,,I
87963450,202506,NIKOS DISTRIBUIDORA DE TÍTULOS E VALORES MOBILIÁRIOS LTDA.,198111,N2,I,2,Sociedade Distribuidora de TVM,,RJ,Rio de Janeiro,S4,,C0087621,87963450,A
C0087621,202506,NIKOS DTVM - PRUDENCIAL,180001,N2,I,2,,,RJ,Rio de Janeiro,S4,,C0087621,87963450,A
30082754,202506,NITEROI - CORRETORA DE TITULOS E VALORES MOBILIARIOS S/A,196809,N2,I,2,Sociedade Corretora de TVM,,RJ,Niterói,,,,,I
21040332,202506,NIVEL S.A. DISTRIBUIDORA DE TITULOS E VALORES MOBILIARIOS,196908,N2,I,2,Sociedade Distribuidora de TVM,,RJ,Rio de Janeiro,,,,,I
33551839,202506,NOBRE S.A. DISTRIBUIDORA DE TITULOS E VALORES MOBILIARIOS,180001,N2,I,2,Sociedade Distribuidora de TVM,,,,,,,,I
84709617,202506,NORCHEM DISTRIBUIDORA DE TITULOS E VALORES MOBILIARIOS S/A,196810,N2,I,2,Sociedade Distribuidora de TVM,,SP,São Paulo,,,,,I
96754338,202506,NORPLAN DISTRIBUIDORA DE TITULOS E VALORES MOBILIARIOS LTDA,196812,N2,I,2,Sociedade Distribuidora de TVM,,RJ,Rio de Janeiro,,,,,I
07365471,202506,NORSUL CORRETORA DE CAMBIO E VALORES MOBILIARIOS S.A.,198411,N2,I,2,Sociedade Corretora de TVM,,RJ,Rio de Janeiro,,,,,I
09777271,202506,NORVAL - DISTRIBUIDORA DE TITULOS E VALORES MOBILIARIOS LTDA,180001,N2,I,2,Sociedade Distribuidora de TVM,,,,,,,,I
17357864,202506,NOVA DISTRIBUIDORA DE TITULOS E VALORES MOBILIARIOS LTDA,196809,N2,I,2,Sociedade Distribuidora de TVM,,MG,Belo Horizonte,,,,,I
04257795,202506,NOVA FUTURA CORRETORA DE TÍTULOS E VALORES MOBILIÁRIOS LTDA.,200102,N2,I,2,Sociedade Corretora de TVM,CTVM DTVM - Bolsa,SP,São Paulo,S4,,C0083759,04257795,A
C0083759,202506,NOVA FUTURA CTVM LTDA - PRUDENCIAL,180001,N2,I,2,,CTVM DTVM - Bolsa,SP,São Paulo,S4,,C0083759,04257795,A
31159429,202506,NOVA PETROPOLIS DISTRIBUIDORA DE TIT E VAL MOBILIARIOS LTDA,196812,N2,I,2,Sociedade Distribuidora de TVM,,SP,São Paulo,,,,,I
05123164,202506,NOVAÇÃO CORRETORA DE CÂMBIO LTDA.,200207,N2,I,2,Sociedade Corretora de Câmbio,,SP,São Paulo,,,,,I
62455357,202506,NOVACAO S/A DISTRIBUIDORA DE TITULOS E VALORES MOBILIARIOS,196810,N2,I,2,Sociedade Distribuidora de TVM,,SP,São Paulo,,,,,I
33839861,202506,NOVO RIO S/A DISTRIBUIDORA DE TITULOS E VALORES MOBILIARIOS,196806,N2,I,2,Sociedade Distribuidora de TVM,,RJ,Rio de Janeiro,,,,,I
50614288,202506,NOVOBANC-DISTRIBUIDORA DE TÍTULOS E VALORSE MOBILIÁRIOS LTDA.,197808,N2,I,2,Sociedade Distribuidora de TVM,,SP,São Paulo,,,,,I
91669739,202506,NOVOSINOS S/A DISTRIBUIDORA DE TITULOS E VALORES MOBILIARIOS,196901,N2,I,2,Sociedade Distribuidora de TVM,,RS,Novo Hamburgo,,,,,I
39544456,202506,NU DISTRIBUIDORA DE TÍTULOS E VALORES MOBILIÁRIOS LTDA.,202012,N2,I,2,Sociedade Distribuidora de TVM,CTVM DTVM - Outros,SP,São Paulo,S3,,,,I
62169875,202506,NU INVESTIMENTOS S.A. - CORRETORA DE TÍTULOS E VALORES MOBILIÁRIOS,196807,N2,I,3,Sociedade Corretora de TVM,CTVM DTVM - Bolsa,SP,São Paulo,S3,,C0084693,18236120,A
57550402,202506,NUCLEO DISTRIBUIDORA DE TÍTULOS E VALORES MOBILIÁRIOS LTDA,198709,N2,I,2,Sociedade Distribuidora de TVM,,SP,São Paulo,,,,,I
C0082451,202506,NUMATUR CC LTDA - PRUDENCIAL,180001,N2,I,2,,Corretoras de Câmbio,SP,São Paulo,S5,,C0082451,18145784,A
18145784,202506,NUMATUR CORRETORA DE CÂMBIO LTDA.,201306,N2,I,2,Sociedade Corretora de Câmbio,Corretoras de Câmbio,SP,São Paulo,S5,,C0082451,18145784,A
68742204,202506,NUMBER ONE SOCIEDADE CORRETORA DE CAMBIO LTDA.,199303,N2,I,3,Sociedade Corretora de Câmbio,Corretoras de Câmbio,SP,São Paulo,S4,,C0080783,11703662,A
30456180,202506,OBJETIVA - DISTRIBUIDORA DE TITULOS E VALORES MOBILIARIOS LTDA,197903,N2,I,2,Sociedade Distribuidora de TVM,,RJ,Rio de Janeiro,,,,,I
01581283,202506,OBOE DISTRIBUIDORA DE TITULOS E VALORES MOBILIARIOS S.A.,199612,N2,I,2,Sociedade Distribuidora de TVM,,CE,Fortaleza,,,,,F
68665017,202506,OCTAGON - SOCIEDADE CORRETORA DE CAMBIO LTDA,199212,N2,I,2,Sociedade Corretora de Câmbio,,RJ,Rio de Janeiro,,,,,I
33829953,202506,OK BENFICA COMPANHIA DISTRIBUIDORA DE TITULOS E VALS MOBILS,196805,N2,I,2,Sociedade Distribuidora de TVM,,DF,Brasília,,,,,I
62152673,202506,OLIMPIA DISTRIBUIDORA DE TITULOS E VALORES MOBILIARIOS LTDA,196805,N2,I,2,Sociedade Distribuidora de TVM,,SP,São Paulo,,,,,I
36113876,202506,OLIVEIRA TRUST DISTRIBUIDORA DE TÍTULOS E VALORES MOBILIARIOS S.A.,199005,N2,I,2,Sociedade Distribuidora de TVM,CTVM DTVM - Agente Fiduciário,RJ,Rio de Janeiro,S4,,C0084040,36113876,A
C0084040,202506,OLIVEIRA TRUST DTVM S.A. - PRUDENCIAL,180001,N2,I,2,,CTVM DTVM - Agente Fiduciário,RJ,Rio de Janeiro,S4,,C0084040,36113876,A
11495073,202506,OM DISTRIBUIDORA DE TÍTULOS E VALORES MOBILIÁRIOS LTDA,201004,N2,I,2,Sociedade Distribuidora de TVM,CTVM DTVM - Câmbio,SP,São Paulo,S4,,C0084239,11495073,A
C0084239,202506,OM DTVM LTDA - PRUDENCIAL,180001,N2,I,2,,CTVM DTVM - Câmbio,SP,São Paulo,S4,,C0084239,11495073,A
33893637,202506,OMNIUM - DISTRIBUIDORA DE TITULOS E VALORES MOBILIARIOS S.A.,180001,N2,I,2,Sociedade Distribuidora de TVM,,,,,,,,I
62042056,202506,ONIX DISTRIBUIDORA DE TITULOS E VALORES MOBILIARIOS SA,196804,N2,I,2,Sociedade Distribuidora de TVM,,RJ,Rio de Janeiro,,,,,I
C0082011,202506,ONNIX CC LTDA. - PRUDENCIAL,180001,N2,I,2,,Corretoras de Câmbio,RS,Porto Alegre,S4,,C0082011,07333726,A
07333726,202506,ONNIX CORRETORA DE CÂMBIO LTDA.,200504,N2,I,2,Sociedade Corretora de Câmbio,Corretoras de Câmbio,RS,Porto Alegre,S4,,C0082011,07333726,A
17354184,202506,OPCAO DISTRIBUIDORA DE TITULOS E VALORES MOBILIARIOS LTDA,196809,N2,I,2,Sociedade Distribuidora de TVM,,MG,Belo Horizonte,,,,,I
35902295,202506,OPEN S.A. CORRETORA DE CÂMBIO E VALORES MOBILIÁRIOS,199001,N2,I,2,Sociedade Corretora de TVM,,RJ,Rio de Janeiro,,,,,I
08933202,202506,OPERACIONAL CORRETORA DE VALORES E CAMBIO LTDA,198405,N2,I,2,Sociedade Corretora de TVM,,PE,Recife,,,,,I
33859240,202506,OPERVAL S/A DISTRIBUIDORA DE TITULOS E VALORES MOBILIARIOS,196807,N2,I,2,Sociedade Distribuidora de TVM,,RJ,Rio de Janeiro,,,,,I
C0080518,202506,OPPORTUNITY - PRUDENCIAL,180001,N2,I,2,,CTVM DTVM - Distribuidor de Fundos,RJ,Rio de Janeiro,S4,,C0080518,01582158,A
01582158,202506,OPPORTUNITY DISTRIBUIDORA DE TÍTULOS E VALORES MOBILIÁRIOS LTDA,199702,N2,I,2,Sociedade Distribuidora de TVM,CTVM DTVM - Distribuidor de Fundos,RJ,Rio de Janeiro,S4,,C0080518,01582158,A
13293225,202506,ÓRAMA DISTRIBUIDORA DE TÍTULOS E VALORES MOBILIÁRIOS S.A.,201105,N2,I,2,Sociedade Distribuidora de TVM,CTVM DTVM - Distribuidor de Fundos,RJ,Rio de Janeiro,S1,,C0080336,30306294,A
02999677,202506,ORYX EMPREENDIMENTOS E PARTICIPACOES LTDA,199903,N2,I,2,Sociedade Corretora de TVM,,SP,São Paulo,,,,,I
13673855,202506,OSLO CAPITAL DISTRIBUIDORA DE TÍTULOS E VALORES MOBILIÁRIOS S.A,201109,N2,I,2,Sociedade Distribuidora de TVM,CTVM DTVM - Administrador Fiduciário,SP,São Paulo,S4,,C0084253,13673855,A
C0084253,202506,OSLO CAPITAL DTVM S.A. - PRUDENCIAL,180001,N2,I,2,,CTVM DTVM - Administrador Fiduciário,SP,São Paulo,S4,,C0084253,13673855,A
04170288,202506,OSVALVONE - CORRETORA DE CAMBIO E VALORES MOBILIARIOS LTDA,197108,N2,I,2,Sociedade Corretora de TVM,,AM,Manaus,,,,,I
10984417,202506,"OTBASTO CORRETORES DE CAMBIO, TITULOS E VALORES MOBILIARIOS LTDA",196806,N2,I,2,Sociedade Corretora de TVM,,PE,Recife,,,,,I
17350406,202506,OURO PRETO DISTRIBUIDORA DE TITULOS E VAL. MOBILIARIOS LTDA,196809,N2,I,2,Sociedade Distribuidora de TVM,,MG,Belo Horizonte,,,,,I
82554056,202506,OUROPAR LTDA-DISTRIBUIDORA DE TITULOS E VALORES MOBILIARIOS,199109,N2,I,2,Sociedade Distribuidora de TVM,,PR,Curitiba,,,,,I
55982326,202506,OVER DISTRIBUIDORA DE TITULOS E VALORES MOBILIARIOS LTDA,196810,N2,I,2,Sociedade Distribuidora de TVM,,RJ,Rio de Janeiro,,,,,I
C0081892,202506,OZ CC - PRUDENCIAL,180001,N2,I,2,,Corretoras de Câmbio,SP,São Paulo,S4,,C0081892,04062902,A
04062902,202506,OZ CORRETORA DE CÂMBIO S.A.,200011,N2,I,2,Sociedade Corretora de Câmbio,Corretoras de Câmbio,SP,São Paulo,S4,,C0081892,04062902,A
88653308,202506,P.H.CURRA DISTRIBUIDORA DE TITULOS E VALORES MOBILIARIOS,196809,N2,I,2,Sociedade Distribuidora de TVM,,RS,Caxias do Sul,,,,,I
28968279,202506,P.P.D. DISTRIBUIDORA DE TITULOS E VALORES MOBILIARIOS LTDA.,196805,N2,I,2,Sociedade Distribuidora de TVM,,SC,Florianópolis,,,,,I
27690668,202506,PACE DISTRIBUIDORA DE TITULOS E VALORES MOBILIARIOS LTDA.,198201,N2,I,2,Sociedade Distribuidora de TVM,,RJ,Rio de Janeiro,,,,,I
73279093,202506,PACIFIC INVEST DISTRIBUIDORA DE TITULOS E VALORES MOBILIARIOS LTDA,199309,N2,I,2,Sociedade Distribuidora de TVM,CTVM DTVM - Câmbio,SC,Joaçaba,S4,,C0084143,73279093,A
C0084143,202506,PACIFIC INVEST DTVM LTDA - PRUDENCIAL,180001,N2,I,2,,CTVM DTVM - Câmbio,SC,Joaçaba,S4,,C0084143,73279093,A
69577948,202506,PACTO CORRETORA DE CAMBIO E VALORES MOBILIARIOS LTDA.,199310,N2,I,2,Sociedade Corretora de TVM,,MA,São Luís,,,,,I
09978166,202506,PACTUAL S/A - DISTRIBUIDORA DE TITULOS E VALORES MOBILIARIOS,197903,N2,I,2,Sociedade Distribuidora de TVM,,RJ,Rio de Janeiro,,,,,I
33869553,202506,PADRÃO DISTRIBUIDORA DE TÍTULOS E VALORES MOBILIÁRIOS S.A.,196809,N2,I,2,Sociedade Distribuidora de TVM,,RJ,Rio de Janeiro,,,,,I
00920965,202506,PADUS DISTRIBUIDORA DE TITULOS E VALORES MOBILIARIOS LTDA,199512,N2,I,2,Sociedade Distribuidora de TVM,,SP,São Paulo,,,,,I
46403683,202506,PAGINVEST CORRETORA DE TITULOS E VALORES MOBILIARIOS LTDA.,202303,N2,I,2,Sociedade Corretora de TVM,,SP,São Paulo,S4,,C0084813,08561701,A
52085412,202506,PANORAMA DISTRIBUIDORA DE TITULOS E VALORES MOBILIARIOS LTDA,198211,N2,I,2,Sociedade Distribuidora de TVM,,SP,São Paulo,,,,,I
17387051,202506,PANVAL DISTRIBUIDORA DE TITULOS E VALORES MOBILIARIOS S/A,196906,N2,I,2,Sociedade Distribuidora de TVM,,RJ,Rio de Janeiro,,,,,I
76627819,202506,"PARFISA CORRETORA DE TITULOS, VALORES E CAMBIO S.A.",196801,N2,I,2,Sociedade Corretora de TVM,,PR,Curitiba,,,,,I
31624786,202506,PARTNER DISTRIBUIDORA DE TITULOS E VALORES MOBILIARIOS LTDA,198710,N2,I,2,Sociedade Distribuidora de TVM,,RJ,Rio de Janeiro,,,,,I
40304008,202506,PASARGADA CORRETORA DE CAMBIO LTDA,199110,N2,I,2,Sociedade Corretora de Câmbio,,RJ,Rio de Janeiro,,,,,I
08044554,202506,PATACA - CORRETORA DE CAMBIO E VALORES MOBILIARIOS LTDA,197204,N2,I,2,Sociedade Corretora de TVM,,RN,Natal,,,,,I
59615005,202506,PATACÃO DISTRIBUIDORA DE TÍTULOS E VALORES MOBILIÁRIOS LTDA.,196806,N2,I,2,Sociedade Distribuidora de TVM,,SP,Sorocaba,S4,,,,I
33050121,202506,PATRIMONIO - DISTRIBUIDORA DE TITULOS E VALORES MOBILIARIOS LTDA,196805,N2,I,2,Sociedade Distribuidora de TVM,,RJ,Rio de Janeiro,,,,,I
60419223,202506,PAULISTA DISTRIBUIDORA DE TITULOS E VALORES MOBILIARIOS LTDA,196805,N2,I,2,Sociedade Distribuidora de TVM,,SP,São Paulo,,,,,I
48678247,202506,PAVARINI CORRETORA DE VALORES MOBILIARIOS LTDA,197707,N2,I,2,Sociedade Corretora de TVM,,SP,Santos,,,,,I
34018945,202506,PEBB DISTRIBUIDORA DE TITULOS E VALORES MOBILIARIOS LTDA.,196810,N2,I,2,Sociedade Distribuidora de TVM,,RJ,Rio de Janeiro,,,,,I
62059068,202506,PECUNIA S.A. DISTRIBUIDORA DE TITULOS E VALORES MOBILIARIOS,196803,N2,I,2,Sociedade Distribuidora de TVM,,SP,São Paulo,,,,,I
42419440,202506,PECUS CORRETORA DE VALORES E CAMBIO S.A.,197412,N2,I,2,Sociedade Corretora de TVM,,RJ,Rio de Janeiro,,,,,I
33822834,202506,PELAJO & ASSOCIADOS - DISTRIBUIDORA DE TIT. E VAL. MOB. LTDA,196803,N2,I,2,Sociedade Distribuidora de TVM,,RJ,Rio de Janeiro,,,,,I
58242736,202506,PENFIELD COMMODITY CORRETORA DE CAMBIO E VALORES LTDA,196910,N2,I,2,Sociedade Corretora de TVM,,SP,Santos,,,,,I
17343682,202506,PENTAGONO S/A DISTRIBUIDORA DE TITULOS E VALORES MOBILIARIOS,196805,N2,I,2,Sociedade Distribuidora de TVM,CTVM DTVM - Agente Fiduciário,RJ,Rio de Janeiro,S5,,C0083773,17343682,A
C0083773,202506,PENTAGONO S/A DTVM - PRUDENCIAL,180001,N2,I,2,,CTVM DTVM - Agente Fiduciário,RJ,Rio de Janeiro,S5,,C0083773,17343682,A
24543688,202506,"PERFIL CORRETORA DE CÂMBIO, TÍTULOS E VALORES MOBILIÁRIOS LTDA",199005,N2,I,2,Sociedade Corretora de TVM,,SP,São Paulo,,,,,I
58270778,202506,PERFORMANCE - CORRETORA DE CAMBIO E VALORES MOBILIARIOS LTDA,197007,N2,I,2,Sociedade Corretora de TVM,,SP,Santos,,,,,I
33957838,202506,PERNAMBUCANAS DISTRIBUIDORA DE TÍTULOS E VALORES MOBILIÁRIOS LTDA.,196810,N2,I,2,Sociedade Distribuidora de TVM,,SP,São Paulo,,,,,I
17378415,202506,PERONA-DISTRIBUIDORA DE TITULOS E VALORES MOBILIARIOS LTDA,196811,N2,I,2,Sociedade Distribuidora de TVM,,MG,Belo Horizonte,,,,,I
36475473,202506,PI - DISTRIBUIDORA DE TITULOS E VALORES MOBILIARIOS LTDA.,199104,N2,I,2,Sociedade Distribuidora de TVM,,RJ,Niterói,,,,,I
33881673,202506,PIANO DISTRIBUIDORA DE TITULOS E VALORES MOBILIARIOS LTDA,196811,N2,I,2,Sociedade Distribuidora de TVM,,RJ,Rio de Janeiro,,,,,I
07138049,202506,PICPAY INVEST DISTRIBUIDORA DE TÍTULOS E VALORES MOBILIÁRIOS LTDA,200504,N2,I,2,Sociedade Distribuidora de TVM,,SP,São Paulo,S3,,C0088022,22896431,A
17365099,202506,PILAR DISTRIBUIDORA DE TITULOS E VALORES MOBILIARIOS LTDA,196809,N2,I,2,Sociedade Distribuidora de TVM,,MG,Belo Horizonte,,,,,I
92236777,202506,PINE INVESTIMENTOS DISTRIBUIDORA DE TÍTULOS E VALORES MOBILIÁRIOS LTDA,196907,N2,I,2,Sociedade Distribuidora de TVM,,SP,São Paulo,S3,,C0080374,62144175,A
09777270,202506,PINHO CORRETORA DE VALORES MOBILIARIOS LTDA,180001,N2,I,2,Sociedade Corretora de TVM,,,,,,,,I
40195497,202506,PINTO DE ALMEIDA DISTRIBUIDORA DE TITULOS E VALS. MOBS. S/A,199103,N2,I,2,Sociedade Distribuidora de TVM,,RJ,Niterói,,,,,I
69251239,202506,PIONEER CORRETORA DE CAMBIO LTDA,199212,N2,I,2,Sociedade Corretora de Câmbio,,SP,São Paulo,,,,,I
86774882,202506,PIRAMIDE DISTRIBUIDORA DE TITULOS E VALORES MOBILIARIOS LTDA,199403,N2,I,2,Sociedade Distribuidora de TVM,,RJ,Rio de Janeiro,,,,,I
09777479,202506,PIRATININGA - DISTRIBUIDORA DE TITULOS E VALORES MOBILIARIOS LTDA,180001,N2,I,2,Sociedade Distribuidora de TVM,,,,,,,,I
67204735,202506,PIT - DISTRIBUIDORA DE TITULOS E VALORES MOBILIARIOS LTDA,199202,N2,I,2,Sociedade Distribuidora de TVM,,SP,São Paulo,,,,,I
09816025,202506,PK CORRETORA DE CÂMBIO LTDA,180001,N2,I,2,Sociedade Corretora de Câmbio,,PR,Curitiba,,,,,I
33834235,202506,PLANFIN DISTRIBUIDORA DE TITULOS E VALORES MOBILIARIOS S/A,196803,N2,I,2,Sociedade Distribuidora de TVM,,RJ,Rio de Janeiro,,,,,I
61243895,202506,PLANIBANC - CORRETORA DE VALORES S/A,196707,N2,I,3,Sociedade Corretora de TVM,,SP,São Paulo,,,,,I
17277765,202506,PLANIBANC DISTRIBUIDORA DE TITULOS VALORES MOBILIARIOS S.A.,198612,N2,I,2,Sociedade Distribuidora de TVM,,SP,São Paulo,,,,,I
56003460,202506,PLANIF - DISTRIBUIDORA DE TITULOS E VALORES MOBILIARIOS LTDA,196812,N2,I,2,Sociedade Distribuidora de TVM,,RJ,Rio de Janeiro,,,,,I
61972907,202506,PLANISA DISTRIBUIDORA DE TITULOS E VALORES MOBILIARIOS LTDA,196802,N2,I,2,Sociedade Distribuidora de TVM,,SP,São Paulo,,,,,I
00806535,202506,PLANNER CORRETORA DE VALORES S.A.,199509,N2,I,2,Sociedade Corretora de TVM,CTVM DTVM - Administrador Fiduciário,SP,São Paulo,S4,,C0080587,00806535,A
62170675,202506,PLENA S.A. CORRETORA DE VALORES MOBILIARIOS,196705,N2,I,2,Sociedade Corretora de TVM,,SP,São Paulo,,,,,I
62040290,202506,PLENUS DISTRIBUIDORA DE TITULOS E VALORES MOBILIARIOS LTDA.,196802,N2,I,2,Sociedade Distribuidora de TVM,,RJ,Rio de Janeiro,,,,,I
32246613,202506,PLURIBANK DISTRIBUIDORA DE TITS. E VALORES MOBILIARIOS LTDA,198812,N2,I,2,Sociedade Distribuidora de TVM,,RJ,Rio de Janeiro,,,,,I
24895815,202506,"PLUS CORRETORA DE CAMBIO,TITULOS E VALORES MOBILIARIOS LTDA",198802,N2,I,2,Sociedade Corretora de TVM,,MG,Belo Horizonte,,,,,I
56003601,202506,PN DISTRIBUIDORA TÍTULOS E VALORES MOBILIÁRIOS,196812,N2,I,2,Sociedade Distribuidora de TVM,,RJ,Rio de Janeiro,,,,,I
62055892,202506,POLO DISTRIBUIDORA DE TITULOS E VALORES MOBILIARIOS S/A,196712,N2,I,2,Sociedade Distribuidora de TVM,,RJ,Rio de Janeiro,,,,,I
30129555,202506,PONTE S/A - CORRETORA DE TITULOS E VALORES MOBILIARIOS,196902,N2,I,2,Sociedade Corretora de TVM,,RJ,Niterói,,,,,I
33518739,202506,PONTO 3 DISTRIBUIDORA DE TITULOS E VALORES MOBILIARIOS S/A,196811,N2,I,2,Sociedade Distribuidora de TVM,,RJ,Rio de Janeiro,,,,,I
54099312,202506,PONTUAL CORRETORA DE CAMBIO E VALORES MOBILIARIOS S.A.,198501,N2,I,2,Sociedade Corretora de TVM,,CE,Fortaleza,,,,,I
62382361,202506,PONTUAL DISTRIBUIDORA DE TITULOS E VALORES MOBILARIOS LTDA,198912,N2,I,2,Sociedade Distribuidora de TVM,,SP,São Paulo,,,,,I
33813916,202506,PORTAL S/A DISTRIBUIDORA DE TITULOS E VALORES MOBILIARIOS,196805,N2,I,2,Sociedade Distribuidora de TVM,,RJ,Rio de Janeiro,,,,,I
62216205,202506,PORTOBELLO DISTRIBUIDORA DE TITULOS E VAL. MOBILIARIOS LTDA,196807,N2,I,2,Sociedade Distribuidora de TVM,,SC,Florianópolis,,,,,I
40303299,202506,PORTOPAR DISTRIBUIDORA DE TITULOS E VALORES MOBILIARIOS LTDA.,199109,N2,I,2,Sociedade Distribuidora de TVM,CTVM DTVM - Administrador Fiduciário,SP,São Paulo,S3,,C0080642,04862600,A
62138615,202506,POSICAO DISTRIBUIDORA DE TITULOS E VALORES MOBILIARIOS LTDA,196802,N2,I,2,Sociedade Distribuidora de TVM,,RJ,Rio de Janeiro,,,,,I
40161713,202506,POSITIVA CONSULT S.A.,199103,N2,I,2,Sociedade Corretora de TVM,,RJ,Rio de Janeiro,S4,,,,I
33387333,202506,POTENZA S.A. SOCIEDADE CORRETORA,196708,N2,I,2,Sociedade Corretora de TVM,,SP,Barueri,,,,,I
17393471,202506,PRATA - DISTRIBUIDORA DE TITULOS E VALORES MOBILIARIOS LTDA.,196807,N2,I,2,Sociedade Distribuidora de TVM,,RJ,Rio de Janeiro,,,,,I
92886340,202506,PRECISA CORRETORA DE CAMBIO E VALORES MOBILIARIOS S/A,196801,N2,I,2,Sociedade Corretora de TVM,,RS,Porto Alegre,,,,,I
40498305,202506,PREFERENCIAL SOCIEDADE CORRETORA DE TITS. MOBS.E CAMBIO LTDA,199107,N2,I,2,Sociedade Corretora de TVM,,BA,Salvador,,,,,I
33331786,202506,PREMIUM DISTRIBUIDORA DE TITULOS E VALORES MOBILIARIOS LTDA,196807,N2,I,2,Sociedade Distribuidora de TVM,,RJ,Rio de Janeiro,,,,,I
31155377,202506,PREVIDENCIA DISTRIBUIDORA DE TÍTULOS E VALORES MOBILIÁRIOS LTDA,196802,N2,I,2,Sociedade Distribuidora de TVM,,RJ,Rio de Janeiro,,,,,I
17360314,202506,PRICE DISTRIBUIDORA DE TITULOS E VALORES MOBILIARIOS LTDA,196810,N2,I,2,Sociedade Distribuidora de TVM,,SP,São Paulo,,,,,I
73169997,202506,PRINCIPAL CORRETORA DE VALORES MOBILIARIOS LTDA,199401,N2,I,2,Sociedade Corretora de TVM,,SP,Santos,,,,,I
15225410,202506,PRINCIPE - CORRETORA DE VALORES MOBILIARIOS LTDA,197011,N2,I,2,Sociedade Corretora de TVM,,BA,Salvador,,,,,I
00079140,202506,PRISMA DISTRIBUIDORA DE TITULOS E VALORES MOBILIARIOS LTDA,199407,N2,I,2,Sociedade Distribuidora de TVM,,RJ,Rio de Janeiro,,,,,I
36199347,202506,PROBANK DISTRIBUIDORA DE TITULOS E VALORES MOBILIARIOS LTDA,199009,N2,I,2,Sociedade Distribuidora de TVM,,RJ,Rio de Janeiro,,,,,I
08624413,202506,PRODUBAN DISTRIBUIDORA DE TITULOS  E VALORES MOBILIARIOS S.A.,198403,N2,I,2,Sociedade Distribuidora de TVM,,AL,Maceió,,,,,I
46008488,202506,PROESA DISTRIBUIDORA DE TITULOS E VALORES MOBILIARIOS LTDA,196804,N2,I,2,Sociedade Distribuidora de TVM,,SP,Santos,,,,,I
62298443,202506,PROFIT DISTRIBUIDORA DE TITULOS E VALORES MOBILIARIOS LTDA,196904,N2,I,2,Sociedade Distribuidora de TVM,,SP,São Paulo,,,,,I
07846595,202506,PROGREDIOR - CORRETORA DE TITULOS E VALORES MOBILIARIOS LTDA,197510,N2,I,2,Sociedade Corretora de TVM,,CE,Fortaleza,,,,,I
61817805,202506,PROGRESSO S/A CORRETORA DE CAMBIO E TITULOS,196709,N2,I,2,Sociedade Corretora de TVM,,SP,São Paulo,,,,,I
10546992,202506,PROJECAO CORRETORA DE CAMBIO E VALORES MOBILIARIOS LTDA,198512,N2,I,2,Sociedade Corretora de TVM,,PE,Recife,,,,,I
39037684,202506,PROJECAO-DISTRIBUIDORA DE TITULOS E VALORES MOBILIARIOS LTDA,199007,N2,I,2,Sociedade Distribuidora de TVM,,SP,São Paulo,,,,,I
C0086804,202506,PRONANCE SCC - PRUDENCIAL,180001,N2,I,2,,Corretoras de Câmbio,PR,Curitiba,S5,,C0086804,41560568,A
41560568,202506,PRONANCE SOCIEDADE CORRETORA DE CÂMBIO LTDA,202301,N2,I,2,Sociedade Corretora de Câmbio,Corretoras de Câmbio,PR,Curitiba,S5,,C0086804,41560568,A
73537821,202506,PRUDENTIAL S.A.- DISTRIBUIDORA DE TIT. E VALORES MOBILIARIOS,199310,N2,I,2,Sociedade Distribuidora de TVM,,RJ,Rio de Janeiro,,,,,I
57936502,202506,PURIMIL - DISTRIBUIDORA DE TITULOS E VALS. MOBILIARIOS LTDA,198802,N2,I,2,Sociedade Distribuidora de TVM,,SP,São Paulo,,,,,I
46955383,202506,QI DISTRIBUIDORA DE TÍTULOS E VALORES MOBILIÁRIOS LTDA.,202212,N2,I,3,Sociedade Distribuidora de TVM,CTVM DTVM - Administrador Fiduciário,SP,São Paulo,S4,,C0084882,32402502,A
62264924,202506,QORE DISTRIBUIDORA DE TITULOS E VALORES MOBILIÁRIOS LTDA,196810,N2,I,2,Sociedade Distribuidora de TVM,CTVM DTVM - Câmbio,SP,São Paulo,S4,,C0083838,62264924,A
C0083838,202506,QORE DTVM LTDA - PRUDENCIAL,180001,N2,I,2,,CTVM DTVM - Câmbio,SP,São Paulo,S4,,C0083838,62264924,A
02917022,202506,"QUANTIA CORRETORA DE CAMBIO, TITULOS E VAL.MOBILIARIOS LTDA",199901,N2,I,2,Sociedade Corretora de TVM,,RJ,Rio de Janeiro,,,,,I
68726611,202506,QUANTIA DISTRIBUIDORA DE TITULOS E VALORES MOBILIARIOS LTDA,199301,N2,I,2,Sociedade Distribuidora de TVM,,SP,São Paulo,,,,,I
00468279,202506,QUARTZO DISTRIBUIDORA DE TITULOS E VALORES MOBILIARIOS LTDA.,199509,N2,I,2,Sociedade Distribuidora de TVM,,RJ,Rio de Janeiro,,,,,I
92201011,202506,R DUARTE DISTRIBUIDORA DE TITULOS E VALORES MOBILIARIOS LTDA,196808,N2,I,2,Sociedade Distribuidora de TVM,,RS,Pelotas,,,,,F
04848677,202506,R.S. CORRETORA DE CAMBIO E VALORES MOBILIARIOS LTDA,198305,N2,I,2,Sociedade Corretora de TVM,,PA,Belém,,,,,I
33438680,202506,RABECINI DISTRIBUIDORA DE TITULOS E VALORES MOBILIARIOS LTDA,196811,N2,I,2,Sociedade Distribuidora de TVM,,MT,Alta Floresta,,,,,I
33863911,202506,RADAR DISTRIBUIDORA DE TITULOS E VALORES MOBILIARIOS LTDA,196809,N2,I,2,Sociedade Distribuidora de TVM,,RJ,Rio de Janeiro,,,,,I
01632132,202506,"RADIAL CORRETORA S.A. CAMBIO, TITULOS E VALORES MOBILIARIOS",196909,N2,I,2,Sociedade Corretora de TVM,,MG,Belo Horizonte,,,,,I
00029926,202506,RAIZ DISTRIBUIDORA DE TITULOS E VALORES MOBILIARIOS LTDA,196901,N2,I,2,Sociedade Distribuidora de TVM,,SP,São Paulo,,,,,I
04169769,202506,RAUL SILVA CORRETORA DE CAMBIO E VALORES MOBILIARIOS LTDA,197107,N2,I,2,Sociedade Corretora de TVM,,AM,Manaus,,,,,I
89960090,202506,RB INVESTIMENTOS DISTRIBUIDORA DE TITULOS E VALORES MOBILIARIOS LIMITADA,198311,N2,I,2,Sociedade Distribuidora de TVM,CTVM DTVM - Distribuidor de Fundos,SP,São Paulo,S4,,C0084174,89960090,A
C0084174,202506,RB INVESTIMENTOS DTVM - PRUDENCIAL,180001,N2,I,2,,CTVM DTVM - Distribuidor de Fundos,SP,São Paulo,S4,,C0084174,89960090,A
C0085111,202506,REAG DTVM - PRUDENCIAL,180001,N2,I,2,,CTVM DTVM - Administrador Fiduciário,SP,São Paulo,S4,,C0085111,34829992,A
34829992,202506,REAG TRUST DISTRIBUIDORA DE TÍTULOS E VALORES MOBILIÁRIOS S.A.,202001,N2,I,2,Sociedade Distribuidora de TVM,CTVM DTVM - Administrador Fiduciário,SP,São Paulo,S4,,C0085111,34829992,A
33829300,202506,REAL GUANABARA S/A DISTRIBUIDORA DE TITS E VALS MOBILS,196806,N2,I,2,Sociedade Distribuidora de TVM,,RJ,Rio de Janeiro,,,,,I
33863119,202506,REAL RIO S.A. DISTRIBUIDORA DE TITULOS EVALORES MOBILIARIOS,180001,N2,I,2,Sociedade Distribuidora de TVM,,,,,,,,I
33877838,202506,RECEITA DISTRIBUIDORA DE TITULOS E VALORES MOBILIARIOS LTDA,196810,N2,I,2,Sociedade Distribuidora de TVM,,RJ,Rio de Janeiro,,,,,I
61756128,202506,REGIA DISTRIBUIDORA DE TITULOS E VALORES MOBILIARIOS LTDA,196807,N2,I,2,Sociedade Distribuidora de TVM,,SP,São Paulo,,,,,I
33941634,202506,REINVEST DISTRIBUIDORA DE TITULOS E VALORES MOBILIARIOS LTDA,196909,N2,I,2,Sociedade Distribuidora de TVM,,RJ,Rio de Janeiro,,,,,I
C0082420,202506,REMITLY CC LTDA. - PRUDENCIAL,180001,N2,I,3,,Corretoras de Câmbio,SP,São Paulo,S4,,C0082420,17635177,A
17635177,202506,REMITLY CORRETORA DE CÂMBIO LTDA.,201304,N2,I,3,Sociedade Corretora de Câmbio,Corretoras de Câmbio,SP,São Paulo,S4,,C0082420,17635177,A
62287735,202506,RENASCENCA DISTRIBUIDORA DE TÍTULOS E VALORES MOBILIÁRIOS LTDA,196810,N2,I,2,Sociedade Distribuidora de TVM,CTVM DTVM - Bolsa,RS,Porto Alegre,S4,,C0082664,92875780,A
58225970,202506,RENATO NOVAES CORRETAGENS DE CAMBIO E TITULOS LTDA,196806,N2,I,2,Sociedade Corretora de TVM,,SP,Santos,,,,,I
61931002,202506,RENDA-DISTRIBUIDORA DE TITULOS E VALORES MOBILIARIOS LTDA,196802,N2,I,2,Sociedade Distribuidora de TVM,,SP,São Paulo,,,,,I
78942398,202506,"RENDICAP CORRETORA DE CAMBIO, TITULOS E VALORES MOBILIARIOS LTDA",198511,N2,I,2,Sociedade Corretora de TVM,,PR,Curitiba,,,,,I
17354911,202506,RENDIMENTO DISTRIBUIDORA DE TÍTULOS E VALORES MOBILIÁRIOS S/A,196808,N2,I,2,Sociedade Distribuidora de TVM,,SP,São Paulo,S4,,C0080659,68900810,A
05437017,202506,RENDIMENTO DISTRIBUIDORA TITULOS E VALORES MOBILIARIOS LTDA,198505,N2,I,2,Sociedade Distribuidora de TVM,,SP,São Paulo,,,,,I
58239039,202506,RENE RAMOS - CORRETORA DE CAMBIO E VALORES MOBILIARIOS LTDA,196712,N2,I,2,Sociedade Corretora de TVM,,SP,Santos,,,,,I
33806811,202506,RHEMA - DISTRIBUIDORA DE TITULOS E VALORES MOBILIARIOS LTDA.,196805,N2,I,2,Sociedade Distribuidora de TVM,,RJ,Rio de Janeiro,,,,,I
33857731,202506,RIBEIRAO NOVO ADMINISTRAÇÃO DE BENS S.A.,196807,N2,I,2,Sociedade Distribuidora de TVM,,SP,São Paulo,,,,,I
13434335,202506,RICO CORRETORA DE TÍTULOS E VALORES MOBILIÁRIOS S.A.,201105,N2,I,2,Sociedade Corretora de TVM,,SP,São Paulo,,,,,I
72600026,202506,RIO BRAVO INVESTIMENTOS - DISTRIBUIDORA DE TÍTULOS E VALORES MOBILIÁRIOS LTDA.,199410,N2,I,3,Sociedade Distribuidora de TVM,CTVM DTVM - Bolsa,SP,São Paulo,S4,,C0087975,72600026,A
C0087975,202506,RIO BRAVO INVESTIMENTOS DTVM - PRUDENCIAL,180001,N2,I,3,,,SP,São Paulo,S4,,C0087975,72600026,A
20617775,202506,RIO DOCE VALORES - DIST.DE TITS. E VALS.MOBILIARIOS LTDA,196809,N2,I,2,Sociedade Distribuidora de TVM,,ES,Vitória,,,,,I
09777265,202506,RIO S.A. DISTRIBUIDORA DE TITULOS E VALORES MOBILIARIOS,180001,N2,I,2,Sociedade Distribuidora de TVM,,,,,,,,I
90021635,202506,RIO SINOS CORRETORA DE CAMBIO LTDA,198407,N2,I,2,Sociedade Corretora de Câmbio,,RS,Porto Alegre,,,,,I
96040068,202506,RIVERA DISTRIBUIDORA DE TITULOS E VALORES MOBILIARIOS LTDA,196805,N2,I,2,Sociedade Distribuidora de TVM,,RS,Sant'Ana do Livramento,,,,,I
33879289,202506,RJB - DISTRIBUIDORA DE TITULOS E VALORES MOBILIARIOS LTDA,196810,N2,I,2,Sociedade Distribuidora de TVM,,RJ,Rio de Janeiro,,,,,I
42066258,202506,RJI CORRETORA DE TITULOS E VALORES MOBILIARIOS LTDA,199212,N2,I,2,Sociedade Corretora de TVM,CTVM DTVM - Administrador Fiduciário,RJ,Rio de Janeiro,S4,,C0082798,42066258,A
C0082798,202506,RJI CTVM - PRUDENCIAL,180001,N2,I,2,,CTVM DTVM - Administrador Fiduciário,RJ,Rio de Janeiro,S4,,C0082798,42066258,A
62143623,202506,ROMA - DISTRIBUIDORA DE TITULOS E VALORES MOBILIARIOS LTDA,196806,N2,I,2,Sociedade Distribuidora de TVM,,RJ,Rio de Janeiro,,,,,I
89433122,202506,ROYAL DISTRIBUIDORA DE TITULOS E VALORES MOBILIARIOS LTDA,196805,N2,I,2,Sociedade Distribuidora de TVM,,RJ,Rio de Janeiro,,,,,I
04809885,202506,RUBEN MARTINS - CORRETORA DE CAMBIO LTDA.,197204,N2,I,2,Sociedade Corretora de Câmbio,,PA,Belém,,,,,I
30117634,202506,RUBENS TEIXEIRA - DISTIBUIDORA DE TITULOS E VALORES MOBILIARIOS,180001,N2,I,2,Sociedade Distribuidora de TVM,,,,,,,,I
33873175,202506,RUMO DISTRIBUIDORA DE TÍTULOS E VALORES MOBILIÁRIOS,196805,N2,I,2,Sociedade Distribuidora de TVM,,RJ,Rio de Janeiro,,,,,I
17694787,202506,RURAL CORRETORA DE TITULOS E VALORES MOBILIARIOS S.A.,197407,N2,I,2,Sociedade Corretora de TVM,,MG,Belo Horizonte,,,,,I
17360777,202506,RURAL DISTRIBUIDORA DE TITULOS E VALORES MOBILIARIOS S/A,196810,N2,I,2,Sociedade Distribuidora de TVM,,MG,Belo Horizonte,,,,,I
09777263,202506,S G CORRETORA DE VALORES MOBILIARIOS S.A.,180001,N2,I,2,Sociedade Corretora de TVM,,,,,,,,I
67391821,202506,S. HAYATA CORRETORA DE CÂMBIO S.A.,199203,N2,I,2,Sociedade Corretora de Câmbio,,SP,São Paulo,,,,,I
62224670,202506,S. LEVI DISTRIBUIDORA DE TITULOS E VALORES MOBILIARIOS LTDA,196806,N2,I,2,Sociedade Distribuidora de TVM,,SP,Cotia,,,,,I
62318407,202506,S3 CACEIS BRASIL DISTRIBUIDORA DE TÍTULOS E VALORES MOBILIÁRIOS S.A.,196810,N2,I,3,Sociedade Distribuidora de TVM,CTVM DTVM - Administrador Fiduciário,SP,São Paulo,S4,,C0086622,62318407,A
C0086622,202506,S3 CACEIS BRASIL DTVM - PRUDENCIAL,180001,N2,I,3,,CTVM DTVM - Administrador Fiduciário,SP,São Paulo,S4,,C0086622,62318407,A
C0084758,202506,SADOC CC - PRUDENCIAL,180001,N2,I,2,,Corretoras de Câmbio,CE,Fortaleza,S5,,C0084758,28762249,A
28762249,202506,SADOC SOCIEDADE CORRETORA DE CÂMBIO LTDA.,201802,N2,I,2,Sociedade Corretora de Câmbio,Corretoras de Câmbio,CE,Fortaleza,S5,,C0084758,28762249,A
45056579,202506,SAFIC - CORRETORA DE VALORES E CAMBIO S/A,180001,N2,I,2,Sociedade Corretora de TVM,,SP,São Paulo,,,,,I
65913436,202506,SAFRA ASSET CORRETORA DE TÍTULOS E VALORES MOBILIÁRIOS S.A.,199105,N2,I,2,Sociedade Corretora de TVM,CTVM DTVM - Bolsa,SP,São Paulo,S2,,C0080109,58160789,A
62180047,202506,SAFRA ASSET MANAGEMENT LTDA,196808,N2,I,2,Sociedade Distribuidora de TVM,,SP,São Paulo,,,,,I
60783503,202506,SAFRA CORRETORA DE VALORES E CÂMBIO LTDA.,196708,N2,I,2,Sociedade Corretora de TVM,,SP,São Paulo,S2,,,,I
01638542,202506,SAFRA DISTRIBUIDORA DE TÍTULOS E VALORES MOBILIÁRIOS LTDA.,199912,N2,I,2,Sociedade Distribuidora de TVM,,SP,São Paulo,S2,,C0080109,58160789,A
61444949,202506,SAGITUR CORRETORA DE CÂMBIO S.A.,201702,N2,I,2,Sociedade Corretora de Câmbio,,SP,São Paulo,S4,,,,I
62353040,202506,SAINT JAMES DISTRIBUIDORA DE TITULOS E VAL MOBILIARIOS LTDA,196811,N2,I,2,Sociedade Distribuidora de TVM,,SP,São Paulo,,,,,I
31198161,202506,SAMBOLSA DISTRIBUIDORA DE TITULOS E VALS. MOBILIARIOS LTDA,198712,N2,I,2,Sociedade Distribuidora de TVM,,RJ,Rio de Janeiro,,,,,I
61954160,202506,SANKT GALLEN DISTRIBUIDORA DE TITS. E VALS. MOBILIARIOS LTDA,199003,N2,I,2,Sociedade Distribuidora de TVM,,SP,São Paulo,,,,,I
32206419,202506,SANTA MARIA DISTRIBUIDORA DE TITULOS E VALORES MOBILS. S.A.,198901,N2,I,2,Sociedade Distribuidora de TVM,,SP,São Paulo,,,,,I
73159642,202506,SANTANDER ASSET MANAGEMENT DISTRIBUIDORA DE TÍTULOS E VALORES MOBILIÁRIOS LTDA.,200611,N2,I,3,Sociedade Distribuidora de TVM,,SP,São Paulo,,,,,I
49474463,202506,SANTANDER BRASIL S.A. CORRETORA DE TÍTULOS E VALORES MOBILIÁRIOS,197810,N2,I,3,Sociedade Corretora de TVM,,SP,São Paulo,,,,,I
51014223,202506,SANTANDER CORRETORA DE CÂMBIO E VALORES MOBILIÁRIOS S.A.,198208,N2,I,3,Sociedade Corretora de TVM,,SP,São Paulo,S1,,C0080185,90400888,A
03502968,202506,SANTANDER DISTRIBUIDORA DE TÍTULOS E VALORES MOBILIÁRIOS S.A.,200002,N2,I,3,Sociedade Distribuidora de TVM,,SP,São Paulo,S1,,C0080185,90400888,A
61784732,202506,"SANTANDER NOROESTE S.A. CORRET CAMBIO, TIT, VAL MOBILIARIOS",196708,N2,I,2,Sociedade Corretora de TVM,,SP,São Paulo,,,,,I
61510574,202506,SANTANDER S.A. - CORRETORA DE CÂMBIO E TÍTULOS,196705,N2,I,3,Sociedade Corretora de TVM,,SP,São Paulo,,,,,I
42154583,202506,SANTANDER S.A. CORRETORA DE CAMBIO E VALORES MOBILIARIOS,197205,N2,I,3,Sociedade Corretora de TVM,,RJ,Rio de Janeiro,,,,,I
61733515,202506,SANTANDER SECURITIES (BRASIL)CORRETORA DE VALORES MOBILIÁRIOS S.A.,196707,N2,I,3,Sociedade Corretora de TVM,,SP,São Paulo,,,,,I
17361510,202506,SANTISTA DISTRIBUIDORA DE TITULOS E VALORES MOBILIARIOS S/A,196810,N2,I,2,Sociedade Distribuidora de TVM,,SP,São Paulo,,,,,I
62182555,202506,SAO JOSE DTVM LTDA,196807,N2,I,2,Sociedade Distribuidora de TVM,,SP,São Paulo,,,,,I
62309208,202506,SAO LUIZ DISTRIBUIDORA DE TITULOS E VALORES MOBILIARIOS LTDA,196810,N2,I,2,Sociedade Distribuidora de TVM,,SP,São Paulo,,,,,F
61822052,202506,SAO PAULO CORRETORA DE VALORES LTDA,196705,N2,I,2,Sociedade Corretora de TVM,,SP,São Paulo,,,,,I
30126510,202506,SARAMAGO PINHEIRO CORRETORA DE VALORES MOBILIARIOS LTDA,196908,N2,I,2,Sociedade Corretora de TVM,,RJ,Niterói,,,,,I
C0085795,202506,SAYGO CC - PRUDENCIAL,180001,N2,I,2,,Corretoras de Câmbio,SP,Jundiaí,S4,,C0085795,40333582,A
40333582,202506,SAYGO CORRETORA DE CÂMBIO S.A.,202106,N2,I,2,Sociedade Corretora de Câmbio,Corretoras de Câmbio,SP,Jundiaí,S4,,C0085795,40333582,A
62332077,202506,SB CORRETORA CAMBIO TITULOS VALORES MOBILIARIOS LTDA,196810,N2,I,2,Sociedade Corretora de TVM,,SP,São Paulo,,,,,I
41733189,202506,SCE CORRETORA DE CAMBIO LTDA,199112,N2,I,2,Sociedade Corretora de Câmbio,,MG,Belo Horizonte,,,,,I
39696805,202506,SCOTIABANK BRASIL S.A. CORRETORA DE TÍTULOS E VALORES MOBILIÁRIOS,202102,N2,I,3,Sociedade Corretora de TVM,,SP,São Paulo,S3,,C0081452,29030467,A
26057596,202506,SECULUS DISTRIBUIDORA DE TITULOS E VALORES MOBILIARIOS LTDA,199009,N2,I,2,Sociedade Distribuidora de TVM,,MG,Belo Horizonte,,,,,I
00329598,202506,SEFER INVESTIMENTOS DISTRIBUIDORA DE TÍTULOS E VALORES MOBILIÁRIOS LTDA,199412,N2,I,3,Sociedade Distribuidora de TVM,CTVM DTVM - Administrador Fiduciário,SP,São Paulo,S4,,C0083924,00329598,A
C0083924,202506,SEFER INVESTIMENTOS DTVM - PRUDENCIAL,180001,N2,I,3,,CTVM DTVM - Administrador Fiduciário,SP,São Paulo,S4,,C0083924,00329598,A
17328618,202506,SELECAO DISTRIBUIDORA DE TITULOS E VALORES MOBILIARIOS LTDA,196803,N2,I,2,Sociedade Distribuidora de TVM,,PE,Recife,,,,,I
58228446,202506,"SELLER CORRETORA DE CAMBIO, TÍTULOS E VALORES MOBILIÁRIOS S/A",196806,N2,I,2,Sociedade Corretora de TVM,,SP,São Paulo,,,,,I
58097452,202506,SELLER DISTRIBUIDORA DE TÍTULOS E VALORES MOBILIIÁRIOS S.A.,198711,N2,I,2,Sociedade Distribuidora de TVM,,SP,São Paulo,,,,,I
34272732,202506,SENA DISTRIBUIDORA DE TITULOS E VALORES MOBILIARIOS S/A,196805,N2,I,2,Sociedade Distribuidora de TVM,,RJ,Rio de Janeiro,,,,,I
76661842,202506,SENAP DISTRIBUIDORA DE TITULOS E VALORES MOBILIARIOS LTDA,196804,N2,I,2,Sociedade Distribuidora de TVM,,DF,Brasília,,,,,I
62264874,202506,SENIOR DISTRIBUIDORA DE TITULOS E VALORES MOBILIARIOS S/A,196811,N2,I,2,Sociedade Distribuidora de TVM,,RJ,Rio de Janeiro,,,,,I
69018810,202506,"SENIOR S/A CORRETORA DE CAMBIO,TITULOS E VALORES MOBILIARIOS",199210,N2,I,2,Sociedade Corretora de TVM,,RJ,Rio de Janeiro,,,,,I
C0082750,202506,SENSO CCVM S.A. - PRUDENCIAL,180001,N2,I,2,,CTVM DTVM - Bolsa,RJ,Rio de Janeiro,S4,,C0082750,17352220,A
17352220,202506,SENSO CORRETORA DE CAMBIO E VALORES MOBILIARIOS S.A,196809,N2,I,2,Sociedade Corretora de TVM,CTVM DTVM - Bolsa,RJ,Rio de Janeiro,S4,,C0082750,17352220,A
08026957,202506,SERVECRED - CORRETORA DE CAMBIO E VALORES MOBILIARIOS LTDA,197107,N2,I,2,Sociedade Corretora de TVM,,CE,Fortaleza,,,,,I
33863093,202506,SETA DISTRIBUIDORA DE TÍTULOS E VALORES MOBILIÁRIOS LTDA.,196804,N2,I,2,Sociedade Distribuidora de TVM,,RJ,Rio de Janeiro,,,,,I
10974921,202506,SEVAG - CORRETORA DE VALORES LTDA,196802,N2,I,2,Sociedade Corretora de TVM,,PE,Recife,,,,,I
62358668,202506,SEVAL - DISTRIBUIDORA DE TITULOS E VALORES MOBILIARIOS LTDA,196809,N2,I,2,Sociedade Distribuidora de TVM,,SP,São Paulo,,,,,I
96201355,202506,SF DISTRIBUIDORA DE TITULOS E VALORES MOBILIARIOS LTDA.,199302,N2,I,2,Sociedade Distribuidora de TVM,,SP,São Paulo,,,,,I
88172010,202506,SGGK DISTRIBUIDORA DE TITULOS E VALORES MOBILIARIOS LTDA,198112,N2,I,2,Sociedade Distribuidora de TVM,,RJ,Rio de Janeiro,,,,,I
03429275,202506,"SHARE - EKOBANK CORRETORA DE CAMBIO, TIT. E VAL. MOB. LTDA.",199911,N2,I,2,Sociedade Corretora de TVM,,PE,Recife,,,,,I
00120177,202506,SHECK CORRETORA DE TITULOS E VALORES MOBILIARIOS LTDA,199407,N2,I,2,Sociedade Corretora de TVM,,RJ,Rio de Janeiro,,,,,I
17381377,202506,SHECK S/A DISTRIBUIDORA DE TITULOS E VALORES MOBILIARIOS,196809,N2,I,2,Sociedade Distribuidora de TVM,,RJ,Rio de Janeiro,,,,,I
21593736,202506,SHERBANK - DISTRIBUIDORA TITULOS E VALORES MOBILIARIOS LTDA,196806,N2,I,2,Sociedade Distribuidora de TVM,,RJ,Rio de Janeiro,,,,,I
07397614,202506,SICOOB DISTRIBUIDORA DE TÍTULOS E VALORES MOBILIÁRIOS LTDA.,201102,N2,I,2,Sociedade Distribuidora de TVM,,DF,Brasília,S2,,C0080879,02038232,A
61806980,202506,SIGMA DISTRIBUIDORA DE TITULOS E VALORES MOBILIARIOS LTDA,196804,N2,I,2,Sociedade Distribuidora de TVM,,SP,São Paulo,,,,,I
61934725,202506,SILEX CORRETORA DE CAMBIO E VALORES MOBILIARIOS LTDA,196709,N2,I,2,Sociedade Corretora de TVM,,SP,São Paulo,,,,,I
C0082640,202506,SIMPAUL CCVM - PRUDENCIAL,180001,N2,I,3,,CTVM DTVM - Administrador Fiduciário,RS,Porto Alegre,S4,,C0082640,68757681,A
68757681,202506,SIMPAUL CORRETORA DE CAMBIO E VALORES MOBILIARIOS  S.A.,199302,N2,I,3,Sociedade Corretora de TVM,CTVM DTVM - Administrador Fiduciário,RS,Porto Alegre,S4,,C0082640,68757681,A
33747221,202506,SINAL S.A. SOCIEDADE CORRETORA DE VALORES,196708,N2,I,2,Sociedade Corretora de TVM,,RJ,Rio de Janeiro,,,,,I
C0082389,202506,SINGRATUR CC LTDA. - PRUDENCIAL,180001,N2,I,2,,Corretoras de Câmbio,PR,Maringá,S5,,C0082389,16854999,A
16854999,202506,SINGRATUR CORRETORA DE CÂMBIO LTDA,201212,N2,I,2,Sociedade Corretora de Câmbio,Corretoras de Câmbio,PR,Maringá,S5,,C0082389,16854999,A
62285390,202506,SINGULARE CORRETORA DE TÍTULOS E VALORES MOBILIÁRIOS S.A.,199002,N2,I,3,Sociedade Corretora de TVM,CTVM DTVM - Administrador Fiduciário,SP,São Paulo,S4,,C0084882,32402502,A
02984274,202506,SINTESE DISTRIBUIDORA DE TITULOS DE VALORES MOBILIARIOS LTDA,199902,N2,I,2,Sociedade Distribuidora de TVM,,SP,São Paulo,,,,,I
01960479,202506,SINTONIA DISTRIBUIDORA DE TITULOS E VALORES MOBILIARIOS LTDA,199708,N2,I,2,Sociedade Distribuidora de TVM,,DF,Brasília,,,,,I
50582527,202506,SISTEMA S/A - CORRETORA DE CAMBIO E VALORES MOBILIARIOS,198206,N2,I,2,Sociedade Corretora de TVM,,SP,Santos,,,,,I
C0082743,202506,SITA SCCVM S.A. - PRUDENCIAL,180001,N2,I,2,,CTVM DTVM - Bolsa,MG,Belo Horizonte,S4,,C0082743,17315359,A
17315359,202506,SITA SOCIEDADE CORRETORA DE CAMBIO E VALORES MOBILIARIOS S.A,196709,N2,I,2,Sociedade Corretora de TVM,CTVM DTVM - Bolsa,MG,Belo Horizonte,S4,,C0082743,17315359,A
67043885,202506,SIWAL CORRETORA DE CAMBIO LTDA,199110,N2,I,2,Sociedade Corretora de Câmbio,,SP,São Paulo,,,,,I
65633331,202506,SMA-DISTRIBUIDORA DE TITULOS E VALORES MOBILIARIOS LTDA,199103,N2,I,2,Sociedade Distribuidora de TVM,,SP,São Paulo,,,,,I
28154946,202506,"SOCIEDADE CORRETORA DE CAMBIO E VALORES MOBILIARIOS LIMA, LIMA LTDA",196809,N2,I,2,Sociedade Corretora de TVM,,ES,Vitória,,,,,F
09777261,202506,SOCIEDADE CORRETORA JOAO DE CARVALHO LTDA,180001,N2,I,2,Sociedade Corretora de TVM,,,,,,,,I
92779313,202506,SOCIEDADE CORRETORA TOWNSEND TITULOS E VALORES MOBILIARIOS LTDA,196709,N2,I,2,Sociedade Corretora de TVM,,RS,Porto Alegre,,,,,I
09777260,202506,SOCIEDADE CORRETORA VANILDO ANTUNES - CAMBIO E TITULOS MOBILIARIOS LTDA,180001,N2,I,2,Sociedade Corretora de TVM,,,,,,,,I
01074422,202506,SOCIETA DE VALORIS DISTRIB TITULOS E VALORES MOBILIARIOS LT,199604,N2,I,2,Sociedade Distribuidora de TVM,,SP,Jundiaí,,,,,I
61668117,202506,"SOCIETE GENERALE S.A. CORRETORA DE CÂMBIO, TÍTULOS E VALORES MOBILIÁRIOS",196705,N2,I,3,Sociedade Corretora de TVM,,SP,São Paulo,,,,,I
33258377,202506,SODIVA SOCIEDADE DISTRIBUIDORA DE TITULOS E VALS MOBIL LTDA,196811,N2,I,2,Sociedade Distribuidora de TVM,,RJ,Rio de Janeiro,,,,,I
60881620,202506,SOFINAL S/A CORRETORA DE CAMBIO E VALORES,196707,N2,I,2,Sociedade Corretora de TVM,,SP,Itapecerica da Serra,,,,,I
61946851,202506,SOFINAL S/A DISTRIBUIDORA DE TITULOS E VALORES MOBILIARIOS,196801,N2,I,2,Sociedade Distribuidora de TVM,,SP,Itapecerica da Serra,,,,,I
15177322,202506,SOFISA S/A DISTRIBUIDORA DE TITULOS E VALORES MOBILIARIOS,196809,N2,I,2,Sociedade Distribuidora de TVM,,SP,São Paulo,,,,,I
C0082097,202506,SOL CC - PRUDENCIAL,180001,N2,I,2,,Corretoras de Câmbio,RN,Natal,S4,,C0082097,08520517,A
08520517,202506,SOL CORRETORA DE CÂMBIO S.A.,200703,N2,I,2,Sociedade Corretora de Câmbio,Corretoras de Câmbio,RN,Natal,S4,,C0082097,08520517,A
06811806,202506,SOL NASCENTE CORRETORA DE CAMBIO E VALORES LTDA,197508,N2,I,2,Sociedade Corretora de TVM,,CE,Fortaleza,,,,,I
62353172,202506,SOL NASCENTE S/A CORRETORA DE CAMBIO E VALORES MOBILIARIOS,196808,N2,I,2,Sociedade Corretora de TVM,,SP,São Paulo,,,,,I
96477906,202506,"SOLIDEZ - CORRETORA DE CÂMBIO, TÍTULOS E VALORES MOBILIÁRIOS LTDA",199306,N2,I,2,Sociedade Corretora de TVM,CTVM DTVM - Outros,SP,São Paulo,S4,,,,I
87410320,202506,SOLIDUS S.A. DISTRIBUIDORA DE TITULOS E VALORES MOBILIARIOS,196807,N2,I,2,Sociedade Distribuidora de TVM,,RS,Porto Alegre,,,,,I
33831488,202506,SOMARTEC DISTRIBUIDORA DE TITULOS E VALORES MOBILIARIOS LTDA,196806,N2,I,2,Sociedade Distribuidora de TVM,,SP,São Paulo,,,,,I
43087527,202506,SOUZA BUENO DISTRIBUIDORA TITULOS E VALORES MOBILIARIOS LTDA,196812,N2,I,2,Sociedade Distribuidora de TVM,,SP,São Paulo,,,,,I
62124722,202506,SOUZA CRUZ-DISTRIBUIDORA DE TITULOS E VAL. MOBILIARIOS S/A,196806,N2,I,3,Sociedade Distribuidora de TVM,,RJ,Rio de Janeiro,,,,,I
86766508,202506,SOVAL - CORRETORA DE CAMBIO E VALORES MOBILIARIOS LTDA,180001,N2,I,2,Sociedade Corretora de TVM,,,,,,,,I
17365255,202506,SOVALORES S/A DISTRIBUIDORA DE TITULOS E VALORES MOBILIARIOS,196803,N2,I,2,Sociedade Distribuidora de TVM,,RJ,Rio de Janeiro,,,,,I
92733369,202506,SPAC DISTRIBUIDORA DE TITULOS E VALORES MOBILIARIOS LTDA,196808,N2,I,2,Sociedade Distribuidora de TVM,,RJ,Rio de Janeiro,,,,,I
17386012,202506,SPI DISTRIBUIDORA DE TITULOS E VALORES MOBILIARIOS S.A.,180001,N2,I,2,Sociedade Distribuidora de TVM,,,,,,,,I
61739629,202506,SPINELLI S.A. CORRETORA DE VALORES MOBILIARIOS E CAMBIO,196706,N2,I,2,Sociedade Corretora de TVM,,SP,São Paulo,,,,,I
00355236,202506,SPIRIT CORRETORA DE VALORES LTDA,199502,N2,I,2,Sociedade Corretora de TVM,,PR,Curitiba,,,,,I
71582118,202506,SPLIT CORRETORA DE CAMBIO LTDA,199309,N2,I,2,Sociedade Corretora de Câmbio,,SP,São Paulo,,,,,I
69151330,202506,SPLIT DISTRIBUIDORA DE TITULOS E VALORES MOBILIARIOS LTDA,199302,N2,I,2,Sociedade Distribuidora de TVM,,SP,São Paulo,,,,,I
64711484,202506,SPREAD DISTRIBUIDORA DE TÍTULOS E VALORES MOBILIÁRIOS LTDA,199101,N2,I,2,Sociedade Distribuidora de TVM,,SP,São Paulo,,,,,I
46083267,202506,SPRIND DISTRIBUIDORA DE TITULOS E VALORES MOBILIARIOS LTDA,196807,N2,I,2,Sociedade Distribuidora de TVM,,RJ,Rio de Janeiro,,,,,I
C0086024,202506,SRM BANK IP - PRUDENCIAL,180001,N2,I,2,,IP Emissor Pré-Pago,SP,São Paulo,S4,,C0086024,22575466,A
59394633,202506,SRM DISTRIBUIDORA DE TÍTULOS E VALORES MOBILIÁRIOS LTDA.,180001,N2,I,2,Sociedade Distribuidora de TVM,,SP,São Paulo,S4,,C0086024,22575466,I
33877432,202506,STAR - DISTRIBUIDORA DE TITULOS E VALORES MOBILIARIOS S.A.,196809,N2,I,2,Sociedade Distribuidora de TVM,,RJ,Rio de Janeiro,,,,,F
11513306,202506,STARINVEST S.A. CORRETORA DE CAMBIO E VALORES MOBILIARIOS,197908,N2,I,2,Sociedade Corretora de TVM,,SP,São Paulo,,,,,I
00243567,202506,STAUT - DISTRIBUIDORA DE TITULOS E VALORES MOBILIARIOS LTDA,199412,N2,I,2,Sociedade Distribuidora de TVM,,SP,Campinas,,,,,I
68499920,202506,STONE DISTRIBUIDORA DE TITULOS E VALORES MOBILIARIOS LTDA,199302,N2,I,2,Sociedade Distribuidora de TVM,,MG,Belo Horizonte,,,,,I
62090873,202506,STONEX DISTRIBUIDORA DE TÍTULOS E VALORES MOBILIÁRIOS LTDA.,196805,N2,I,3,Sociedade Distribuidora de TVM,,SP,São Paulo,S4,,C0084088,62090873,A
33884628,202506,SUDAMERIS DISTRIBUIDORA DE TITULOS E VALORES MOBILIARIOS S/A,196808,N2,I,3,Sociedade Distribuidora de TVM,,SP,São Paulo,,,,,I
96362918,202506,SUISSA SOCIEDADE CORRETORA DE CAMBIO LTDA.,199307,N2,I,2,Sociedade Corretora de Câmbio,,SP,São Paulo,,,,,I
62245832,202506,SUL AMERICA DISTRIBUIDORA DE TITULOS E VAL. MOBILIARIOS S/A,196805,N2,I,2,Sociedade Distribuidora de TVM,,RJ,Rio de Janeiro,,,,,I
C0084026,202506,SUL AMERICA INVEST DTVM S.A. - PRUDENCIAL,180001,N2,I,3,,CTVM DTVM - Administrador Fiduciário,SP,São Paulo,S4,,C0084026,32206435,A
32206435,202506,SUL AMERICA INVESTIMENTOS DISTRIBUIDORA DE TITULOS E VALORES MOBILIARIOS S.A.,198808,N2,I,3,Sociedade Distribuidora de TVM,CTVM DTVM - Administrador Fiduciário,SP,São Paulo,S4,,C0084026,32206435,A
87943155,202506,SUL BRASILEIRO S.A. CORRETORA DE VALORES MOBILIARIOS E CAMBIO,197410,N2,I,2,Sociedade Corretora de TVM,,RS,Porto Alegre,,,,,I
61841326,202506,SUPLICY CORRETORA DE CAMBIO E TITULOS LTDA,196708,N2,I,2,Sociedade Corretora de TVM,,SP,São Paulo,,,,,I
92904960,202506,SUPORTE CORRETORA DE CAMBIO E VALORES MOBILIARIOS LTDA.,196806,N2,I,2,Sociedade Corretora de TVM,,RS,Porto Alegre,,,,,I
00581621,202506,"SURBANK CORRETORA DE CAMBIO, TITULOS E VAL. MOBILIARIOS LTDA",199507,N2,I,2,Sociedade Corretora de TVM,,PR,Curitiba,,,,,I
49951411,202506,TAKEOVER CORRETORA DE CAMBIO TITULOS E VALORES MOBILIARIOS L,197810,N2,I,2,Sociedade Corretora de TVM,,SP,Santos,,,,,I
33861881,202506,TALENTO - DISTRIBUIDORA DE TITULOS E VALORES MOBILIARIOS LTDA,196808,N2,I,2,Sociedade Distribuidora de TVM,,RJ,Rio de Janeiro,,,,,I
33638727,202506,TAMOYO INVESTIMENTOS S.A. CORRETORA DE TITULOS E VALORES MOBILIARIOS,196707,N2,I,2,Sociedade Corretora de TVM,,RJ,Rio de Janeiro,,,,,I
86766102,202506,TAS DISTRIBUIDORA DE TITULOS E VALORES MOBILIÁRIOS LTDA,199403,N2,I,2,Sociedade Distribuidora de TVM,,RJ,Rio de Janeiro,,,,,I
66616632,202506,TATICA S.A. - DISTRIBUIDORA DE TITULOS E VALORES MOBILIARIOS,199201,N2,I,2,Sociedade Distribuidora de TVM,,SP,São Paulo,S4,,,,I
00283299,202506,TEAM DISTRIBUIDORA DE TITULOS E VALORES MOBILIARIOS LTDA,180001,N2,I,2,Sociedade Distribuidora de TVM,,RJ,Rio de Janeiro,,,,,I
51477123,202506,TECBENS S.A. DISTRIBUIDORA DE TITULOS E VALORES MOBILIARIOS,196805,N2,I,2,Sociedade Distribuidora de TVM,,SP,São Paulo,,,,,I
62213632,202506,TEC-INVEST DISTRIBUIDORA DE TITULOS E VALORES MOBILIÁRIOS LTDA,196809,N2,I,2,Sociedade Distribuidora de TVM,,RJ,Rio de Janeiro,,,,,I
68942861,202506,TECNICORP DISTRIBUIDORA DE TIT. E VALORES MOBILIARIOS S.A.,199210,N2,I,2,Sociedade Distribuidora de TVM,,SC,Florianópolis,,,,,I
76645050,202506,TECNO-INVEST DISTRIBUIDORA DE TITULOS E VALORES MOBILIARIOS LTDA,196810,N2,I,2,Sociedade Distribuidora de TVM,,PR,Curitiba,,,,,I
62237169,202506,TECVENDAS S.A. DISTRIBUIDORA DE TITULOS E VALORES MOBILIARIOS,196809,N2,I,2,Sociedade Distribuidora de TVM,,SP,São Paulo,,,,,I
09061812,202506,TEDESCO DISTRIBUIDORA DE TÍTULOS E VALORES MOBILIÁRIOS S.A.,180001,N2,I,2,Sociedade Distribuidora de TVM,,MT,Cuiabá,,,,,I
33831975,202506,TEMA - DISTRIBUIDORA DE TITULOS E VALORES MOBILIARIOS S.A.,196807,N2,I,2,Sociedade Distribuidora de TVM,,RJ,Rio de Janeiro,,,,,F
17393802,202506,TEMPO DISTRIBUIDORA DE TITULOS E VALORES MOBILIARIOS LTDA,196809,N2,I,2,Sociedade Distribuidora de TVM,,MG,Belo Horizonte,,,,,I
06976179,202506,"TERRA CORRETORA DE CAMBIO, TITULOS E VALORES MOBILIARIOS LTDA",197512,N2,I,2,Sociedade Corretora de TVM,,CE,Fortaleza,,,,,I
03751794,202506,TERRA INVESTIMENTOS DISTRIBUIDORA DE TÍTULOS E VALORES MOBILIÁRIOS LTDA.,201504,N2,I,2,Sociedade Distribuidora de TVM,CTVM DTVM - Bolsa,SP,São Paulo,S4,,C0084514,03751794,A
C0084514,202506,TERRA INVESTIMENTOS DTVM - PRUDENCIAL,180001,N2,I,2,,,SP,São Paulo,S4,,C0084514,03751794,A
87152120,202506,TERRAMAR - CORRETORA DE CAMBIO E VALORES MOBILIARIOS LTDA,197305,N2,I,2,Sociedade Corretora de TVM,,RS,Porto Alegre,,,,,I
88720586,202506,TERRAMAR CORRETORA DE CAMBIO E VALORES MOBILIARIOS S/A,198605,N2,I,2,Sociedade Corretora de TVM,,RS,Porto Alegre,,,,,I
33840406,202506,TIARA DISTRIBUIDORA DE TÍTULOS E VALORES MOBILIÁRIOS LTDA,196807,N2,I,2,Sociedade Distribuidora de TVM,,RJ,Rio de Janeiro,,,,,I
68654862,202506,TIBAGI CORRETORA DE CAMBIO LTDA,180001,N2,I,2,Sociedade Corretora de Câmbio,,RJ,Rio de Janeiro,,,,,I
33849266,202506,TIBAGI DISTRIBUIDORA DE TÍTULOS E VALORES MOBILIÁRIOS LTDA,196810,N2,I,2,Sociedade Distribuidora de TVM,,RJ,Rio de Janeiro,,,,,I
62042890,202506,TIBRE DISTRIBUIDORA DE TÍTULOS E VALORES MOBILIÁRIOS LTDA.,196804,N2,I,2,Sociedade Distribuidora de TVM,,SP,Osasco,,,,,I
61988119,202506,TIEPPO S.A. CORRETORA DE CAMBIO E TITULOS,196711,N2,I,2,Sociedade Corretora de TVM,,SP,São Paulo,,,,,F
58232208,202506,TIME - DISTRIBUIDORA DE TITULOS E VALORES MOBILIARIOS LTDA,196808,N2,I,2,Sociedade Distribuidora de TVM,,RJ,Rio de Janeiro,,,,,I
62063292,202506,TITULAR DISTRIBUIDORA DE TITULOS E VALORES MOBILIARIOS LTDA,196803,N2,I,2,Sociedade Distribuidora de TVM,,SP,São Paulo,,,,,F
19878228,202506,TITUR CORRETORA DE CÂMBIO LTDA.,201408,N2,I,2,Sociedade Corretora de Câmbio,,RJ,Niterói,,,,,I
17323460,202506,TIVAL DISTRIBUIDORA DE TITULOS E VALORES MOBILIARIOS LTDA,196810,N2,I,2,Sociedade Distribuidora de TVM,,MG,Belo Horizonte,,,,,I
03384738,202506,TIVIO CAPITAL DISTRIBUIDORA DE TÍTULOS E VALORES MOBILIÁRIOS S.A.,199909,N2,I,2,Sociedade Distribuidora de TVM,,SP,Osasco,S1,,C0080075,60746948,A
29162769,202506,TORO CORRETORA DE TÍTULOS E VALORES MOBILIÁRIOS S.A.,201801,N2,I,3,Sociedade Corretora de TVM,,SP,São Paulo,S1,,C0080185,90400888,A
61777819,202506,TORRE - CORRETORA DE CAMBIO E VALORES MOBILIARIOS S.A.,196706,N2,I,2,Sociedade Corretora de TVM,,SP,São Paulo,,,,,I
57582264,202506,TORRE CORRETORA DE CÂMBIO LTDA,196809,N2,I,2,Sociedade Corretora de Câmbio,,SP,São Paulo,S4,,,,I
33931957,202506,TOTAL S.A. DISTRIBUIDORA DE TITULOS E VALORES MOBILIARIOS,196808,N2,I,2,Sociedade Distribuidora de TVM,,RJ,Rio de Janeiro,,,,,I
29384013,202506,TOTAL S/A CORRETORA DE CAMBIO E VALORES MOBILIARIOS,198506,N2,I,2,Sociedade Corretora de TVM,,RJ,Rio de Janeiro,,,,,I
74451022,202506,"TOV CORRETORA DE CÂMBIO, TÍTULOS E VALORES MOBILIÁRIOS LTDA",199403,N2,I,2,Sociedade Corretora de TVM,,SP,São Paulo,,,,,I
25867854,202506,TRADE - DISTRIBUIDORA DE TITULOS E VALORES MOBILIARIOS LTDA,196807,N2,I,2,Sociedade Distribuidora de TVM,,RJ,Rio de Janeiro,,,,,F
27911387,202506,TRADER DISTRIBUIDORA DE TÍTULOS E VALORES MOBILIÁRIOS LTDA,198205,N2,I,2,Sociedade Distribuidora de TVM,,RJ,Rio de Janeiro,,,,,I
62280490,202506,TRADERS DISTRIBUIDORA DE TÍTULOS E VALORES MOBILIÁRIOS LTDA.,196810,N2,I,2,Sociedade Distribuidora de TVM,CTVM DTVM - Câmbio,SP,São Paulo,S4,,C0083845,62280490,A
C0083845,202506,TRADERS DTVM - PRUDENCIAL,180001,N2,I,2,,CTVM DTVM - Câmbio,SP,São Paulo,S4,,C0083845,62280490,A
17188855,202506,TRANS-ACAO CORRETORA DE CAMBIO E TITULOS LTDA,196705,N2,I,2,Sociedade Corretora de TVM,,MG,Belo Horizonte,,,,,F
17355348,202506,TRANS-ACAO DISTRIBUIDORA DE TITULOS E VAL MOBILIARIOS LTDA,196809,N2,I,2,Sociedade Distribuidora de TVM,,MG,Belo Horizonte,,,,,I
00329265,202506,TRANSCORP DISTRIBUIDORA DE TITULOS E VAL. MOBILIARIOS LTDA,199501,N2,I,2,Sociedade Distribuidora de TVM,,PR,Curitiba,,,,,I
00343874,202506,TRASSO CORRETORA DE CAMBIO LTDA.,199412,N2,I,2,Sociedade Corretora de Câmbio,,SP,São Paulo,,,,,I
58235912,202506,TREVO DISTRIBUIDORA DE TITULOS E VALORES MOBILIARIOS LTDA,196807,N2,I,2,Sociedade Distribuidora de TVM,,SP,São Paulo,,,,,I
28522993,202506,TRIANON CORRETORA DE CAMBIO E VALORES MOBILIARIOS LTDA,197201,N2,I,2,Sociedade Corretora de TVM,,RJ,Niterói,,,,,I
02276653,202506,TRINUS CAPITAL DISTRIBUIDORA DE TÍTULOS E VALORES MOBILIÁRIOS S.A.,200612,N2,I,2,Sociedade Distribuidora de TVM,CTVM DTVM - Distribuidor de Fundos,GO,Goiânia,S4,,C0084631,02276653,A
27245141,202506,TRIPLIK S/A CORRETORA DE VALORES E CAMBIO,197506,N2,I,2,Sociedade Corretora de TVM,,ES,Vitória,,,,,I
32461816,202506,TRISTAO S.A. CORRETORA DE VALORES E CAMBIO,199004,N2,I,2,Sociedade Corretora de TVM,,ES,Vitória,,,,,I
33944083,202506,TRIUNFO SOCIEDADE CORRETORA DE CAMBIO LTDA,196908,N2,I,2,Sociedade Corretora de Câmbio,,RJ,Rio de Janeiro,,,,,I
C0084796,202506,TROCKA CC  - PRUDENCIAL,180001,N2,I,2,,Corretoras de Câmbio,RJ,Rio de Janeiro,S4,,C0084796,30183111,A
30183111,202506,TROCKA CORRETORA DE CAMBIO LTDA.,201808,N2,I,2,Sociedade Corretora de Câmbio,Corretoras de Câmbio,RJ,Rio de Janeiro,S4,,C0084796,30183111,A
67030395,202506,TRUSTEE DISTRIBUIDORA DE TÍTULOS E VALORES MOBILIÁRIOS LTDA.,199110,N2,I,2,Sociedade Distribuidora de TVM,CTVM DTVM - Administrador Fiduciário,SP,São Paulo,S4,,C0086354,67030395,A
C0086354,202506,TRUSTEE/BANVOX - PRUDENCIAL,180001,N2,I,2,,CTVM DTVM - Administrador Fiduciário,SP,São Paulo,S4,,C0086354,67030395,A
71582092,202506,TRYCOMM DISTRIBUIDORA DE TITULOS E VALORES MOBILIARIOS LTDA,199306,N2,I,2,Sociedade Distribuidora de TVM,,SP,São Paulo,,,,,I
61747085,202506,TULLETT PREBON BRASIL CORRETORA DE VALORES E CÂMBIO LTDA,196708,N2,I,3,Sociedade Corretora de TVM,CTVM DTVM - Bolsa,SP,São Paulo,S4,,C0082619,61747085,A
C0082619,202506,TULLETT PREBON BRASIL S.A. CTVM - PRUDENCIAL,180001,N2,I,3,,,SP,São Paulo,S4,,C0082619,61747085,A
15482499,202506,TURCÂMBIO - CORRETORA DE CÂMBIO LTDA.,201207,N2,I,2,Sociedade Corretora de Câmbio,Corretoras de Câmbio,SC,Imbituba,S5,,C0082334,15482499,A
C0082334,202506,TURCAMBIO SCC LTDA. - PRUDENCIAL,180001,N2,I,2,,Corretoras de Câmbio,SC,Imbituba,S5,,C0082334,15482499,A
61809182,202506,UBS (BRASIL) CORRETORA DE VALORES S.A.,196709,N2,I,3,Sociedade Corretora de TVM,,SP,São Paulo,S3,,C0080219,33987793,A
02819125,202506,"UBS BB CORRETORA DE CÂMBIO, TÍTULOS E VALORES MOBILIÁRIOS S.A.",199811,N2,I,3,Sociedade Corretora de TVM,,SP,São Paulo,S3,,C0080219,33987793,A
35754969,202506,UBS CORRETORA DE CÂMBIO E VALORES MOBILIÁRIOS S.A.,198907,N2,I,3,Sociedade Corretora de TVM,,RJ,Rio de Janeiro,,,,,I
28511285,202506,ULTRA CORRETORA DE VALORES MOBILIARIOS LTDA,197108,N2,I,2,Sociedade Corretora de TVM,,RJ,Niterói,,,,,I
33968066,202506,UM INVESTIMENTOS S/A CORRETORA DE TITULOS E VALORES MOBILIARIOS,196908,N2,I,2,Sociedade Corretora de TVM,,RJ,Rio de Janeiro,S4,,,,I
33815606,202506,UNIÃO DISTRIBUIDORA.DE TÍTULOS E VALORES MOBILIÁRIOS LTDA,196803,N2,I,2,Sociedade Distribuidora de TVM,,RJ,Rio de Janeiro,,,,,I
33829292,202506,UNIBANCO ASSET MANAGEMENT S.A. - DISTRIBUIDORA DE TÍTULOS E VALORES MOBILIÁRIOS,196807,N2,I,2,Sociedade Distribuidora de TVM,,SP,São Paulo,,,,,I
89560460,202506,UNIBANCO CORRETORA DE VALORES MOBILIÁRIOS E CÂMBIO S.A.,197811,N2,I,3,Sociedade Corretora de TVM,,SP,São Paulo,,,,,I
33764366,202506,UNIBANCO CORRETORA DE VALORES MOBILIARIOS S/A,196709,N2,I,2,Sociedade Corretora de TVM,,SP,São Paulo,,,,,I
61923371,202506,UNIBANCO DISTRIBUIDORA DE TITULOS E VALORES MOBILIARIOS LTDA,196804,N2,I,2,Sociedade Distribuidora de TVM,,SP,São Paulo,,,,,I
06971154,202506,UNICA CORRETORA DE CAMBIO E VALORES LTDA.,197511,N2,I,2,Sociedade Corretora de TVM,,CE,Fortaleza,,,,,I
53899051,202506,UNICRED DISTRIBUIDORA DE TITULOS E VALORES MOBILIARIOS LTDA,202412,N2,I,2,Sociedade Distribuidora de TVM,,RS,Porto Alegre,S4,,C0088187,53899051,A
C0088187,202506,UNICRED DTVM - PRUDENCIAL,180001,N2,I,2,,,RS,Porto Alegre,S4,,C0088187,53899051,A
20155248,202506,UNIDA DISTRIBUIDORA DE TÍTULOS E VALORES MOBILIÁRIOS LTDA.,196809,N2,I,2,Sociedade Distribuidora de TVM,CTVM DTVM - Ouro,SP,Barueri,S4,,C0084019,20155248,A
C0084019,202506,UNIDA DTVM LTDA - PRUDENCIAL,180001,N2,I,2,,CTVM DTVM - Ouro,SP,Barueri,S4,,C0084019,20155248,A
33879370,202506,UNIDADE DISTRIBUIDORA DE TITULOS E VALORES MOBILIARIOS LTDA,196811,N2,I,2,Sociedade Distribuidora de TVM,,RJ,Rio de Janeiro,,,,,I
28156214,202506,"UNILETRA CORRETORA DE CÂMBIO, TÍTULOS E VALORES MOBILIÁRIOS S.A.",196809,N2,I,2,Sociedade Corretora de TVM,,ES,Vitória,S4,,,,I
17162744,202506,UNINVEST DISTRIBUIDORA DE TITULOS E VALORES MOBILIARIOS LTDA,196804,N2,I,2,Sociedade Distribuidora de TVM,,SP,São Paulo,,,,,I
47675871,202506,UNITED CORRETORA S.A. CAMBIO E VALORES MOBILIARIOS,197605,N2,I,2,Sociedade Corretora de TVM,,SP,São Paulo,,,,,I
05170488,202506,UNIVERSAL CORRETORA DE CAMBIO TIT E VALORES MOBILIARIOS LTDA,180001,N2,I,2,Sociedade Corretora de TVM,,PR,Curitiba,,,,,I
20616249,202506,VALADARES DISTRIBUIDORA DE TITS E VALORES MOBILIARIOS LTDA,196908,N2,I,2,Sociedade Distribuidora de TVM,,MG,Belo Horizonte,,,,,I
61771341,202506,VALBRAS S/A - COR BRASILEIRA DE CAMBIO E VALORES MOBILIARIOS,196707,N2,I,2,Sociedade Corretora de TVM,,SP,São Paulo,,,,,I
15216005,202506,"VALCAM - CORRETORA DE CAMBIO, TITULOS E VALORES MOBILIARIOS LTDA",196806,N2,I,2,Sociedade Corretora de TVM,,BA,Salvador,,,,,I
17429036,202506,VALMINAS DISTRIBUIDORA DE TITULOS E VALORES MOBILIARIOS LTDA,196810,N2,I,2,Sociedade Distribuidora de TVM,,RJ,Rio de Janeiro,,,,,I
12155776,202506,VALNORTE CORRETORA ALAGOANA TITULOS VALORES MOBILIARIOS LTDA,197104,N2,I,2,Sociedade Corretora de TVM,,AL,Maceió,,,,,I
62065578,202506,VALOR CORRETORA DE TITULOS E VALORES MOBILIÁRIOS LTDA,196805,N2,I,2,Sociedade Corretora de TVM,,SP,São Paulo,,,,,I
76640150,202506,VALOR DISTRIBUIDORA DE TITULOS E VALORES MOBILIARIOS LTDA,196806,N2,I,2,Sociedade Distribuidora de TVM,,PR,Curitiba,,,,,I
45024148,202506,VALORAMA S/A DISTRIBUIDORA DE TÍTULOS E VALORES MOBILIÁRIOS,196812,N2,I,2,Sociedade Distribuidora de TVM,,SP,Bauru,,,,,I
62206412,202506,VALORSYL-DISTRIBUIDORA DE TITULOS E VALORES MOBILIÁRIOS S/A,196807,N2,I,2,Sociedade Distribuidora de TVM,,SP,São Paulo,,,,,I
60866951,202506,"VAZ GUIMARAES, BRAGA S/A CORRETORA DE CAMBIO E TITULOS",196801,N2,I,2,Sociedade Corretora de TVM,,SP,São Paulo,,,,,I
36149557,202506,VEGA S.A. CORRETORA DE CÂMBIO E VALORES MOBILIÁRIOS,199011,N2,I,2,Sociedade Corretora de TVM,,RJ,Rio de Janeiro,,,,,I
33886813,202506,VERA CRUZ DISTRIBUIDORA DE TITULOS E VALORES MOBIL LTDA,196909,N2,I,2,Sociedade Distribuidora de TVM,,RJ,Rio de Janeiro,,,,,I
48967968,202506,VERT DISTRIBUIDORA DE TÍTULOS E VALORES MOBILIÁRIOS LTDA,202307,N2,I,2,Sociedade Distribuidora de TVM,CTVM DTVM - Outros,SP,São Paulo,S4,,C0087171,48967968,A
C0087171,202506,VERT DTVM - PRUDENCIAL,180001,N2,I,2,,CTVM DTVM - Outros,SP,São Paulo,S4,,C0087171,48967968,A
76642198,202506,VERTICE DISTRIBUIDORA DE TITULOS E VALORES MOBILIARIOS LTDA,196809,N2,I,2,Sociedade Distribuidora de TVM,,SP,São Paulo,,,,,I
36159085,202506,VETOR CORRETORA DE VALORES E CAMBIO S.A.,199007,N2,I,2,Sociedade Corretora de TVM,,RJ,Rio de Janeiro,,,,,I
C0084002,202506,VIC DTVM S/A - PRUDENCIAL,180001,N2,I,2,,CTVM DTVM - Bolsa,RJ,Rio de Janeiro,S4,,C0084002,14388516,A
14388516,202506,VIC-DISTRIBUIDORA DE TITULOS E VALORES MOBILIARIOS S/A,197705,N2,I,2,Sociedade Distribuidora de TVM,CTVM DTVM - Bolsa,RJ,Rio de Janeiro,S4,,C0084002,14388516,A
72287345,202506,VICENTE RODRIGUES RIBEIRO INTERMEDIADOR DE TITULOS E VAL MOB,196804,N2,I,2,Sociedade Distribuidora de TVM,,SP,Taubaté,,,,,I
00333023,202506,VIGO - CORRETORA DE CAMBIO LTDA.,199506,N2,I,2,Sociedade Corretora de Câmbio,,RJ,Rio de Janeiro,,,,,I
00336708,202506,VIGO DISTRIBUIDORA DE TITULOS E VALORES MOBILIARIOS LTDA,199506,N2,I,2,Sociedade Distribuidora de TVM,,RJ,Niterói,,,,,I
33692674,202506,VILA RICA - DISTRIBUIDORA DE TITULOS E VALORES MOBILIARIOS LTDA,196802,N2,I,2,Sociedade Distribuidora de TVM,,RJ,Rio de Janeiro,,,,,I
C0082444,202506,VIPS CC LTDA. - PRUDENCIAL,180001,N2,I,2,,Corretoras de Câmbio,SP,São Paulo,S5,,C0082444,17772370,A
17772370,202506,VIP'S CORRETORA DE CÂMBIO LTDA.,201307,N2,I,2,Sociedade Corretora de Câmbio,Corretoras de Câmbio,SP,São Paulo,S5,,C0082444,17772370,A
09819468,202506,VIRTUAL CORRETORA DE CÂMBIO LTDA.,180001,N2,I,2,Sociedade Corretora de Câmbio,,SP,São Paulo,,,,,I
C0085537,202506,VIS DTVM - PRUDENCIAL,180001,N2,I,2,,CTVM DTVM - Ouro,MT,Cuiabá,S4,,C0085537,38429045,A
62339981,202506,VITÓRIA DISTRIBUIDORA DE TÍTULOS E VALORES MOBILIÁRIOS S.A.,196811,N2,I,2,Sociedade Distribuidora de TVM,,SP,São Paulo,,,,,I
09777259,202506,VITORIA S.A. INVESTIMENTOS SOCIEDADE CORRETORA DE TITULOS E VALORES MOBILIARIOS,180001,N2,I,2,Sociedade Corretora de TVM,,,,,,,,I
34711571,202506,VITREO DISTRIBUIDORA DE TÍTULOS E VALORES MOBILIÁRIOS S.A.,202001,N2,I,2,Sociedade Distribuidora de TVM,,RJ,Rio de Janeiro,S1,,C0080336,30306294,A
33831447,202506,VM DISTRIBUIDORA DE TITULOS E VALORES MOBILIARIOS LTDA,196807,N2,I,2,Sociedade Distribuidora de TVM,,RJ,Rio de Janeiro,,,,,F
22610500,202506,VORTX DISTRIBUIDORA DE TITULOS E VALORES MOBILIARIOS LTDA.,201510,N2,I,2,Sociedade Distribuidora de TVM,CTVM DTVM - Agente Fiduciário,SP,São Paulo,S4,,C0084538,22610500,A
01170892,202506,VOTORANTIM - CORRETORA DE TÍTULOS E VALORES MOBILIÁRIOS LTDA.,199606,N2,I,2,Sociedade Corretora de TVM,,SP,São Paulo,,,,,I
64835226,202506,VR DISTRIBUIDORA DE TÍTULOS E VALORES MOBILIÁRIOS LTDA.,199105,N2,I,2,Sociedade Distribuidora de TVM,,SP,São Paulo,S4,,C0080408,78626983,A
15227994,202506,VX PAVARINI DISTRIBUIDORA DE TÍTULOS E VALORES MOBILIÁRIOS LTDA,196908,N2,I,2,Sociedade Distribuidora de TVM,CTVM DTVM - Agente Fiduciário,SP,São Paulo,S4,,C0084538,22610500,A
31118813,202506,WABE DISTRIBUIDORA DE TITULOS E VALORES MOBILIARIOS LTDA,196803,N2,I,2,Sociedade Distribuidora de TVM,,RJ,Rio de Janeiro,,,,,I
62257589,202506,WALL STREET DISTRIBUIDORA DE TITULOS E VALORES MOBILIARIOS LTDA,196809,N2,I,2,Sociedade Distribuidora de TVM,,SP,São Paulo,,,,,I
61769790,202506,"WALPIRES S.A. CORRETORA DE CÂMBIO, TÍTULOS E VALORES MOBILIÁRIOS",196709,N2,I,2,Sociedade Corretora de TVM,,SP,São Paulo,,,,,I
36125722,202506,WARRANT DISTRIBUIDORA DE TITULOS E VALORES MOBILIARIOS LTDA,199008,N2,I,2,Sociedade Distribuidora de TVM,,RJ,Rio de Janeiro,,,,,I
C0082664,202506,WARREN CCVM LTDA - PRUDENCIAL,180001,N2,I,2,,,RS,Porto Alegre,S4,,C0082664,92875780,A
92875780,202506,WARREN CORRETORA DE VALORES MOBILIÁRIOS E CÂMBIO LTDA.,196712,N2,I,2,Sociedade Corretora de TVM,CTVM DTVM - Bolsa,RS,Porto Alegre,S4,,C0082664,92875780,A
47631123,202506,WEALTH HIGH GOVERNANCE DISTRIBUIDORA DE TÍTULOS E VALORES MOBILIÁRIOS S.A.,202308,N2,I,2,Sociedade Distribuidora de TVM,CTVM DTVM - Administrador Fiduciário,SP,São Paulo,S5,,C0087229,47631123,A
C0087229,202506,WEALTH HIGH GOVERNANCE DTVM - PRUDENCIAL,180001,N2,I,2,,CTVM DTVM - Administrador Fiduciário,SP,São Paulo,S5,,C0087229,47631123,A
13728156,202506,WESTERN UNION CORRETORA DE CÂMBIO S.A.,201110,N2,I,3,Sociedade Corretora de Câmbio,,SP,São Paulo,S4,,C0080886,13720915,A
73751018,202506,WINDOW DISTRIBUIDORA DE TITULOS E VALORES MOBILIARIOS LTDA.,199401,N2,I,2,Sociedade Distribuidora de TVM,,RJ,Rio de Janeiro,,,,,I
62300678,202506,WINNER DISTRIBUIDORA DE TITULOS E VALORES MOBILIARIOS LTDA,196901,N2,I,2,Sociedade Distribuidora de TVM,,SP,São Paulo,,,,,I
C0085647,202506,WISE BRASIL CC - PRUDENCIAL,180001,N2,I,3,,Corretoras de Câmbio,SP,São Paulo,S4,,C0085647,36588217,A
36588217,202506,WISE BRASIL CORRETORA DE CÂMBIO LTDA,202102,N2,I,3,Sociedade Corretora de Câmbio,Corretoras de Câmbio,SP,São Paulo,S4,,C0085647,36588217,A
45854066,202506,WNT CAPITAL DISTRIBUIDORA DE TÍTULOS E VALORES MOBILIÁRIOS S.A.,202209,N2,I,2,Sociedade Distribuidora de TVM,CTVM DTVM - Outros,SP,São Paulo,S4,,C0086392,45854066,A
C0086392,202506,WNT CAPITAL DTVM - PRUDENCIAL,180001,N2,I,2,,CTVM DTVM - Outros,SP,São Paulo,S4,,C0086392,45854066,A
61971503,202506,XINGU - DISTRIBUIDORA DE TITULOS E VALORES MOBILIARIOS LTDA,196804,N2,I,2,Sociedade Distribuidora de TVM,,RJ,Rio de Janeiro,,,,,I
44475245,202506,XP DISTRIBUIDORA DE TÍTULOS E VALORES MOBILIÁRIOS LTDA.,202203,N2,I,2,Sociedade Distribuidora de TVM,,RJ,Rio de Janeiro,S2,,C0082475,33264668,A
02332886,202506,"XP INVESTIMENTOS CORRETORA DE CÂMBIO,TÍTULOS E VALORES MOBILIÁRIOS S/A",199802,N2,I,2,Sociedade Corretora de TVM,,RJ,Rio de Janeiro,S2,,C0082475,33264668,A
62063011,202506,ZIEGERT - DISTRIBUIDORA DE TITULOS E VALORES MOBILIARIOS LTDA,196809,N2,I,2,Sociedade Distribuidora de TVM,,SP,São Paulo,,,,,F
06044551,202506,ADMINISTRADORA DE CONSORCIO NACIONAL GAZIN LTDA,200411,N3,I,2,Administradora de Consórcio,,PR,Douradina,S4,,C0080824,11760553,A
45441789,202506,ADMINISTRADORA DE CONSORCIO NACIONAL HONDA LTDA,198101,N3,I,3,Administradora de Consórcio,,SP,São Paulo,S4,,C0080611,03634220,A
03828278,202506,ADMINISTRADORA DE CONSÓRCIOS BECKER LTDA.,200011,N3,I,2,Administradora de Consórcio,,RS,Cerro Largo,S4,,C0084507,20443996,A
07808907,202506,ADMINISTRADORA DE CONSORCIOS SICREDI LTDA,200608,N3,I,2,Administradora de Consórcio,,RS,Porto Alegre,S2,,C0080745,01181521,A
92692979,202506,BANRISUL S.A. - ADMINISTRADORA DE CONSÓRCIOS,196408,N3,I,1,Administradora de Consórcio,,RS,Porto Alegre,S2,,C0080154,92702067,A
06043050,202506,BB ADMINISTRADORA DE CONSORCIOS S.A.,200404,N3,I,1,Administradora de Consórcio,,DF,Brasília,S1,,C0080329,00000000,A
36770683,202506,BBC ADMINISTRADORA DE CONSÓRCIOS LTDA,199205,N3,I,2,Administradora de Consórcio,,SP,São Paulo,S4,,C0084480,01852137,A
52568821,202506,BRADESCO ADMINISTRADORA DE CONSÓRCIOS LTDA.,198804,N3,I,2,Administradora de Consórcio,,SP,Osasco,S1,,C0080075,60746948,A
45713971,202506,BRQUALY ADMINISTRADORA DE CONSÓRCIOS LTDA.,198803,N3,I,2,Administradora de Consórcio,,SP,São Paulo,S4,,C0080855,33603457,A
59129403,202506,CNF - ADMINISTRADORA DE CONSÓRCIOS NACIONAL LTDA.,198809,N3,I,2,Administradora de Consórcio,,SP,São Paulo,S4,,C0080855,33603457,A
75770164,202506,CONBR ADMINISTRADORA DE CONSÓRCIOS S.A.,198901,N3,I,2,Administradora de Consórcio,,SP,São Paulo,S4,,C0080855,33603457,A
47658539,202506,CONSÓRCIO NACIONAL VOLKSWAGEN - ADMINISTRADORA DE CONSÓRCIO LTDA.,198809,N3,I,3,Administradora de Consórcio,,SP,São Paulo,S3,,C0080202,59109165,A
91107581,202506,FARROUPILHA ADMINISTRADORA DE CONSÓRCIOS LTDA.,198807,N3,I,2,Administradora de Consórcio,,RS,Farroupilha,S4,,C0085427,05676026,A
49937055,202506,GMAC ADMINISTRADORA DE CONSORCIOS LTDA,198806,N3,I,3,Administradora de Consórcio,,SP,São Paulo,S3,,C0080848,59274605,A
73516106,202506,HS ADMINISTRADORA DE CONSÓRCIOS LTDA,199312,N3,I,2,Administradora de Consórcio,,RS,Dois Irmãos,S4,,C0083522,07512441,A
00000776,202506,ITAÚ ADMINISTRADORA DE CONSÓRCIOS LTDA.,200209,N3,I,2,Administradora de Consórcio,,SP,São Paulo,S1,,C0080099,60872504,A
42421776,202506,ITAÚ UNIBANCO VEÍCULOS ADMINISTRADORA DE CONSÓRCIOS LTDA.,200607,N3,I,2,Administradora de Consórcio,,SP,São Paulo,S1,,C0080099,60872504,A
48041735,202506,PORTO SEGURO ADMINISTRADORA DE CONSÓRCIOS LTDA,198806,N3,I,2,Administradora de Consórcio,,SP,São Paulo,S3,,C0080642,04862600,A
87433413,202506,PORTOBENS ADMINISTRADORA DE CONSORCIOS LTDA,198805,N3,I,2,Administradora de Consórcio,,SP,São Paulo,S4,,C0080855,33603457,A
91108027,202506,RANDON ADMINISTRADORA DE CONSÓRCIOS LTDA.,198803,N3,I,2,Administradora de Consórcio,,RS,Caxias do Sul,S4,,C0080800,11476673,A
51855716,202506,RODOBENS ADMINISTRADORA DE CONSÓRCIOS LTDA.,198801,N3,I,2,Administradora de Consórcio,,SP,São Paulo,S4,,C0080855,33603457,A
55942312,202506,SANTANDER BRASIL ADMINISTRADORA DE CONSÓRCIO LTDA.,198901,N3,I,3,Administradora de Consórcio,,SP,São Paulo,S1,,C0080185,90400888,A
96479258,202506,SCANIA ADMINISTRADORA DE CONSÓRCIOS LTDA.,199406,N3,I,3,Administradora de Consórcio,,SP,São Bernardo do Campo,S3,,C0080776,11417016,A
16551061,202506,SICOOB ADMINISTRADORA DE CONSÓRCIOS LTDA.,198803,N3,I,2,Administradora de Consórcio,,DF,Brasília,S2,,C0080879,02038232,A
87945218,202506,SIMPALA LANÇADORA E ADMINISTRADORA DE CONSÓRCIOS LTDA.,198806,N3,I,2,Administradora de Consórcio,,RS,Porto Alegre,S4,,C0085070,34991938,A
87852273,202506,SINOSSERRA ADMINISTRADORA DE CONSÓRCIOS LTDA,198906,N3,I,2,Administradora de Consórcio,,RS,Novo Hamburgo,S4,,C0084552,22639377,A
43707203,202506,TOYOTA ADMINISTRADORA DE CONSÓRCIOS DO BRASIL LTDA.,202202,N3,I,3,Administradora de Consórcio,,SP,São Paulo,S3,,C0081562,03215790,A
74118381,202506,VOLVO ADMINISTRADORA DE CONSÓRCIO LTDA.,199407,N3,I,3,Administradora de Consórcio,,PR,Curitiba,S3,,C0080769,58017179,A
40011095,202506,XS5 ADMINISTRADORA DE CONSÓRCIOS S.A.,202108,N3,I,1,Administradora de Consórcio,,DF,Brasília,S1,,C0080738,00360305,A
47458153,202506,YAMAHA ADMINISTRADORA DE CONSÓRCIO LTDA.,198808,N3,I,3,Administradora de Consórcio,,SP,São Paulo,S4,,C0080721,10371492,A
23367634,202506,ZEMA ADMINISTRADORA DE CONSÓRCIO LTDA,198901,N3,I,2,Administradora de Consórcio,,MG,Araxá,S4,,C0083584,05351887,A
23819290,202506,2GO INSTITUICAO DE PAGAMENTO LTDA,180001,N4,I,2,Instituição de Pagamento não sujeita a autorização pelo BCB,,SP,São Paulo,,,,,I
C0087597,202506,3X IP - PRUDENCIAL,180001,N4,I,2,,,MG,Belo Horizonte,,,C0087597,36010822,A
33930368,202506,7TRUST FINANCE INSTITUICAO DE PAGAMENTO S/A,180001,N4,I,2,Instituição de Pagamento não sujeita a autorização pelo BCB,,SP,Barueri,,,,,I
55586562,202506,8B SERVICOS FINANCEIROS INSTITUICAO DE PAGAMENTO S/A,180001,N4,I,2,Instituição de Pagamento,,SP,São Paulo,,,,,I
24313102,202506,99PAY INSTITUICAO DE PAGAMENTO S.A.,202407,N4,I,3,Instituição de Pagamento,,SP,São Paulo,S5,,C0087793,24313102,A
33330067,202506,A BANK INTERMEDIACAO DE NEGOCIOS PAGAMENTOS E PARTICIPACOES S.A.,180001,N4,I,2,Instituição de Pagamento não sujeita a autorização pelo BCB,,SP,São Paulo,,,,,I
35534511,202506,A27 INSTITUICAO DE PAGAMENTOS S/A,202402,N4,I,2,Instituição de Pagamento,,RS,Flores da Cunha,,,C0087504,35534511,A
C0087504,202506,A27 IP - PRUDENCIAL,180001,N4,I,2,,IP Emissor Pré-Pago,RS,Flores da Cunha,,,C0087504,35534511,A
08744723,202506,A3 SOLUCOES E SERVICOS DE TECNOLOGIA S.A,180001,N4,I,2,,,,,,,,,I
46410407,202506,ACCESSTAGE INSTITUIÇÃO DE PAGAMENTO LTDA.,180001,N4,I,2,Instituição de Pagamento,,SP,São Paulo,,,C0087559,46410407,I
C0087559,202506,ACCESSTAGE IP - PRUDENCIAL,180001,N4,I,2,,,SP,São Paulo,,,C0087559,46410407,I
13140088,202506,ACESSO SOLUÇÕES DE PAGAMENTO S.A. - INSTITUIÇÃO DE PAGAMENTO,201809,N4,I,2,Instituição de Pagamento,,SP,São Paulo,S2,,C0080484,59588111,A
10868663,202506,ACG INSTITUIÇÃO DE PAGAMENTO S.A.,202201,N4,I,2,Instituição de Pagamento,,SP,São Paulo,,,C0086093,10868663,A
C0086093,202506,ACG IP - PRUDENCIAL,180001,N4,I,2,,IP Emissor Pré-Pago,SP,São Paulo,,,C0086093,10868663,A
33171211,202506,ACQIO ADQUIRENCIA INSTITUICAO DE PAGAMENTO S.A.,202211,N4,I,3,Instituição de Pagamento,,SP,São Paulo,S5,,C0086653,33171211,A
C0086653,202506,ACQIO ADQUIRENCIA IP - PRUDENCIAL,180001,N4,I,3,,IP Credenciadora,SP,São Paulo,S5,,C0086653,33171211,A
18928397,202506,ADIQPLUS INSTITUICAO DE PAGAMENTO LTDA,180001,N4,I,2,Instituição de Pagamento não sujeita a autorização pelo BCB,,MG,Belo Horizonte,S3,,C0080422,71027866,A
14796606,202506,ADYEN DO BRASIL INSTITUICAO DE PAGAMENTO LTDA.,202311,N4,I,3,Instituição de Pagamento,,SP,São Paulo,,,C0087401,14796606,A
C0087401,202506,ADYEN DO BRASIL IP - PRUDENCIAL,180001,N4,I,3,,IP Credenciadora,SP,São Paulo,,,C0087401,14796606,A
60114865,202506,AFINZ INSTITUIÇÃO DE PAGAMENTO S.A.,201908,N4,I,2,Instituição de Pagamento,,SP,Barueri,S4,,C0083539,60114865,A
18639407,202506,AGILE PAGAMENTOS LTDA,180001,N4,I,2,Instituição de Pagamento não sujeita a autorização pelo BCB,,DF,Brasília,,,,,I
07398335,202506,AILOG TECNOLOGIA E INSTITUIÇÃO DE PAGAMENTO LTDA.,180001,N4,I,2,Instituição de Pagamento não sujeita a autorização pelo BCB,,SP,Ribeirão Preto,,,,,I
04740876,202506,ALELO INSTITUICAO DE PAGAMENTO SA,202403,N4,I,2,Instituição de Pagamento,,SP,Barueri,,,C0087580,04740876,A
C0087580,202506,ALELO IP - PRUDENCIAL,180001,N4,I,2,,IP Emissor Pré-Pago,SP,Barueri,,,C0087580,04740876,A
12648266,202506,AMBIPAR PARTICIPACOES E EMPREENDIMENTOS S.A.,180001,N4,I,2,Instituição de Pagamento não sujeita a autorização pelo BCB,,SP,São Paulo,,,,,I
32778350,202506,AME DIGITAL BRASIL INSTITUICAO DE PAGAMENTO LTDA,202210,N4,I,2,Instituição de Pagamento,,SP,São Paulo,S5,,C0086488,32778350,A
22443203,202506,ANSPACE INSTITUICAO DE PAGAMENTO LTDA.,180001,N4,I,2,Instituição de Pagamento não sujeita a autorização pelo BCB,,RJ,Niterói,,,,,I
36060950,202506,APPLESS TECNOLOGIA LTDA,180001,N4,I,2,Instituição de Pagamento não sujeita a autorização pelo BCB,,SP,São Paulo,,,,,I
37168145,202506,APROMS NET INSTITUICAO DE PAGAMENTO LTDA.,202411,N4,I,2,Instituição de Pagamento,,MS,Dourados,,,C0087573,37168145,A
C0087573,202506,APROMS NET IP - PRUDENCIAL,180001,N4,I,2,,,MS,Dourados,,,C0087573,37168145,A
16876258,202506,APTARE MOBILE TECNOLOGIA DA INFORMACAO LTDA,180001,N4,I,2,Instituição de Pagamento não sujeita a autorização pelo BCB,,CE,Fortaleza,,,,,I
57654096,202506,APUSDIGITAL INSTITUICAO DE PAGAMENTO LTDA,180001,N4,I,2,Instituição de Pagamento,,SP,São Paulo,,,,,I
00377239,202506,AQBANK INSTITUICAO DE PAGAMENTO LTDA,180001,N4,I,2,Instituição de Pagamento não sujeita a autorização pelo BCB,,MG,Belo Horizonte,,,,,I
19540550,202506,ASAAS GESTÃO FINANCEIRA INSTITUIÇÃO DE PAGAMENTO S.A.,202106,N4,I,2,Instituição de Pagamento,,SC,Joinville,S4,,C0085771,19540550,A
34006497,202506,ASTRO INSTITUICAO DE PAGAMENTO LTDA.,202412,N4,I,3,Instituição de Pagamento,,SP,São Paulo,,,C0088156,34006497,A
C0088156,202506,ASTRO IP - PRUDENCIAL,180001,N4,I,3,,,SP,São Paulo,,,C0088156,34006497,A
27126513,202506,ATLAS BRASIL INSTITUICAO DE PAGAMENTO LTDA,180001,N4,I,2,Instituição de Pagamento não sujeita a autorização pelo BCB,,,,,,,,I
04533779,202506,AVISTA ADMINISTRADORA DE CARTOES DE CREDITO LTDA,180001,N4,I,2,,,,,,,,,I
52076716,202506,AWX BRASIL  INSTITUICAO DE PAGAMENTO LTDA,180001,N4,I,3,Instituição de Pagamento,,SP,São Paulo,,,C0088242,52076716,I
C0088242,202506,AWX BRASIL IP - PRUDENCIAL,180001,N4,I,3,,,SP,São Paulo,,,C0088242,52076716,I
47825528,202506,B3 INSTITUICAO DE PAGAMENTO LTDA,202407,N4,I,2,Instituição de Pagamento,,SP,São Paulo,S4,,C0081225,00997185,A
33735811,202506,B91 INSTITUICAO DE PAGAMENTO S.A,180001,N4,I,2,Instituição de Pagamento não sujeita a autorização pelo BCB,,SP,São Paulo,,,,,I
32053736,202506,BANKOSO INSTITUICAO DE PAGAMENTOS LTDA,180001,N4,I,2,Instituição de Pagamento não sujeita a autorização pelo BCB,,DF,Brasília,,,,,I
30723871,202506,BANQI INSTITUICAO DE PAGAMENTO LTDA.,202109,N4,I,2,Instituição de Pagamento,,SP,São Paulo,S5,,C0085829,30723871,A
92934215,202506,BANRISUL SOLUÇÕES EM PAGAMENTOS S.A. - INSTITUIÇÃO DE PAGAMENTO,202307,N4,I,1,Instituição de Pagamento,,RS,Porto Alegre,S2,,C0080154,92702067,A
37293930,202506,BASS PAGO INSTITUICAO DE PAGAMENTO LTDA,180001,N4,I,2,Instituição de Pagamento não sujeita a autorização pelo BCB,,RS,Palmeira das Missões,,,,,I
15081322,202506,BAST IP LTDA,180001,N4,I,2,Instituição de Pagamento não sujeita a autorização pelo BCB,,AL,Maceió,,,,,I
31591399,202506,BB ADMINISTRADORA DE CARTOES DE CREDITO S A,180001,N4,I,1,Instituição de Pagamento não sujeita a autorização pelo BCB,,DF,Brasília,S1,,C0080329,00000000,A
35523352,202506,BEES INSTITUICAO DE PAGAMENTO LTDA.,202406,N4,I,3,Instituição de Pagamento,,SP,São Paulo,,,C0087731,35523352,A
C0087731,202506,BEES IP - PRUDENCIAL,180001,N4,I,3,,IP Credenciadora,SP,São Paulo,,,C0087731,35523352,A
32074986,202506,BEETELLER INSTITUIÇÃO DE PAGAMENTO LTDA.,202212,N4,I,2,Instituição de Pagamento,,MS,Campo Grande,,,C0086718,32074986,A
C0086718,202506,BEETELLERPAY IP - PRUDENCIAL,180001,N4,I,2,,IP Emissor Pré-Pago,MS,Campo Grande,,,C0086718,32074986,A
25238191,202506,BELLUNO INSTITUICAO DE PAGAMENTO LTDA,202304,N4,I,2,Instituição de Pagamento,,SC,Jaraguá do Sul,,,C0086983,25238191,A
C0086983,202506,BELLUNO IP - PRUDENCIAL,180001,N4,I,2,,IP Emissor Pré-Pago,SC,Jaraguá do Sul,,,C0086983,25238191,A
43215815,202506,BELVO INSTITUICAO DE PAGAMENTO LTDA,202209,N4,I,3,Instituição de Pagamento,,SP,São Paulo,,,C0086433,43215815,A
C0086433,202506,BELVO IP - PRUDENCIAL,180001,N4,I,3,,,SP,São Paulo,,,C0086433,43215815,A
35480428,202506,BELVO PAY LTDA,180001,N4,I,2,Instituição de Pagamento não sujeita a autorização pelo BCB,,BA,Feira de Santana,,,,,I
53198942,202506,BHUB INSTITUIÇÃO DE PAGAMENTO LTDA.,180001,N4,I,2,Instituição de Pagamento,,SP,São Paulo,,,,,I
40910463,202506,BIPA INSTITUICAO DE PAGAMENTO LTDA,180001,N4,I,2,Instituição de Pagamento não sujeita a autorização pelo BCB,,SP,Barueri,,,,,I
29079725,202506,BIT CAPITAL LTDA,180001,N4,I,2,Instituição de Pagamento não sujeita a autorização pelo BCB,,,,,,,,I
15011719,202506,BITZ INSTITUICAO DE PAGAMENTO S.A.,202212,N4,I,2,Instituição de Pagamento,,SP,Osasco,S1,,C0080075,60746948,A
12481100,202506,BIZ INSTITUIÇÃO DE PAGAMENTO S.A.,202404,N4,I,2,Instituição de Pagamento,,SP,São Paulo,S4,,C0080460,92228410,A
16814330,202506,BK INSTITUIÇÃO DE PAGAMENTO S.A.,202411,N4,I,2,Instituição de Pagamento,,SP,Barueri,,,C0088101,16814330,A
C0088101,202506,BK IP - PRUDENCIAL,180001,N4,I,2,,,SP,Barueri,,,C0088101,16814330,A
06062488,202506,BLACK SIG PAY INSTITUICAO DE PAGAMENTO LTDA,180001,N4,I,2,Instituição de Pagamento não sujeita a autorização pelo BCB,,PR,Curitiba,,,,,I
04838403,202506,BLU INSTITUICAO DE PAGAMENTO E TECNOLOGIA S.A.,180001,N4,I,2,Instituição de Pagamento não sujeita a autorização pelo BCB,,SP,São Paulo,,,,,I
10506341,202506,BLU INSTITUIÇÃO DE PAGAMENTO LTDA.,201902,N4,I,2,Instituição de Pagamento,,RJ,Rio de Janeiro,,,C0086677,10506341,A
C0086677,202506,BLU IP - PRUDENCIAL,180001,N4,I,2,,IP Credenciadora,RJ,Rio de Janeiro,,,C0086677,10506341,A
40557732,202506,BNS CAPITAL PAGAMENTOS LTDA,180001,N4,I,2,Instituição de Pagamento não sujeita a autorização pelo BCB,,SP,Campinas,,,,,I
02151453,202506,BOC BRASIL ADMINISTRADORA DE CARTOES DE CREDITO LTDA,180001,N4,I,3,Instituição de Pagamento não sujeita a autorização pelo BCB,,SP,São Paulo,S3,,C0080295,07450604,A
07115294,202506,BOKU NETWORK BRASIL INSTITUICAO DE PAGAMENTO LTDA,180001,N4,I,3,Instituição de Pagamento,,SP,São Paulo,,,C0088400,07115294,I
C0088400,202506,BOKU NETWORK BRASIL IP - PRUDENCIAL,180001,N4,I,3,,,SP,São Paulo,,,C0088400,07115294,I
28080769,202506,BOLT CARD INSTITUIÇÃO DE PAGAMENTOS LTDA.,201910,N4,I,2,Instituição de Pagamento,,MG,Monte Belo,S4,,C0085173,36947229,A
03130170,202506,BRASIL CARD INSTITUIÇÃO DE PAGAMENTOS LTDA,199905,N4,I,2,Instituição de Pagamento,,MG,Monte Belo,S4,,C0085173,36947229,A
30507541,202506,BRASIL CASH INSTITUICAO DE PAGAMENTO S.A,202403,N4,I,2,Instituição de Pagamento,,SP,Barueri,,,C0087566,30507541,A
C0087566,202506,BRASIL CASH IP - PRUDENCIAL,180001,N4,I,2,,IP Credenciadora,SP,Barueri,,,C0087566,30507541,A
09437293,202506,BRINKS PAY INSTITUICAO DE PAGAMENTO LTDA,202302,N4,I,3,Instituição de Pagamento,,SP,São Paulo,,,C0086811,09437293,A
C0086811,202506,BRINKS PAY IP - PRUDENCIAL,180001,N4,I,3,,IP Emissor Pré-Pago,SP,São Paulo,,,C0086811,09437293,A
24722685,202506,BRX BANK INSTITUICAO DE PAGAMENTO LTDA,180001,N4,I,2,Instituição de Pagamento não sujeita a autorização pelo BCB,,DF,Brasília,,,,,I
40994589,202506,BS INSTITUICAO DE PAGAMENTO S/A,180001,N4,I,2,Instituição de Pagamento não sujeita a autorização pelo BCB,,CE,Fortaleza,,,,,I
20520298,202506,BS2 PAYMENTS INSTITUIÇÃO DE PAGAMENTO S.A.,201908,N4,I,2,Instituição de Pagamento,,MG,Belo Horizonte,S3,,C0080422,71027866,A
C0087841,202506,BSN PAGAMENTOS IP - PRUDENCIAL,180001,N4,I,2,,IP Emissor Pré-Pago,SP,Guarulhos,,,C0087841,11491029,A
08422119,202506,BULLLA INSTITUICAO DE PAGAMENTO S.A.,202409,N4,I,2,Instituição de Pagamento,,SP,São Paulo,S4,,C0084985,08422119,A
09035878,202506,BULLLA INSTITUIÇÃO DE PAGAMENTO S.A.,180001,N4,I,2,Instituição de Pagamento,,SP,São Paulo,,,,,I
25450233,202506,BX SOLUCOES EM PAGAMENTOS LTDA,180001,N4,I,2,Instituição de Pagamento não sujeita a autorização pelo BCB,,SP,Atibaia,,,,,I
03766873,202506,CABAL BRASIL LTDA,180001,N4,I,2,,,DF,Brasília,S2,,C0080879,02038232,A
08611734,202506,CALCARD S.A. - INSTITUIÇÃO DE PAGAMENTOS,202411,N4,I,2,Instituição de Pagamento,,SC,Palhoça,S4,,C0088170,08611734,A
13966572,202506,CAPPTA INSTITUIÇÃO DE PAGAMENTO S.A.,202407,N4,I,2,Instituição de Pagamento,,SP,São Paulo,,,C0087827,13966572,A
C0087827,202506,CAPPTA IP - PRUDENCIAL,180001,N4,I,2,,IP Emissor Pré-Pago,SP,São Paulo,,,C0087827,13966572,A
08512761,202506,CARDPAY PAGAMENTOS LTDA,180001,N4,I,2,Instituição de Pagamento não sujeita a autorização pelo BCB,,SP,São Paulo,,,,,I
33207641,202506,CARTWAVE INSTITUICAO DE PAGAMENTOS LTDA,180001,N4,I,2,Instituição de Pagamento não sujeita a autorização pelo BCB,,GO,Goiânia,,,,,I
34615822,202506,CASHWAY TECNOLOGIA DA INFORMACAO S.A.,180001,N4,I,2,Instituição de Pagamento não sujeita a autorização pelo BCB,,SC,Florianópolis,,,,,I
20247380,202506,CATENO GESTAO DE CONTAS DE PAGAMENTO S.A,180001,N4,I,2,Instituição de Pagamento não sujeita a autorização pelo BCB,,SP,Barueri,,,C0084710,01027058,A
35820246,202506,CDC CAR PAGAMENTOS LTDA,180001,N4,I,2,Instituição de Pagamento não sujeita a autorização pelo BCB,,MG,Belo Horizonte,,,,,I
13935893,202506,CELCOIN INSTITUICAO DE PAGAMENTO S.A.,202112,N4,I,3,Instituição de Pagamento,,SP,Barueri,,,C0085960,13935893,A
C0085960,202506,CELCOIN IP - PRUDENCIAL,180001,N4,I,3,,IP Emissor Pré-Pago,SP,Barueri,,,C0085960,13935893,A
22347623,202506,CELER PROCESSAMENTO COMERCIO E SERVICO LTDA.,180001,N4,I,2,Instituição de Pagamento não sujeita a autorização pelo BCB,,,,,,,,I
33440218,202506,CEOPAG INSTITUICAO DE PAGAMENTO S.A.,180001,N4,I,2,Instituição de Pagamento,,SP,São José do Rio Preto,,,,,I
38406148,202506,CHRISTIAN FAMILY BANK S/A,180001,N4,I,2,Instituição de Pagamento não sujeita a autorização pelo BCB,,SP,São Paulo,,,,,I
35257964,202506,CICLLOS SERVICOS FINANCEIROS LTDA,180001,N4,I,2,Instituição de Pagamento não sujeita a autorização pelo BCB,,MG,Uberlândia,,,,,I
C0084710,202506,CIELO IP - PRUDENCIAL,180001,N4,I,2,,IP Credenciadora,SP,Barueri,,,C0084710,01027058,A
01027058,202506,CIELO S.A. - INSTITUIÇÃO DE PAGAMENTO,201704,N4,I,2,Instituição de Pagamento,,SP,Barueri,,,C0084710,01027058,A
41538335,202506,CLARA INSTITUICAO DE PAGAMENTO LTDA.,202308,N4,I,3,Instituição de Pagamento,,SP,São Paulo,,,C0087205,41538335,A
C0087205,202506,CLARA IP - PRUDENCIAL,180001,N4,I,3,,IP Emissor Pós-Pago,SP,São Paulo,,,C0087205,41538335,A
C0088307,202506,CLARO PAY IP - PRUDENCIAL,180001,N4,I,3,,,SP,São Paulo,,,C0088307,34878543,A
34878543,202506,CLARO PAY S.A. - INSTITUIÇÃO DE PAGAMENTO,202502,N4,I,3,Instituição de Pagamento,,SP,São Paulo,,,C0088307,34878543,A
18189547,202506,CLOUDWALK INSTITUIÇÃO DE PAGAMENTO E SERVICOS LTDA,202210,N4,I,2,Instituição de Pagamento,,SP,São Paulo,S4,,C0086581,18189547,A
26721922,202506,CODEPAY MEIOS DE PAGAMENTO LTDA,180001,N4,I,2,Instituição de Pagamento não sujeita a autorização pelo BCB,,SP,Barueri,,,,,I
32024691,202506,COMPANHIA GLOBAL DE SOLUCOES E SERVICOS DE PAGAMENTOS S.A.,180001,N4,I,2,Instituição de Pagamento,,SP,São Paulo,,,,,I
31531997,202506,CONPAY INSTITUIÇÃO DE PAGAMENTO E TECNOLOGIA S.A,202504,N4,I,2,Instituição de Pagamento,,PB,João Pessoa,,,C0088417,31531997,A
C0088417,202506,CONPAY IP - PRUDENCIAL,180001,N4,I,2,,,PB,João Pessoa,,,C0088417,31531997,A
12473687,202506,CONTA PRONTA INSTITUICAO DE PAGAMENTO LTDA,202302,N4,I,2,Instituição de Pagamento,,SP,Barueri,,,C0086835,12473687,A
C0086835,202506,CONTA PRONTA IP - PRUDENCIAL,180001,N4,I,2,,IP Emissor Pré-Pago,SP,Barueri,,,C0086835,12473687,A
29415342,202506,CONTA ZAP SOLUCOES EM PAGAMENTOS S.A.,180001,N4,I,2,Instituição de Pagamento não sujeita a autorização pelo BCB,,,,,,,,I
47381104,202506,CONTAAZUL INSTITUICAO DE PAGAMENTO LTDA.,180001,N4,I,3,Instituição de Pagamento,,SC,Joinville,,,C0088060,47381104,I
C0088060,202506,CONTAAZUL IP - PRUDENCIAL,180001,N4,I,3,,,SC,Joinville,,,C0088060,47381104,I
04051232,202506,COOPER BENEFICIOS INSTITUICAO DE PAGAMENTO LTDA,202503,N4,I,2,Instituição de Pagamento,,SP,Barueri,,,C0086134,05938780,A
05938780,202506,COOPER CARD INSTITUIÇÃO DE PAGAMENTO LTDA.,202202,N4,I,2,Instituição de Pagamento,,SP,Barueri,,,C0086134,05938780,A
C0086134,202506,COOPER CARD IP - PRUDENCIAL,180001,N4,I,2,,IP Emissor Pós-Pago,SP,Barueri,,,C0086134,05938780,A
40975238,202506,COREBANX INSTITUICAO DE PAGAMENTO S.A.,180001,N4,I,2,Instituição de Pagamento não sujeita a autorização pelo BCB,,SP,São Paulo,,,,,I
36741675,202506,CORPX BANK INSTITUICAO DE PAGAMENTO S.A.,180001,N4,I,2,Instituição de Pagamento não sujeita a autorização pelo BCB,,SP,São Paulo,,,,,I
58531910,202506,CP INSTITUICAO DE PAGAMENTO LTDA,180001,N4,I,2,Instituição de Pagamento,,SP,Barueri,,,,,I
62895230,202506,CREDI-SHOP S/A - INSTITUIÇÃO DE PAGAMENTO,201907,N4,I,2,Instituição de Pagamento,,PI,Teresina,S5,,C0084923,62895230,A
04670195,202506,CREDSYSTEM INSTITUIÇÃO DE PAGAMENTO LTDA,202108,N4,I,2,Instituição de Pagamento,,SP,Barueri,S4,,C0085441,04670195,A
12109247,202506,CREDZ S.A. INSTITUICAO DE PAGAMENTO,180001,N4,I,2,Instituição de Pagamento,,SP,São Paulo,,,,,I
31666182,202506,CRONOS INSTITUICAO DE PAGAMENTO LTDA,180001,N4,I,2,Instituição de Pagamento não sujeita a autorização pelo BCB,,SP,São Paulo,,,,,I
43561343,202506,CRYSTAL BMC - INSTITUICAO DE PAGAMENTO LTDA.,202204,N4,I,2,Instituição de Pagamento,,SP,Barueri,,,C0086196,43561343,A
C0086196,202506,CRYSTAL BMC IP - PRUDENCIAL,180001,N4,I,2,,,SP,Barueri,,,C0086196,43561343,A
01896779,202506,CSU DIGITAL S.A.,180001,N4,I,2,Instituição de Pagamento,,SP,Santo André,,,,,I
44353942,202506,CUMBUCA INSTITUIÇÃO DE PAGAMENTO LTDA.,202303,N4,I,2,Instituição de Pagamento,,SP,São Paulo,,,C0086866,44353942,A
C0086866,202506,CUMBUCA IP - PRUDENCIAL,180001,N4,I,2,,IP Emissor Pré-Pago,SP,São Paulo,,,C0086866,44353942,A
47438068,202506,DATANOMIK BRASIL INSTITUICAO DE PAGAMENTO LTDA,202401,N4,I,3,Instituição de Pagamento,,SP,São Paulo,,,C0087470,47438068,A
C0087470,202506,DATANOMIK BRASIL IP - PRUDENCIAL,180001,N4,I,3,,,SP,São Paulo,,,C0087470,47438068,A
36936971,202506,DEBITO DIRETO SERVICOS DE PAGAMENTOS LTDA,180001,N4,I,2,Instituição de Pagamento não sujeita a autorização pelo BCB,,SC,Blumenau,,,,,I
51982600,202506,DELEND INSTITUICAO DE PAGAMENTO LTDA,202506,N4,I,2,Instituição de Pagamento,,SP,São Paulo,,,C0087748,51982600,A
C0087748,202506,DELEND IP - PRUDENCIAL,180001,N4,I,2,,,SP,São Paulo,,,C0087748,51982600,A
30612886,202506,DELIVERY PAY SOLUCOES EM PAGAMENTOS LTDA,180001,N4,I,2,Instituição de Pagamento não sujeita a autorização pelo BCB,,,,,,,,I
39929224,202506,DIZCONTA SERVICOS FINANCEIROS LTDA,180001,N4,I,2,Instituição de Pagamento não sujeita a autorização pelo BCB,,SP,Barueri,,,,,I
C0087133,202506,DLOCAL BRASIL INSTITUIÇÃO DE PAGAMENTO - PRUDENCIA,180001,N4,I,3,,IP Emissor Pré-Pago,SP,São Paulo,,,C0087133,25021356,A
25021356,202506,DLOCAL BRASIL INSTITUIÇÃO DE PAGAMENTO S.A.,202307,N4,I,3,Instituição de Pagamento,,SP,São Paulo,,,C0087133,25021356,A
16581207,202506,DM INSTITUICAO DE PAGAMENTO S.A.,202409,N4,I,2,Instituição de Pagamento,,SP,São José dos Campos,S4,,C0083467,91669747,A
22371651,202506,DMCARD MEIOS DE PAGAMENTO LTDA,180001,N4,I,2,Instituição de Pagamento não sujeita a autorização pelo BCB,,,,,,,,I
13370835,202506,DOCK INSTITUIÇÃO DE PAGAMENTO S.A.,201804,N4,I,2,Instituição de Pagamento,,SP,Barueri,,,C0084789,13370835,A
C0084789,202506,DOCK IP - PRUDENCIAL,180001,N4,I,2,,IP Emissor Pré-Pago,SP,Barueri,,,C0084789,13370835,A
08744817,202506,DOCK SOLUCOES EM MEIOS DE PAGAMENTO S A,180001,N4,I,2,Instituição de Pagamento não sujeita a autorização pelo BCB,,SP,Barueri,,,C0084789,13370835,A
37205447,202506,E2 BANK INSTITUICAO DE PAGAMENTO LTDA,180001,N4,I,2,Instituição de Pagamento,,PR,Francisco Beltrão,,,,,I
11414839,202506,EAGLE INSTITUICAO DE PAGAMENTO LTDA.,202404,N4,I,2,Instituição de Pagamento,,RS,Porto Alegre,S5,,C0086172,45745537,A
22181404,202506,EASY PAGO INSTITUICAO DE PAGAMENTOS LTDA,180001,N4,I,2,Instituição de Pagamento não sujeita a autorização pelo BCB,,BA,Salvador,,,,,I
21018182,202506,EBANX INSTITUICAO DE PAGAMENTOS LTDA.,202001,N4,I,2,Instituição de Pagamento,IP Emissor Pré-Pago,PR,Curitiba,,,C0085094,21018182,A
C0085094,202506,EBANX IP - PRUDENCIAL,180001,N4,I,2,,IP Emissor Pré-Pago,PR,Curitiba,,,C0085094,21018182,A
33053580,202506,ECOMOVI SOLUCOES E SERVICOS EM PAGAMENTOS LTDA,180001,N4,I,2,Instituição de Pagamento não sujeita a autorização pelo BCB,,,,,,,,I
18587586,202506,EDENRED SOLUCOES DE MOBILIDADE E INSTITUICAO DE PAGAMENTO HU S.A.,202402,N4,I,3,Instituição de Pagamento,,SP,Barueri,,,C0084916,59158642,A
59158642,202506,EDENRED SOLUCOES E INSTITUICAO DE PAGAMENTO AHA S.A.,202401,N4,I,3,Instituição de Pagamento,,SP,Barueri,,,C0084916,59158642,A
C0084916,202506,EDENRED SOLUCOES E IP AHA - PRUDENCIAL,180001,N4,I,3,,IP Emissor Pré-Pago,SP,Barueri,,,C0084916,59158642,A
25269329,202506,"E-DIZ ARRANJO DE PAGAMENTOS, LICENCIAMENTO E SERVICOS LTDA",180001,N4,I,2,Instituição de Pagamento não sujeita a autorização pelo BCB,,SC,Florianópolis,,,,,I
32820711,202506,EFEX INSTITUIÇÃO DE PAGAMENTO S.A.,202409,N4,I,2,Instituição de Pagamento,,SP,São Paulo,,,C0087779,32820711,A
C0087779,202506,EFEX IP - PRUDENCIAL,180001,N4,I,2,,,SP,São Paulo,,,C0087779,32820711,A
09089356,202506,EFÍ S.A. - INSTITUIÇÃO DE PAGAMENTO,201908,N4,I,2,Instituição de Pagamento,,MG,Ouro Preto,S5,,C0084978,09089356,A
33449007,202506,EMPRESA BRASILEIRA DE BENEFICIOS E PAGAMENTOS INSTITUICAO DE PAGAMENTO LTDA,202407,N4,I,2,Instituição de Pagamento,,SP,São Paulo,,,C0087834,33449007,A
C0087834,202506,EMPRESA BRASILEIRA DE BENEFICIOS E PAGAMENTOS IP -,180001,N4,I,2,,IP Emissor Pré-Pago,SP,São Paulo,,,C0087834,33449007,A
35990763,202506,ENOQ CAPITAL INSTITUICAO DE PAGAMENTOS S.A.,180001,N4,I,2,Instituição de Pagamento não sujeita a autorização pelo BCB,,SP,Ribeirão Preto,,,,,I
17887874,202506,ENTREPAY INSTITUICAO DE PAGAMENTO S.A,202407,N4,I,2,Instituição de Pagamento,,SP,São Paulo,S5,,C0087810,17887874,A
19037276,202506,E-PREPAG ADMINISTRADORA DE CARTOES LTDA.,180001,N4,I,2,Instituição de Pagamento não sujeita a autorização pelo BCB,,SP,São Paulo,,,,,I
33641877,202506,EQUIS BANK INSTITUICAO DE PAGAMENTO LTDA,180001,N4,I,2,Instituição de Pagamento não sujeita a autorização pelo BCB,,SP,São Paulo,,,,,I
00714671,202506,EWALLY INSTITUIÇÃO DE PAGAMENTO S.A.,202210,N4,I,2,Instituição de Pagamento,,SP,São Paulo,,,C0086495,00714671,A
C0086495,202506,EWALLY IP - PRUDENCIAL,180001,N4,I,2,,IP Emissor Pré-Pago,SP,São Paulo,,,C0086495,00714671,A
32906701,202506,EXPAG SOLUCOES EM PAGAMENTOS E REPRESENTACAO COMERCIAL LTDA,180001,N4,I,2,Instituição de Pagamento não sujeita a autorização pelo BCB,,SP,Barueri,,,,,I
36000836,202506,EXTRATTA INSTITUICAO DE PAGAMENTO LTDA,180001,N4,I,2,Instituição de Pagamento,,SC,Concórdia,,,,,I
38653626,202506,F & F INSTITUICAO DE PAGAMENTO S. A.,202501,N4,I,2,Instituição de Pagamento,,RS,Erechim,S5,,C0085489,39738065,A
39321657,202506,FACEBOOK INSTITUIÇÃO DE PAGAMENTO DO BRASIL LTDA.,202103,N4,I,3,Instituição de Pagamento,,SP,São Paulo,,,C0085692,39321657,A
C0085692,202506,FACEBOOK INSTITUICAO PAGAMENTO - PRUDENCIAL,180001,N4,I,3,,,SP,São Paulo,,,C0085692,39321657,A
10789035,202506,FACILITA INSTITUICAO DE PAGAMENTO S/A,202312,N4,I,2,Instituição de Pagamento,,MG,Nova Lima,,,C0087449,10789035,A
C0087449,202506,FACILITA IP - PRUDENCIAL,180001,N4,I,2,,IP Emissor Pré-Pago,MG,Nova Lima,,,C0087449,10789035,A
44663846,202506,FEATBANK INSTITUICAO DE PAGAMENTO LTDA,180001,N4,I,2,Instituição de Pagamento,,SP,São Paulo,,,C0088204,44663846,I
C0088204,202506,FEATBANK IP - PRUDENCIAL,180001,N4,I,2,,,SP,São Paulo,,,C0088204,44663846,I
08578334,202506,FIBRA COMERCIALIZADORA DE ENERGIA LTDA,180001,N4,I,2,,,,,,,,,I
05607266,202506,FINNET S/A - TECNOLOGIA E INSTITUICAO DE PAGAMENTO,202409,N4,I,2,Instituição de Pagamento,,SP,São Paulo,,,C0087126,05607266,A
C0087126,202506,FINNET S/A TECNOLOGIA E IP - PRUDENCIAL,180001,N4,I,2,,,SP,São Paulo,,,C0087126,05607266,A
04962772,202506,FISERV DO BRASIL  INSTITUIÇÃO DE PAGAMENTO LTDA,202209,N4,I,3,Instituição de Pagamento,,SP,São Paulo,S4,,C0086457,04962772,A
13203354,202506,FITBANK INSTITUIÇÃO DE PAGAMENTO S.A.,202105,N4,I,2,Instituição de Pagamento,,SP,São Paulo,S5,,C0085726,13203354,A
23114447,202506,FLAGSHIP INSTITUICAO DE PAGAMENTO LTDA,202204,N4,I,2,Instituição de Pagamento,,SP,São Paulo,,,C0086282,23114447,A
C0086282,202506,FLAGSHIP IP - PRUDENCIAL,180001,N4,I,2,,IP Emissor Pré-Pago,SP,São Paulo,,,C0086282,23114447,A
32223020,202506,FLASH TECNOLOGIA E  INSTITUICAO DE PAGAMENTO LTDA,202310,N4,I,2,Instituição de Pagamento,,SP,São Paulo,,,C0087315,32223020,A
C0087315,202506,FLASH TECNOLOGIA IP - PRUDENCIAL,180001,N4,I,2,,IP Emissor Pré-Pago,SP,São Paulo,,,C0087315,32223020,A
04870413,202506,FLEXPAG TECNOLOGIA E INSTITUICAO DE PAGAMENTO S.A.,180001,N4,I,2,Instituição de Pagamento,,PE,Recife,,,,,I
15320615,202506,FLUX-IT CONSULTORIA E SERVICOS DE INFORMATICA LTDA,180001,N4,I,2,Instituição de Pagamento não sujeita a autorização pelo BCB,,SP,São Bernardo do Campo,,,,,I
37570489,202506,FLYPAY SOLUCOES EM PAGAMENTOS E ASSESSORIA ADMINISTRATIVA LTDA,180001,N4,I,2,Instituição de Pagamento não sujeita a autorização pelo BCB,,RJ,Rio de Janeiro,,,,,I
39993186,202506,FORIS GFS BR INSTITUICAO DE PAGAMENTO LTDA,202212,N4,I,3,Instituição de Pagamento,,SP,São Paulo,,,C0086725,39993186,A
C0086725,202506,FORIS GFS BR IP - PRUDENCIAL,180001,N4,I,3,,IP Emissor Pré-Pago,SP,São Paulo,,,C0086725,39993186,A
02732968,202506,FORTBRASIL INSTITUIÇÃO DE PAGAMENTO S/A,202004,N4,I,2,Instituição de Pagamento,IP Emissor Pós-Pago,SP,São José dos Campos,S4,,C0083467,91669747,A
03856113,202506,FREEDOM2BUY.COM BRASIL LTDA.,180001,N4,I,2,Instituição de Pagamento não sujeita a autorização pelo BCB,,,,,,,,I
42926025,202506,FRIDAY INSTITUIÇÃO DE PAGAMENTOS LTDA.,202201,N4,I,2,Instituição de Pagamento,,RJ,Rio de Janeiro,,,C0086062,42926025,A
C0086062,202506,FRIDAY IP - PRUDENCIAL,180001,N4,I,2,,,RJ,Rio de Janeiro,,,C0086062,42926025,A
23558980,202506,GALACTICO INSTITUICAO DE PAGAMENTO LTDA.,180001,N4,I,2,Instituição de Pagamento não sujeita a autorização pelo BCB,,SP,São Paulo,,,,,I
30765018,202506,GALAX PAY INSTITUIÇÃO DE PAGAMENTO S.A.,202404,N4,I,3,Instituição de Pagamento,,SP,Barueri,S4,,C0085960,13935893,A
10440482,202506,GETNET ADQUIRÊNCIA E SERVIÇOS PARA MEIOS DE PAGAMENTO S.A. INSTITUIÇÃO DE PAGAMENTO,201605,N4,I,3,Instituição de Pagamento,,SP,São Paulo,S1,,C0080185,90400888,A
43394419,202506,GOOGLE PAY BRASIL INSTITUICAO DE PAGAMENTO LTDA.,202212,N4,I,3,Instituição de Pagamento,,SP,São Paulo,,,C0086684,43394419,A
C0086684,202506,GOOGLE PAY BRASIL IP - PRUDENCIAL,180001,N4,I,3,,,SP,São Paulo,,,C0086684,43394419,A
33630661,202506,GOWD INSTITUIÇÃO DE PAGAMENTO LTDA.,202305,N4,I,2,Instituição de Pagamento,,PR,Maringá,,,C0087023,33630661,A
C0087023,202506,GOWD IP - PRUDENCIAL,180001,N4,I,2,,IP Emissor Pré-Pago,PR,Maringá,,,C0087023,33630661,A
39331592,202506,GRECALE SOLUCOES EM MEIOS DE PAGAMENTO LTDA,180001,N4,I,2,Instituição de Pagamento não sujeita a autorização pelo BCB,,SP,São Paulo,,,,,I
10314753,202506,GREEN NET INSTITUIÇÃO DE PAGAMENTO LTDA,202007,N4,I,3,Instituição de Pagamento,IP Emissor Pré-Pago,SP,São Paulo,,,C0085362,10314753,A
28581308,202506,GREENPASS TECNOLOGIA E INSTITUICAO DE PAGAMENTO HUE S.A.,202404,N4,I,3,Instituição de Pagamento,,SP,Barueri,,,C0084916,59158642,A
27970567,202506,HINOVA PAY INSTITUICAO DE PAGAMENTO S.A.,202204,N4,I,2,Instituição de Pagamento,,MG,Belo Horizonte,,,C0086220,27970567,A
C0086220,202506,HINOVA PAY IP - PRUDENCIAL,180001,N4,I,2,,IP Emissor Pré-Pago,MG,Belo Horizonte,,,C0086220,27970567,A
07136847,202506,HYPER WALLET IP LTDA,180001,N4,I,2,Instituição de Pagamento não sujeita a autorização pelo BCB,,DF,Brasília,,,,,I
02507780,202506,IBBA INSTITUICAO DE PAGAMENTO LTDA,180001,N4,I,2,Instituição de Pagamento não sujeita a autorização pelo BCB,,PR,Campo Mourão,,,,,I
74481201,202506,IBI PROMOTORA DE VENDAS LTDA.,180001,N4,I,2,,,,,,,,,I
45860531,202506,IDEA MAKER INSTITUICAO DE PAGAMENTO LTDA,202303,N4,I,2,Instituição de Pagamento,,SP,São Paulo,,,C0086914,45860531,A
C0086914,202506,IDEA MAKER IP - PRUDENCIAL,180001,N4,I,2,,IP Emissor Pré-Pago,SP,São Paulo,,,C0086914,45860531,A
51982465,202506,INFINIA BRASIL INSTITUICAO DE PAGAMENTO LTDA,180001,N4,I,2,Instituição de Pagamento,,SP,São Paulo,,,C0087951,51982465,I
C0087951,202506,INFINIA BRASIL IP - PRUDENCIAL,180001,N4,I,2,,,SP,São Paulo,,,C0087951,51982465,I
82842386,202506,INFOPAGO INSTITUICAO DE PAGAMENTOS LTDA,180001,N4,I,2,Instituição de Pagamento não sujeita a autorização pelo BCB,,SC,Jaraguá do Sul,,,,,I
44471172,202506,INICIADOR INSTITUICAO DE PAGAMENTO LTDA,202212,N4,I,2,Instituição de Pagamento,,SP,São Paulo,,,C0086756,44471172,A
C0086756,202506,INICIADOR IP - PRUDENCIAL,180001,N4,I,2,,,SP,São Paulo,,,C0086756,44471172,A
37511258,202506,INOVANTI INSTITUIÇÃO DE PAGAMENTO S.A.,202401,N4,I,2,Instituição de Pagamento,,SP,São Paulo,,,C0087456,37511258,A
C0087456,202506,INOVANTI IP - PRUDENCIAL,180001,N4,I,2,,IP Emissor Pré-Pago,SP,São Paulo,,,C0087456,37511258,A
C0087308,202506,INSTITUIÇÃO DE PAGAMENTOS MAPS - PRUDENCIAL,180001,N4,I,2,,,SP,São Paulo,,,C0087308,45548763,A
45548763,202506,INSTITUIÇÃO DE PAGAMENTOS MAPS LTDA.,202410,N4,I,2,Instituição de Pagamento,,SP,São Paulo,,,C0087308,45548763,A
22177858,202506,INTER PAG INSTITUIÇÃO DE PAGAMENTO S.A.,202203,N4,I,2,Instituição de Pagamento,,MG,Belo Horizonte,S3,,C0080996,00416968,A
11491029,202506,IP4Y INSTITUICAO DE PAGAMENTO LTDA,202407,N4,I,2,Instituição de Pagamento,,SP,Guarulhos,,,C0087841,11491029,A
27810157,202506,IPAG INSTITUICAO DE PAGAMENTO S.A,180001,N4,I,2,Instituição de Pagamento não sujeita a autorização pelo BCB,,SP,Presidente Prudente,,,,,I
34747388,202506,ISSUER INSTITUICAO DE PAGAMENTO LTDA.,202307,N4,I,3,Instituição de Pagamento,,RS,Porto Alegre,,,C0087140,34747388,A
C0087140,202506,ISSUER IP - PRUDENCIAL,180001,N4,I,3,,IP Emissor Pré-Pago,RS,Porto Alegre,,,C0087140,34747388,A
36010822,202506,ISTPAY INSTITUICAO DE PAGAMENTO LTDA,202410,N4,I,2,Instituição de Pagamento,,MG,Belo Horizonte,,,C0087597,36010822,A
15111975,202506,IUGU INSTITUIÇÃO DE PAGAMENTO S.A.,202008,N4,I,2,Instituição de Pagamento,IP Emissor Pré-Pago,SP,São Paulo,,,C0085434,15111975,A
C0085434,202506,IUGU IP - PRUDENCIAL,180001,N4,I,2,,IP Emissor Pré-Pago,SP,São Paulo,,,C0085434,15111975,A
08323197,202506,IUPI INSTITUICAO DE PAGAMENTO S.A.,202407,N4,I,2,Instituição de Pagamento,,MG,Uberlândia,,,C0087195,08323197,A
C0087195,202506,IUPI IP - PRUDENCIAL,180001,N4,I,2,,IP Emissor Pré-Pago,MG,Uberlândia,,,C0087195,08323197,A
36656138,202506,JA DIGITAL INSTITUICAO DE PAGAMENTOS S.A.,180001,N4,I,2,Instituição de Pagamento não sujeita a autorização pelo BCB,,,,,,,,I
40735713,202506,JRM2 SOLUCOES DE PAGAMENTO LTDA,180001,N4,I,2,Instituição de Pagamento não sujeita a autorização pelo BCB,,SP,Campinas,,,,,I
18827467,202506,KEYPAY SERVICOS TECNOLOGICOS LTDA,180001,N4,I,2,,,,,,,,,I
53908413,202506,KIWIFY INSTITUICAO DE PAGAMENTO LTDA,180001,N4,I,2,Instituição de Pagamento,,SC,Balneário Camboriú,,,C0088266,53908413,I
C0088266,202506,KIWIFY IP - PRUDENCIAL,180001,N4,I,2,,,SC,Balneário Camboriú,,,C0088266,53908413,I
44459799,202506,KLAVI INSTITUIÇÃO DE PAGAMENTOS E GESTÃO DE DADOS LTDA.,202301,N4,I,3,Instituição de Pagamento,,SP,São Paulo,,,C0086794,44459799,A
C0086794,202506,KLAVI IP - PRUDENCIAL,180001,N4,I,3,,,SP,São Paulo,,,C0086794,44459799,A
34678263,202506,KREDIT INSTITUICAO DE PAGAMENTO S/A,180001,N4,I,2,Instituição de Pagamento,,DF,Brasília,,,,,I
52833288,202506,LB PAY INSTITUIÇÃO DE PAGAMENTO LTDA,180001,N4,I,3,Instituição de Pagamento,,SP,Barueri,,,C0088046,52833288,I
C0088046,202506,LB PAY IP - PRUDENCIAL,180001,N4,I,3,,,SP,Barueri,,,C0088046,52833288,I
44154779,202506,LEND INSTITUICAO DE PAGAMENTO LTDA,202309,N4,I,2,Instituição de Pagamento,,SP,São Paulo,S5,,C0085276,37526080,A
28494518,202506,LIDER PAYMENTS INSTITUICAO DE PAGAMENTO LTDA,180001,N4,I,2,Instituição de Pagamento não sujeita a autorização pelo BCB,,SP,Franca,,,,,I
32761142,202506,LIFT PAGAMENTOS LTDA,180001,N4,I,2,,,,,,,,,I
37663090,202506,LINA INSTITUICAO DE PAGAMENTO S.A,202408,N4,I,2,Instituição de Pagamento,,SP,São Paulo,,,C0087322,37663090,A
C0087322,202506,LINA IP - PRUDENCIAL,180001,N4,I,2,,,SP,São Paulo,,,C0087322,37663090,A
48552108,202506,LIQUIDO INSTITUICAO DE PAGAMENTO LTDA,202409,N4,I,3,Instituição de Pagamento,,SP,São Paulo,,,C0087339,48552108,A
C0087339,202506,LIQUIDO IP - PRUDENCIAL,180001,N4,I,3,,,SP,São Paulo,,,C0087339,48552108,A
32971064,202506,LISTO INSTITUICAO DE PAGAMENTO LTDA,202502,N4,I,3,Instituição de Pagamento,,SP,São Paulo,,,C0088383,32971064,A
C0088383,202506,LISTO IP - PRUDENCIAL,180001,N4,I,3,,,SP,São Paulo,,,C0088383,32971064,A
23791793,202506,LMF EMPRESARIAL LTDA,180001,N4,I,2,Instituição de Pagamento não sujeita a autorização pelo BCB,,SP,Mogi das Cruzes,,,,,I
28505126,202506,LOGBANK INSTITUICAO DE PAGAMENTO S.A.,180001,N4,I,2,Instituição de Pagamento não sujeita a autorização pelo BCB,,SP,Barueri,,,,,I
19981015,202506,LOGCARD MEIOS DE PAGAMENTO LTDA,180001,N4,I,2,Instituição de Pagamento não sujeita a autorização pelo BCB,,SP,Ribeirão Preto,,,,,I
34669130,202506,LP DO BRASIL INSTITUIÇÃO DE PAGAMENTO LTDA.,202410,N4,I,3,Instituição de Pagamento,,SP,Campinas,,,C0088053,34669130,A
C0088053,202506,LP DO BRASIL IP - PRUDENCIAL,180001,N4,I,3,,,SP,Campinas,,,C0088053,34669130,A
31985422,202506,LYRA COLLECT INSTITUICAO DE PAGAMENTO LTDA.,180001,N4,I,2,Instituição de Pagamento não sujeita a autorização pelo BCB,,SP,São Paulo,,,,,I
08262343,202506,M SERVICOS LTDA,180001,N4,I,2,,,,,,,,,I
38460917,202506,MACRE EMPREENDIMENTOS FINANCEIROS LTDA,180001,N4,I,2,Instituição de Pagamento não sujeita a autorização pelo BCB,,PA,Parauapebas,,,,,I
21995256,202506,MAG INSTITUICAO DE PAGAMENTO LTDA,202209,N4,I,2,Instituição de Pagamento,,RJ,Rio de Janeiro,,,C0086385,21995256,A
C0086385,202506,MAG IP - PRUDENCIAL,180001,N4,I,2,,IP Emissor Pré-Pago,RJ,Rio de Janeiro,,,C0086385,21995256,A
17948578,202506,MAGALU PAGAMENTOS LTDA,180001,N4,I,2,Instituição de Pagamento não sujeita a autorização pelo BCB,,,,,,,,I
13884775,202506,MAGALUPAY INSTITUIÇÃO DE PAGAMENTO S.A.,202007,N4,I,2,Instituição de Pagamento,IP Emissor Pré-Pago,SP,Barueri,S5,,C0085348,13884775,A
09370323,202506,MANDACARU ADMINISTRADORA DE CARTOES S/A,180001,N4,I,2,Instituição de Pagamento não sujeita a autorização pelo BCB,,CE,Fortaleza,,,,,I
14615234,202506,MAPBANK INSTITUICAO DE PAGAMENTO LTDA,180001,N4,I,2,Instituição de Pagamento não sujeita a autorização pelo BCB,,SC,Itajaí,,,,,I
39715262,202506,"MASTERBARTER NEGOCIOS, SOLUCOES E PAGAMENTOS - INSTITUICAO DE PAGAMENTO S/A",180001,N4,I,2,Instituição de Pagamento não sujeita a autorização pelo BCB,,SP,São Paulo,,,,,I
54024532,202506,MAX INSTITUIÇÃO DE PAGAMENTO LTDA,180001,N4,I,2,Instituição de Pagamento,,RS,Porto Alegre,,,C0088211,54024532,I
C0088211,202506,MAX IP - PRUDENCIAL,180001,N4,I,2,,,RS,Porto Alegre,,,C0088211,54024532,I
28269650,202506,MB INVESTIMENTOS INSTITUICAO DE PAGAMENTOS S.A,180001,N4,I,2,Instituição de Pagamento não sujeita a autorização pelo BCB,,SP,São Paulo,,,,,I
32343119,202506,MÊNTORE INSTITUIÇÃO DE PAGAMENTO S.A.,202506,N4,I,2,Instituição de Pagamento,,CE,Fortaleza,,,C0088527,32343119,A
C0088527,202506,MÊNTORE IP - PRUDENCIAL,180001,N4,I,2,,,CE,Fortaleza,,,C0088527,32343119,A
C0087061,202506,MERCADO BITCOIN - PRUDENCIAL,180001,N4,I,2,,IP Emissor Pré-Pago,SP,São Paulo,,,C0087061,11351086,A
11351086,202506,MERCADO BITCOIN INSTITUICAO DE PAGAMENTO LTDA,202306,N4,I,2,Instituição de Pagamento,,SP,São Paulo,,,C0087061,11351086,A
10573521,202506,MERCADO PAGO INSTITUIÇÃO DE PAGAMENTO LTDA.,201811,N4,I,3,Instituição de Pagamento,,SP,Osasco,S4,,C0084820,10573521,A
09310916,202506,"MERCHANTE-SOLUTIONS, INC.",180001,N4,I,2,,,,,,,,,I
40278183,202506,MERCORA SERVICOS EM TECNOLOGIA LTDA,180001,N4,I,2,Instituição de Pagamento não sujeita a autorização pelo BCB,,SP,São Paulo,,,,,I
17028875,202506,MFC ADMINISTRADORA DE CARTÕES LTDA,180001,N4,I,2,Instituição de Pagamento não sujeita a autorização pelo BCB,,,,,,,,I
37424665,202506,MODABANK REPRESENTACOES COMERCIAIS LTDA,180001,N4,I,2,Instituição de Pagamento não sujeita a autorização pelo BCB,,PE,Toritama,,,,,I
46505612,202506,MONERY INSTITUICAO DE PAGAMENTO S.A.,202405,N4,I,2,Instituição de Pagamento,,SP,Barueri,,,C0087164,46505612,A
C0087164,202506,MONERY IP - PRUDENCIAL,180001,N4,I,2,,,SP,Barueri,,,C0087164,46505612,A
57164291,202506,MONEY MOVEMENT INSTITUICAO DE PAGAMENTO LTDA,180001,N4,I,2,Instituição de Pagamento,,SP,São Paulo,,,,,I
31166683,202506,MOUNT PAY SERVICOS FINANCEIROS E INSTITUICAO DE PAGAMENTO LTDA,180001,N4,I,2,Instituição de Pagamento não sujeita a autorização pelo BCB,,PR,Curitiba,,,,,I
50871921,202506,MT INSTITUICAO DE PAGAMENTO SA,202506,N4,I,2,Instituição de Pagamento,,SP,Barueri,,,C0088039,50871921,A
C0088039,202506,MT IP - PRUDENCIAL,180001,N4,I,2,,,SP,Barueri,,,C0088039,50871921,A
46297307,202506,MUEVY INSTITUICAO DE PAGAMENTO SA,202501,N4,I,2,Instituição de Pagamento,,SP,Barueri,,,C0087487,46297307,A
C0087487,202506,MUEVY IP - PRUDENCIAL,180001,N4,I,2,,,SP,Barueri,,,C0087487,46297307,A
39576810,202506,MUITO INSTITUIÇÃO DE PAGAMENTO LTDA,180001,N4,I,2,Instituição de Pagamento,,BA,Feira de Santana,,,,,I
03847413,202506,MULVI INSTITUICAO DE PAGAMENTO S.A.,202407,N4,I,1,Instituição de Pagamento,,SE,Aracaju,S4,,C0081634,13009717,A
53822116,202506,MW INSTITUICAO DE PAGAMENTO LTDA,180001,N4,I,2,Instituição de Pagamento,,SC,Joinville,,,C0087968,53822116,I
C0087968,202506,MW IP - PRUDENCIAL,180001,N4,I,2,,,SC,Joinville,,,C0087968,53822116,I
09092759,202506,NAIP INSTITUIÇÃO DE PAGAMENTO S.A.,202505,N4,I,2,Instituição de Pagamento,,SP,Barueri,,,C0087580,04740876,A
06255692,202506,NDD TECH LTDA,180001,N4,I,2,Instituição de Pagamento não sujeita a autorização pelo BCB,,SC,Lages,,,,,I
12573115,202506,NEL3 PAY INSTITUICAO DE PAGAMENTO LTDA,180001,N4,I,2,Instituição de Pagamento,,DF,Brasília,,,,,I
20855875,202506,NEON PAGAMENTOS S.A. - INSTITUIÇÃO DE PAGAMENTO,202104,N4,I,2,Instituição de Pagamento,,SP,São Paulo,S4,,C0085702,20855875,A
37319859,202506,NEXT SERVICOS E NEGOCIOS LTDA,180001,N4,I,2,Instituição de Pagamento não sujeita a autorização pelo BCB,,SP,São Paulo,,,,,I
40710595,202506,NG CASH INSTITUIÇÃO DE PAGAMENTO LTDA.,202505,N4,I,3,Instituição de Pagamento,,SP,São Paulo,,,C0088448,40710595,A
C0088448,202506,NG CASH IP - PRUDENCIAL,180001,N4,I,3,,,SP,São Paulo,,,C0088448,40710595,A
11512962,202506,NIKY INSTITUICAO DE PAGAMENTO S.A.,180001,N4,I,2,Instituição de Pagamento,,SP,São Paulo,,,,,I
49442607,202506,NIUM INSTITUICAO DE PAGAMENTO LTDA,180001,N4,I,2,Instituição de Pagamento,,SP,São Paulo,,,,,I
01648418,202506,NSTECH IP INSTITUICAO DE PAGAMENTO S.A.,180001,N4,I,2,Instituição de Pagamento,,SC,Itajaí,,,,,I
18236120,202506,NU PAGAMENTOS S.A. - INSTITUIÇÃO DE PAGAMENTO,201705,N4,I,3,Instituição de Pagamento,IP Emissor Pós-Pago,SP,São Paulo,S3,,C0084693,18236120,A
14483955,202506,NUORO PAY INSTITUICAO DE PAGAMENTO LTDA,180001,N4,I,2,Instituição de Pagamento não sujeita a autorização pelo BCB,,SP,São Paulo,,,,,I
32219232,202506,NUPAY FOR BUSINESS INSTITUICAO DE PAGAMENTO LTDA.,202309,N4,I,3,Instituição de Pagamento,,SP,São Paulo,S3,,C0084693,18236120,A
38297374,202506,NUVENDE REPRESENTACAO COMERCIAL E INTERMEDIACAO DE PAGAMENTO  LTDA,180001,N4,I,2,Instituição de Pagamento não sujeita a autorização pelo BCB,,SP,Barueri,,,,,I
35136120,202506,NVIO BRASIL BITSO INSTITUIÇÃO DE PAGAMENTO LTDA,202303,N4,I,3,Instituição de Pagamento,,SP,Osasco,S5,,C0086945,35136120,A
09255390,202506,OCA DINERO ELECTRÓNICO S.A.,180001,N4,I,2,Instituição de Pagamento não sujeita a autorização pelo BCB,,SP,São Paulo,S1,,C0080099,60872504,A
30980539,202506,OKTO INSTITUIÇÃO DE PAGAMENTO S.A.,202205,N4,I,3,Instituição de Pagamento,,SP,São Paulo,,,C0086323,30980539,A
C0086323,202506,OKTO IP - PRUDENCIAL,180001,N4,I,3,,IP Emissor Pré-Pago,SP,São Paulo,,,C0086323,30980539,A
31707216,202506,OLIVIA AI DO BRASIL INSTITUICAO DE PAGAMENTO LTDA,180001,N4,I,2,Instituição de Pagamento não sujeita a autorização pelo BCB,,SP,São Paulo,,,,,I
43010260,202506,OMIE INSTITUICAO DE PAGAMENTO LTDA.,202307,N4,I,3,Instituição de Pagamento,,SP,São Paulo,,,C0087157,43010260,A
C0087157,202506,OMIE IP - PRUDENCIAL,180001,N4,I,3,,,SP,São Paulo,,,C0087157,43010260,A
35210410,202506,ONEKEY PAYMENTS INSTITUICAO DE PAGAMENTO SA,202403,N4,I,3,Instituição de Pagamento,,SP,Barueri,,,C0087535,35210410,A
C0087535,202506,ONEKEY PAYMENTS IP - PRUDENCIAL,180001,N4,I,3,,IP Emissor Pré-Pago,SP,Barueri,,,C0087535,35210410,A
29477089,202506,ONLY UP SERVICOS FINANCEIROS LTDA,180001,N4,I,2,Instituição de Pagamento não sujeita a autorização pelo BCB,,SP,São José dos Campos,,,,,I
36093650,202506,OPEN PAGAMENTOS LTDA,180001,N4,I,2,Instituição de Pagamento não sujeita a autorização pelo BCB,,AL,Maceió,,,,,I
35203533,202506,OT PAGAMENTOS S.A,180001,N4,I,2,,,,,,,,,I
37839059,202506,OWEM PAY INSTITUICAO DE PAGAMENTO LTDA,180001,N4,I,2,Instituição de Pagamento não sujeita a autorização pelo BCB,,SP,Barueri,,,,,I
39157329,202506,OZ PAY INSTITUICAO DE PAGAMENTO LTDA,180001,N4,I,2,Instituição de Pagamento não sujeita a autorização pelo BCB,,SP,São Paulo,,,,,I
46996177,202506,P R DO BRASIL INSTITUICAO DE PAGAMENTOS LTDA,202503,N4,I,3,Instituição de Pagamento,,SP,São Paulo,,,C0087614,46996177,A
C0087614,202506,P R DO BRASIL IP - PRUDENCIAL,180001,N4,I,3,,,SP,São Paulo,,,C0087614,46996177,A
18727053,202506,PAGAR.ME INSTITUICAO DE PAGAMENTO S.A,180001,N4,I,3,Instituição de Pagamento não sujeita a autorização pelo BCB,,SP,São Paulo,S4,,C0084686,16501555,A
09194755,202506,PAGAR.ME PAGAMENTOS S.A.,180001,N4,I,2,Instituição de Pagamento,,SP,São Paulo,,,,,I
25104230,202506,PAGARE INSTITUICAO DE PAGAMENTO S.A.,202404,N4,I,2,Instituição de Pagamento,,SP,São Paulo,,,C0087607,25104230,A
C0087607,202506,PAGARE IP - PRUDENCIAL,180001,N4,I,2,,IP Emissor Pós-Pago,SP,São Paulo,,,C0087607,25104230,A
71962609,202506,PAGARE SOCIEDADE DE CREDITO AO MICROEMPREENDEDOR E A EMPRESA DE PEQUENO PORTE LTDA,180001,N4,I,2,Instituição de Pagamento não sujeita a autorização pelo BCB,,SP,São Paulo,,,,,I
23149892,202506,PAGBEM SERVICOS FINANCEIROS E DE LOGISTICA S.A.,180001,N4,I,2,Instituição de Pagamento não sujeita a autorização pelo BCB,,SP,São Paulo,,,,,I
55251092,202506,PAGBRASIL INSTITUICAO DE PAGAMENTO LTDA.,180001,N4,I,2,Instituição de Pagamento,,RS,Porto Alegre,,,C0088228,55251092,I
C0088228,202506,PAGBRASIL TECNOLOGIA IP - PRUDENCIAL,180001,N4,I,2,,,RS,Porto Alegre,,,C0088228,55251092,I
17819084,202506,PAGCERTO INSTITUICAO DE PAGAMENTO LTDA.,202406,N4,I,3,Instituição de Pagamento,,SE,Aracaju,,,C0087724,17819084,A
C0087724,202506,PAGCERTO IP - PRUDENCIAL,180001,N4,I,3,,IP Emissor Pré-Pago,SE,Aracaju,,,C0087724,17819084,A
20110153,202506,PAGHIPER INSTITUIÇAO DE PAGAMENTO LTDA.,202502,N4,I,2,Instituição de Pagamento,,PR,Paranavaí,,,C0087494,20110153,A
C0087494,202506,PAGHIPER IP - PRUDENCIAL,180001,N4,I,2,,,PR,Paranavaí,,,C0087494,20110153,A
34471744,202506,PAGME INSTITUIÇÃO DE PAGAMENTO LTDA.,202403,N4,I,2,Instituição de Pagamento,,RS,Porto Alegre,,,C0087542,34471744,A
C0087542,202506,PAGME IP - PRUDENCIAL,180001,N4,I,2,,IP Emissor Pré-Pago,RS,Porto Alegre,,,C0087542,34471744,A
30944783,202506,PAGPRIME INSTITUICAO DE PAGAMENTO LTDA,202303,N4,I,2,Instituição de Pagamento,,GO,Goiânia,,,C0086880,30944783,A
C0086880,202506,PAGPRIME IP - PRUDENCIAL,180001,N4,I,2,,IP Emissor Pós-Pago,GO,Goiânia,,,C0086880,30944783,A
08561701,202506,PAGSEGURO INTERNET INSTITUIÇÃO DE PAGAMENTO S.A.,201810,N4,I,2,Instituição de Pagamento,,SP,São Paulo,S4,,C0084813,08561701,A
C0088345,202506,PAGSMILE IP - PRUDENCIAL,180001,N4,I,3,,,SP,São Paulo,,,C0088345,37753531,A
40478262,202506,PAGSTAR INSTITUIÇÃO DE PAGAMENTO S.A.,180001,N4,I,2,Instituição de Pagamento,,SP,Barueri,,,,,I
03816413,202506,PAGUEVELOZ INSTITUIÇÃO DE PAGAMENTO LTDA.,202209,N4,I,3,Instituição de Pagamento,,SC,Blumenau,,,C0086505,03816413,A
C0086505,202506,PAGUEVELOZ IP - PRUDENCIAL,180001,N4,I,3,,IP Emissor Pré-Pago,SC,Blumenau,,,C0086505,03816413,A
28979546,202506,PARTNERBANK INSTITUICAO DE PAGAMENTO S.A.,202311,N4,I,2,Instituição de Pagamento,,SP,São Paulo,,,C0087391,28979546,A
C0087391,202506,PARTNERBANK IP - PRUDENCIAL,180001,N4,I,2,,IP Emissor Pré-Pago,SP,São Paulo,,,C0087391,28979546,A
C0087762,202506,PAY BROKERS IP - PRUDENCIAL,180001,N4,I,2,,IP Emissor Pré-Pago,PR,Curitiba,,,C0087762,40820176,A
40820176,202506,PAY BROKERS IP INSTITUICAO DE PAGAMENTO LTDA.,202407,N4,I,2,Instituição de Pagamento,,PR,Curitiba,,,C0087762,40820176,A
36690516,202506,PAY INSTITUICAO DE PAGAMENTO S.A.,202504,N4,I,3,Instituição de Pagamento,,RS,Porto Alegre,,,C0087920,36690516,A
C0087920,202506,PAY IP - PRUDENCIAL,180001,N4,I,3,,,RS,Porto Alegre,,,C0087920,36690516,A
30015936,202506,PAY TUDO SOLUCOES E SERVICOS EM PAGAMENTOS LTDA,180001,N4,I,2,Instituição de Pagamento não sujeita a autorização pelo BCB,,SP,São Paulo,,,,,I
44815065,202506,PAY2ALL INSTITUICAO DE PAGAMENTO LTDA,202209,N4,I,3,Instituição de Pagamento,,SP,São Paulo,,,C0088479,44815065,A
C0088479,202506,PAY2ALL IP - PRUDENCIAL,180001,N4,I,3,,,SP,São Paulo,,,C0088479,44815065,A
20757199,202506,PAY4FUN INSTITUICAO DE PAGAMENTO S.A.,202206,N4,I,2,Instituição de Pagamento,,SP,São Paulo,,,C0086299,20757199,A
C0086299,202506,PAY4FUN IP S.A. - PRUDENCIAL,180001,N4,I,2,,IP Emissor Pré-Pago,SP,São Paulo,,,C0086299,20757199,A
32982245,202506,PAYFACE INSTITUICAO DE PAGAMENTO S.A.,180001,N4,I,2,Instituição de Pagamento,,SC,Florianópolis,,,C0088132,32982245,I
C0088132,202506,PAYFACE IP - PRUDENCIAL,180001,N4,I,2,,,SC,Florianópolis,,,C0088132,32982245,I
28683892,202506,PAYMEE BRASIL INSTITUIÇÃO DE PAGAMENTO S.A.,202406,N4,I,2,Instituição de Pagamento,,SP,São Paulo,,,C0087700,28683892,A
C0087700,202506,PAYMEE BRASIL IP - PRUDENCIAL,180001,N4,I,2,,IP Emissor Pré-Pago,SP,São Paulo,,,C0087700,28683892,A
10878448,202506,PAYPAL DO BRASIL INSTITUIÇÃO DE PAGAMENTO LTDA.,201905,N4,I,3,Instituição de Pagamento,,SP,São Paulo,,,C0085018,10878448,A
C0085018,202506,PAYPAL DO BRASIL IP - PRUDENCIAL,180001,N4,I,3,,IP Credenciadora,SP,São Paulo,,,C0085018,10878448,A
22896431,202506,PICPAY INSTITUIÇÃO DE PAGAMENTO S.A.,202010,N4,I,2,Instituição de Pagamento,,SP,São Paulo,S3,,C0088022,22896431,A
17079937,202506,PINBANK BRASIL INSTITUIÇÃO DE PAGAMENTO S.A.,202208,N4,I,3,Instituição de Pagamento,,SP,São Paulo,S5,,C0086361,17079937,A
38314747,202506,PLANIUM INSTITUICAO DE PAGAMENTO SA,180001,N4,I,2,Instituição de Pagamento não sujeita a autorização pelo BCB,,RJ,Rio de Janeiro,,,,,I
37085210,202506,PLANNER INSTITUICAO DE PAGAMENTO LTDA UNIPESSOAL,180001,N4,I,2,Instituição de Pagamento não sujeita a autorização pelo BCB,,SP,São Paulo,,,,,I
37943755,202506,PLUGGY BRASIL INSTITUICAO DE PAGAMENTO LTDA,202408,N4,I,2,Instituição de Pagamento,,SP,São Paulo,,,C0087683,37943755,A
C0087683,202506,PLUGGY BRASIL IP - PRUDENCIAL,180001,N4,I,2,,,SP,São Paulo,,,C0087683,37943755,A
30798783,202506,PLUXEE INSTITUIÇÃO DE PAGAMENTO BRASIL S.A.,202112,N4,I,3,Instituição de Pagamento,,SP,São Paulo,,,C0087889,30798783,A
C0087889,202506,PLUXEE IP - PRUDENCIAL,180001,N4,I,3,,IP Emissor Pré-Pago,SP,São Paulo,,,C0087889,30798783,A
44128548,202506,POMELO INSTITUICAO DE PAGAMENTO LTDA.,202303,N4,I,3,Instituição de Pagamento,,SP,São Paulo,,,C0086938,44128548,A
C0086938,202506,POMELO IP - PRUDENCIAL,180001,N4,I,3,,IP Emissor Pós-Pago,SP,São Paulo,,,C0086938,44128548,A
09149050,202506,PONT SOCIEDAD ANÓNIMA,180001,N4,I,2,Instituição de Pagamento não sujeita a autorização pelo BCB,,SP,São Paulo,S1,,C0080099,60872504,A
21041840,202506,PPRO BRASIL LTDA,180001,N4,I,2,Instituição de Pagamento não sujeita a autorização pelo BCB,,SP,São Paulo,,,,,I
53652976,202506,PRESTIGE PAY INSTITUICAO DE PAGAMENTO LTDA.,180001,N4,I,2,Instituição de Pagamento,,RJ,Rio de Janeiro,,,,,I
31861005,202506,PRIMEPAG SOLUCOES EM PAGAMENTOS ELETRONICOS LTDA,180001,N4,I,2,Instituição de Pagamento não sujeita a autorização pelo BCB,,SP,São Paulo,,,,,I
40276692,202506,PROTEGE CASH INSTITUIÇÃO DE PAGAMENTO S.A.,202304,N4,I,2,Instituição de Pagamento,,SP,São Paulo,,,C0086969,40276692,A
C0086969,202506,PROTEGE CASH IP PRUDENCIAL,180001,N4,I,2,,IP Emissor Pré-Pago,SP,São Paulo,,,C0086969,40276692,A
35713491,202506,PROTOTYPE INSTITUICAO DE PAGAMENTO S.A.,202505,N4,I,2,Instituição de Pagamento,,SP,São Paulo,,,C0088431,35713491,A
C0088431,202506,PROTOTYPE IP - PRUDENCIAL,180001,N4,I,2,,,SP,São Paulo,,,C0088431,35713491,A
20308187,202506,PROVER PROMOCAO DE VENDAS INSTITUICAO DE PAGAMENTO LTDA,202308,N4,I,2,Instituição de Pagamento,,AM,Manaus,S5,,C0087212,20308187,A
31818873,202506,QESH INSTITUICAO DE PAGAMENTO LTDA,202305,N4,I,2,Instituição de Pagamento,,MG,Nova Lima,,,C0087030,31818873,A
C0087030,202506,QESH IP - PRUDENCIAL,180001,N4,I,2,,IP Emissor Pré-Pago,MG,Nova Lima,,,C0087030,31818873,A
42064545,202506,QUANTO NETWORK INSTITUICAO DE PAGAMENTO LTDA.,202110,N4,I,2,Instituição de Pagamento,,SP,São Paulo,,,C0085939,42064545,A
C0085939,202506,QUANTO NETWORK IP - PRUDENCIAL,180001,N4,I,2,,IP Emissor Pré-Pago,SP,São Paulo,,,C0085939,42064545,A
01722480,202506,QUERO-QUERO VERDECARD INSTITUIÇÃO DE PAGAMENTO S.A.,202103,N4,I,2,Instituição de Pagamento,IP Emissor Pós-Pago,RS,Cachoeirinha,,,C0085678,01722480,A
C0085678,202506,QUERO-QUERO VERDECARD IP - PRUDENCIAL,180001,N4,I,2,,IP Emissor Pós-Pago,RS,Cachoeirinha,,,C0085678,01722480,A
09048716,202506,RAPPIPAY INSTITUIÇÃO DE PAGAMENTO LTDA.,180001,N4,I,2,Instituição de Pagamento,,SP,São Paulo,,,,,I
37934459,202506,RAS SERVICOS DIGITAIS LTDA.,180001,N4,I,2,Instituição de Pagamento não sujeita a autorização pelo BCB,,SP,São Paulo,,,,,I
23757411,202506,RCCL INSTITUIÇÃO DE PAGAMENTO S.A.,202204,N4,I,2,Instituição de Pagamento,,MG,Uberlândia,,,,,I
36272465,202506,REAG IP S.A. - INSTITUIÇÃO DE PAGAMENTO,202208,N4,I,2,Instituição de Pagamento,,SP,São Paulo,S4,,C0085111,34829992,A
11275560,202506,RECARGAPAY INSTITUICAO DE PAGAMENTO LTDA.,202202,N4,I,3,Instituição de Pagamento,,SP,São Paulo,S4,,C0085898,11275560,A
01425787,202506,REDECARD INSTITUIÇÃO DE PAGAMENTO S.A.,201703,N4,I,2,Instituição de Pagamento,,SP,São Paulo,S1,,C0080099,60872504,A
13776742,202506,RENDIMENTOPAY INSTITUIÇÃO DE PAGAMENTO S.A.,201909,N4,I,2,Instituição de Pagamento,,SP,São Paulo,S4,,C0080659,68900810,A
40473435,202506,REPASSES FINANCEIROS E SOLUCOES TECNOLOGICAS INSTITUICAO DE PAGAMENTO S.A.,202310,N4,I,2,Instituição de Pagamento,,SP,Osasco,S1,,C0080075,60746948,A
65697260,202506,REPOM INSTITUIÇÃO DE PAGAMENTO HUSA S.A.,201905,N4,I,3,Instituição de Pagamento,,SP,Barueri,,,C0084916,59158642,A
09143148,202506,RESONET S.A.,180001,N4,I,2,,,SP,São Paulo,S1,,C0080099,60872504,A
12815827,202506,ROADCARD INSTITUICAO DE PAGAMENTO INTEGRADO DA LOGISTICA S.A.,202408,N4,I,2,Instituição de Pagamento,,SP,Barueri,,,C0087906,12815827,A
C0087906,202506,ROADCARD IP - PRUDENCIAL,180001,N4,I,2,,,SP,Barueri,,,C0087906,12815827,A
31711972,202506,S3 BANK INSTITUIÇÃO DE PAGAMENTO S.A.,180001,N4,I,2,Instituição de Pagamento,,SP,São Paulo,,,,,I
12102128,202506,SAFETYPAY BRASIL INSTITUICAO DE PAGAMENTO LTDA,202501,N4,I,2,Instituição de Pagamento,,SP,Barueri,,,C0088235,12102128,A
C0088235,202506,SAFETYPAY BRASIL IP - PRUDENCIAL,180001,N4,I,2,,,SP,Barueri,,,C0088235,12102128,A
32270608,202506,SAFRAPAY INSTITUICAO DE PAGAMENTO LTDA.,180001,N4,I,2,Instituição de Pagamento não sujeita a autorização pelo BCB,,SP,São Paulo,S2,,C0080109,58160789,A
35535240,202506,SAQ INSTITUICAO DE PAGAMENTO LTDA,180001,N4,I,2,Instituição de Pagamento não sujeita a autorização pelo BCB,,SP,São Paulo,,,,,I
09556581,202506,SBENX PAGAMENTOS LTDA,180001,N4,I,2,Instituição de Pagamento não sujeita a autorização pelo BCB,,SC,Balneário Camboriú,,,,,I
04088208,202506,SEM PARAR INSTITUICAO DE PAGAMENTO LTDA,202502,N4,I,3,Instituição de Pagamento,,SP,São Paulo,S5,,C0086158,04088208,A
03877288,202506,SENFFNET INSTITUIÇÃO DE PAGAMENTO LTDA.,202202,N4,I,2,Instituição de Pagamento,,PR,Curitiba,S4,,C0083670,03877288,A
36059974,202506,SEQUOIAPAY INSTITUICAO DE PAGAMENTO S.A.,180001,N4,I,2,Instituição de Pagamento não sujeita a autorização pelo BCB,,,,,,,,I
10773370,202506,SERVELOJA TECNOLOGIA E SOLUCOES LTDA,180001,N4,I,2,Instituição de Pagamento não sujeita a autorização pelo BCB,,SE,Aracaju,,,,,I
29759316,202506,SERVNET INSTITUIÇÃO DE PAGAMENTO LTDA.,202212,N4,I,2,Instituição de Pagamento,,MG,Uberlândia,,,C0086701,29759316,A
C0086701,202506,SERVNET IP - PRUDENCIAL,180001,N4,I,2,,IP Credenciadora,MG,Uberlândia,,,C0086701,29759316,A
38372267,202506,SHPP BRASIL INSTITUIÇÃO DE PAGAMENTO E SERVIÇOS DE PAGAMENTOS LTDA.,202205,N4,I,3,Instituição de Pagamento,,SP,São Paulo,S4,,C0086275,38372267,A
33982918,202506,SIMPAY INSTITUICAO DE PAGAMENTO LTDA,180001,N4,I,2,Instituição de Pagamento não sujeita a autorização pelo BCB,,RS,Santo Antônio da Patrulha,,,,,I
12651789,202506,SISPAY INSTITUIÇÃO DE PAGAMENTO LTDA.,202403,N4,I,2,Instituição de Pagamento,,SP,São Paulo,,,C0087528,12651789,A
C0087528,202506,SISPAY IP - PRUDENCIAL,180001,N4,I,2,,IP Emissor Pré-Pago,SP,São Paulo,,,C0087528,12651789,A
13207930,202506,SLED S/A,180001,N4,I,3,Instituição de Pagamento não sujeita a autorização pelo BCB,,SP,São Paulo,S4,,C0086457,04962772,A
37470405,202506,SMART SOLUTIONS GROUP INSTITUICAO DE PAGAMENTO LTDA,202312,N4,I,2,Instituição de Pagamento,,SP,São Paulo,,,C0087425,37470405,A
C0087425,202506,SMART SOLUTIONS GROUP IP - PRUDENCIAL,180001,N4,I,2,,IP Emissor Pré-Pago,SP,São Paulo,,,C0087425,37470405,A
37292981,202506,SOFFY SOLUCOES DE PAGAMENTOS LTDA,180001,N4,I,2,Instituição de Pagamento não sujeita a autorização pelo BCB,,SP,Atibaia,,,,,I
22575466,202506,SRM BANK INSTITUIÇÃO DE PAGAMENTO S/A,202112,N4,I,2,Instituição de Pagamento,,SP,São Paulo,S4,,C0086024,22575466,A
20018183,202506,STARK BANK S.A. - INSTITUICAO DE PAGAMENTO,202407,N4,I,2,Instituição de Pagamento,,SP,São Paulo,S5,,C0085513,39908427,A
14625224,202506,STELO S.A.,180001,N4,I,2,Instituição de Pagamento não sujeita a autorização pelo BCB,,SP,Barueri,,,C0084710,01027058,A
34786340,202506,STONE CARTOES INSTITUICAO DE PAGAMENTO S.A.,180001,N4,I,3,Instituição de Pagamento não sujeita a autorização pelo BCB,,SP,São Paulo,S4,,C0084686,16501555,A
16501555,202506,STONE INSTITUIÇÃO DE PAGAMENTO S.A.,201707,N4,I,3,Instituição de Pagamento,IP Credenciadora,SP,São Paulo,S4,,C0084686,16501555,A
C0085362,202506,STRADA PAY IP - PRUDENCIAL,180001,N4,I,3,,IP Emissor Pré-Pago,SP,São Paulo,,,C0085362,10314753,A
C0086251,202506,STRIPE BRASIL IP PRUDENCIAL,180001,N4,I,3,,IP Credenciadora,SP,São Paulo,,,C0086251,22121209,A
22121209,202506,STRIPE BRASIL SOLUCOES DE PAGAMENTO INSTITUICAO DE PAGAMENTO LTDA,202205,N4,I,3,Instituição de Pagamento,,SP,São Paulo,,,C0086251,22121209,A
16668076,202506,SUMUP INSTITUICAO DE PAGAMENTO BRASIL LTDA,202208,N4,I,3,Instituição de Pagamento,,SP,São Paulo,S4,,C0085238,16668076,A
28595756,202506,SUN SOLUCOES DE PAGAMENTOS S.A.,180001,N4,I,2,Instituição de Pagamento não sujeita a autorização pelo BCB,,SP,São Paulo,,,,,I
35084163,202506,SUPERBID PAY INSTITUICAO DE PAGAMENTO LTDA,202211,N4,I,2,Instituição de Pagamento,,SP,São Paulo,,,C0086749,35084163,A
C0086749,202506,SUPERBID PAY IP - PRUDENCIAL,180001,N4,I,2,,IP Emissor Pré-Pago,SP,São Paulo,,,C0086749,35084163,A
09554480,202506,SUPERDIGITAL PARTICIPAÇÕES S.A.,180001,N4,I,2,,,SP,São Paulo,,,,,I
31680151,202506,SWAP INSTITUIÇÃO DE PAGAMENTO S.A.,202212,N4,I,3,Instituição de Pagamento,,SP,São Paulo,,,C0086732,31680151,A
C0086732,202506,SWAP IP - PRUDENCIAL,180001,N4,I,3,,IP Emissor Pós-Pago,SP,São Paulo,,,C0086732,31680151,A
37374538,202506,SWILE INSTITUICAO DE PAGAMENTO LTDA,180001,N4,I,3,Instituição de Pagamento,,SP,São Paulo,,,C0088163,37374538,I
C0088163,202506,SWILE IP - PRUDENCIAL,180001,N4,I,3,,,SP,São Paulo,,,C0088163,37374538,I
55374436,202506,SWILE PAYMENT S.A.S.,180001,N4,I,2,Instituição de Pagamento não sujeita a autorização pelo BCB,,,MONTPELLIER,,,,,I
37349815,202506,T10 TECNOLOGIA EM MEIOS DE PAGAMENTOS LTDA,180001,N4,I,2,Instituição de Pagamento não sujeita a autorização pelo BCB,,SP,Campinas,,,,,I
14821124,202506,TARGET INSTITUICAO DE PAGAMENTO E SECURITIZADORA DE CREDITOS S.A,180001,N4,I,2,Instituição de Pagamento não sujeita a autorização pelo BCB,,RJ,Rio de Janeiro,,,,,I
46004634,202506,TBANKS INSTITUICAO DE PAGAMENTO SA,180001,N4,I,2,Instituição de Pagamento,,SP,São Paulo,,,C0088194,46004634,I
C0088194,202506,TBANKS IP - PRUDENCIAL,180001,N4,I,2,,,SP,São Paulo,,,C0088194,46004634,I
27084098,202506,TRANSFEERA INSTITUIÇÃO DE PAGAMENTO S.A,202311,N4,I,3,Instituição de Pagamento,,PR,Curitiba,,,C0087353,27084098,A
C0087353,202506,TRANSFEERA IP - PRUDENCIAL,180001,N4,I,3,,IP Emissor Pré-Pago,PR,Curitiba,,,C0087353,27084098,A
47133056,202506,TRANSFERO INSTITUICAO DE PAGAMENTO LTDA.,202308,N4,I,2,Instituição de Pagamento,,RJ,Rio de Janeiro,,,C0087236,47133056,A
C0087236,202506,TRANSFERO IP - PRUDENCIAL,180001,N4,I,2,,IP Emissor Pré-Pago,RJ,Rio de Janeiro,,,C0087236,47133056,A
37753531,202506,TRANSFERSMILE INSTITUICAO DE PAGAMENTO LTDA,202504,N4,I,3,Instituição de Pagamento,,SP,São Paulo,,,C0088345,37753531,A
05045717,202506,TRICARD SERVICOS DE INTERMEDIACAO DE CARTOES DE CREDITO LTDA,180001,N4,I,2,,,,,,,,,I
49931906,202506,TRIO INSTITUICAO DE PAGAMENTO LTDA.,202312,N4,I,2,Instituição de Pagamento,,PR,Curitiba,,,C0087432,49931906,A
C0087432,202506,TRIO IP - PRUDENCIAL,180001,N4,I,2,,,PR,Curitiba,,,C0087432,49931906,A
27991450,202506,TRIPAG MEIOS DE PAGAMENTO LTDA,180001,N4,I,2,Instituição de Pagamento não sujeita a autorização pelo BCB,,MG,Uberlândia,S4,,C0081438,17351180,A
00604122,202506,TRIVALE INSTITUICAO DE PAGAMENTO LTDA,180001,N4,I,2,Instituição de Pagamento não sujeita a autorização pelo BCB,,MG,Uberlândia,,,,,I
26615279,202506,TYCOON TECHNOLOGY INSTITUICAO DE PAGAMENTO S.A,202310,N4,I,2,Instituição de Pagamento,,PR,Curitiba,,,C0087274,26615279,A
C0087274,202506,TYCOON TECHNOLOGY IP - PRUDENCIAL,180001,N4,I,2,,IP Credenciadora,PR,Curitiba,,,C0087274,26615279,A
35542555,202506,UNLIMIT BRASIL INSTITUICAO DE PAGAMENTO LTDA,180001,N4,I,2,Instituição de Pagamento não sujeita a autorização pelo BCB,,SP,São Paulo,,,,,I
40153803,202506,USEDIGI MEIOS DE PAGAMENTO LTDA,180001,N4,I,2,Instituição de Pagamento não sujeita a autorização pelo BCB,,SP,São Paulo,,,,,I
32192325,202506,UZZIPAY INSTITUIÇÃO DE PAGAMENTO S.A.,202212,N4,I,2,Instituição de Pagamento,,RO,Porto Velho,,,C0086763,32192325,A
C0086763,202506,UZZIPAY IP - PRUDENCIAL,180001,N4,I,2,,IP Emissor Pré-Pago,RO,Porto Velho,,,C0086763,32192325,A
09055793,202506,V3 INSTITUIÇÃO DE PAGAMENTO S.A.,180001,N4,I,2,Instituição de Pagamento,,CE,Fortaleza,,,,,I
28220872,202506,VALEPAY BRASIL LTDA,180001,N4,I,2,Instituição de Pagamento não sujeita a autorização pelo BCB,,,,,,,,I
23273917,202506,VALLOO S.A. INSTITUICAO DE PAGAMENTO,180001,N4,I,2,Instituição de Pagamento não sujeita a autorização pelo BCB,,,,,,,,I
37866215,202506,VENIT PAGAMENTOS LTDA,180001,N4,I,2,Instituição de Pagamento não sujeita a autorização pelo BCB,,SP,São Paulo,,,,,I
33423888,202506,VILLELA INSTITUICAO DE PAGAMENTO S/A.,180001,N4,I,2,Instituição de Pagamento,,SP,São Paulo,,,,,I
03817702,202506,VOLUS INSTITUICAO DE PAGAMENTO LTDA,180001,N4,I,2,Instituição de Pagamento não sujeita a autorização pelo BCB,,GO,Rio Verde,,,,,I
30385259,202506,VOLUTI GESTAO FINANCEIRA - LTDA,180001,N4,I,2,Instituição de Pagamento não sujeita a autorização pelo BCB,,PR,Pato Branco,,,,,I
56106523,202506,VUE INSTITUIÇÃO DE PAGAMENTO S.A.,180001,N4,I,2,Instituição de Pagamento,,MG,Mathias Lobato,,,C0088297,56106523,I
C0088297,202506,VUE IP - PRUDENCIAL,180001,N4,I,2,,,MG,Mathias Lobato,,,C0088297,56106523,I
49686505,202506,WASU - WALLET SUPPORT INSTITUIÇÃO DE PAGAMENTO LTDA,180001,N4,I,2,Instituição de Pagamento,,SC,Balneário Camboriú,,,C0088280,49686505,I
C0088280,202506,WASU IP - PRUDENCIAL,180001,N4,I,2,,,SC,Balneário Camboriú,,,C0088280,49686505,I
32708748,202506,WE PAY OUT INSTITUICAO DE PAGAMENTO LTDA.,202303,N4,I,2,Instituição de Pagamento,,PR,Curitiba,,,C0086907,32708748,A
C0086907,202506,WE PAY OUT IP - PRUDENCIAL,180001,N4,I,2,,IP Emissor Pré-Pago,PR,Curitiba,,,C0086907,32708748,A
08718431,202506,WIRECARD BRAZIL INSTITUIÇÃO DE PAGAMENTO S.A.,201901,N4,I,2,Instituição de Pagamento,,SP,São Paulo,S4,,C0084813,08561701,A
40571694,202506,WISE BRASIL INSTITUICAO DE PAGAMENTO LTDA,202409,N4,I,3,Instituição de Pagamento,,SP,São Paulo,S4,,C0085647,36588217,A
54811417,202506,WOOVI INSTITUICAO DE PAGAMENTO LTDA,202505,N4,I,2,Instituição de Pagamento,,SP,São Paulo,,,C0088118,54811417,A
C0088118,202506,WOOVI IP - PRUDENCIAL,180001,N4,I,2,,,SP,São Paulo,,,C0088118,54811417,A
29408213,202506,WORK 8  INSTITUICAO DE PAGAMENTO LTDA,180001,N4,I,2,Instituição de Pagamento não sujeita a autorização pelo BCB,,SP,São Paulo,,,,,I
00991143,202506,WORLDPAY DO BRASIL INSTITUICAO DE PAGAMENTO LTDA,202202,N4,I,3,Instituição de Pagamento,,SP,São Paulo,,,C0086110,00991143,A
C0086110,202506,WORLDPAY DO BRASIL IP - PRUDENCIAL,180001,N4,I,3,,IP Credenciadora,SP,São Paulo,,,C0086110,00991143,A
28806775,202506,WP INSTITUICAO DE PAGAMENTO LTDA,180001,N4,I,2,Instituição de Pagamento não sujeita a autorização pelo BCB,,SP,Barueri,,,,,I
57824223,202506,WX INSTITUICAO DE PAGAMENTO LTDA,180001,N4,I,2,Instituição de Pagamento,,SP,São Bernardo do Campo,,,C0088503,57824223,I
C0088503,202506,WX IP - PRUDENCIAL,180001,N4,I,2,,,SP,São Bernardo do Campo,,,C0088503,57824223,I
07322044,202506,XISNET GESTAO DE PAGAMENTOS LTDA,180001,N4,I,2,Instituição de Pagamento não sujeita a autorização pelo BCB,,DF,Brasília,,,,,I
14338304,202506,YAPAY PAGAMENTOS ONLINE LTDA,180001,N4,I,2,Instituição de Pagamento,,SP,Marília,,,,,I
37911077,202506,YAW INSTITUICAO DE PAGAMENTO S.A.,180001,N4,I,2,Instituição de Pagamento,,SP,Barueri,,,,,I
C0087102,202506,Z1 INSTITUIÇÃO DE PAGAMENTO - PRUDENCIAL,180001,N4,I,3,,IP Emissor Pré-Pago,SP,São Paulo,,,C0087102,35810871,A
35810871,202506,Z1 INSTITUIÇÃO DE PAGAMENTO LTDA.,202307,N4,I,3,Instituição de Pagamento,,SP,São Paulo,,,C0087102,35810871,A
26264220,202506,ZERO INSTITUIÇÃO DE PAGAMENTO S.A.,202407,N4,I,2,Instituição de Pagamento,,PE,Recife,,,C0087896,26264220,A
C0087896,202506,ZERO IP - PRUDENCIAL,180001,N4,I,2,,IP Emissor Pré-Pago,PE,Recife,,,C0087896,26264220,A
26356125,202506,ZIG TECNOLOGIA S.A.,180001,N4,I,2,Instituição de Pagamento não sujeita a autorização pelo BCB,,SP,São Paulo,,,,,I
44704839,202506,ZIMPLER BRASIL INSTITUICAO DE PAGAMENTO LTDA.,180001,N4,I,3,Instituição de Pagamento,,SP,São Paulo,,,C0088493,44704839,I
C0088493,202506,ZIMPLER BRASIL IP - PRUDENCIAL,180001,N4,I,3,,,SP,São Paulo,,,C0088493,44704839,I
47911860,202506,ZIX PAY SOLUCOES FINANCEIRAS LTDA,180001,N4,I,2,Instituição de Pagamento não sujeita a autorização pelo BCB,,MG,Belo Horizonte,,,,,I
19468242,202506,ZOOP TECNOLOGIA & INSTITUICAO DE PAGAMENTO S.A.,202310,N4,I,2,Instituição de Pagamento,,SP,Osasco,S5,,C0087346,19468242,A
